date,hour,day_of_week,month,zone,total_slots,occupied,available,occupancy_pct,is_weekend,is_semester
2025-01-01,6,2,1,A,15,6,9,44.2,0,1
2025-01-01,6,2,1,B,15,5,10,33.9,0,1
2025-01-01,6,2,1,C,15,5,10,36.7,0,1
2025-01-01,6,2,1,D,15,6,9,40.2,0,1
2025-01-01,7,2,1,A,15,5,10,38.4,0,1
2025-01-01,7,2,1,B,15,4,11,33.1,0,1
2025-01-01,7,2,1,C,15,6,9,44.1,0,1
2025-01-01,7,2,1,D,15,5,10,34.1,0,1
2025-01-01,8,2,1,A,15,14,1,94.0,0,1
2025-01-01,8,2,1,B,15,13,2,89.3,0,1
2025-01-01,8,2,1,C,15,10,5,72.8,0,1
2025-01-01,8,2,1,D,15,9,6,64.3,0,1
2025-01-01,9,2,1,A,15,14,1,98.0,0,1
2025-01-01,9,2,1,B,15,10,5,69.7,0,1
2025-01-01,9,2,1,C,15,9,6,62.7,0,1
2025-01-01,9,2,1,D,15,9,6,63.5,0,1
2025-01-01,10,2,1,A,15,13,2,89.6,0,1
2025-01-01,10,2,1,B,15,13,2,87.5,0,1
2025-01-01,10,2,1,C,15,10,5,69.2,0,1
2025-01-01,10,2,1,D,15,8,7,56.7,0,1
2025-01-01,11,2,1,A,15,14,1,98.0,0,1
2025-01-01,11,2,1,B,15,10,5,73.2,0,1
2025-01-01,11,2,1,C,15,10,5,68.0,0,1
2025-01-01,11,2,1,D,15,7,8,48.6,0,1
2025-01-01,12,2,1,A,15,12,3,81.9,0,1
2025-01-01,12,2,1,B,15,11,4,75.9,0,1
2025-01-01,12,2,1,C,15,8,7,58.3,0,1
2025-01-01,12,2,1,D,15,9,6,63.0,0,1
2025-01-01,13,2,1,A,15,12,3,81.4,0,1
2025-01-01,13,2,1,B,15,10,5,72.7,0,1
2025-01-01,13,2,1,C,15,9,6,62.7,0,1
2025-01-01,13,2,1,D,15,11,4,74.8,0,1
2025-01-01,14,2,1,A,15,12,3,80.4,0,1
2025-01-01,14,2,1,B,15,9,6,61.5,0,1
2025-01-01,14,2,1,C,15,10,5,69.6,0,1
2025-01-01,14,2,1,D,15,6,9,46.2,0,1
2025-01-01,15,2,1,A,15,12,3,82.2,0,1
2025-01-01,15,2,1,B,15,8,7,54.3,0,1
2025-01-01,15,2,1,C,15,7,8,52.4,0,1
2025-01-01,15,2,1,D,15,8,7,57.6,0,1
2025-01-01,16,2,1,A,15,12,3,86.4,0,1
2025-01-01,16,2,1,B,15,10,5,71.4,0,1
2025-01-01,16,2,1,C,15,9,6,62.1,0,1
2025-01-01,16,2,1,D,15,8,7,53.6,0,1
2025-01-01,17,2,1,A,15,8,7,57.2,0,1
2025-01-01,17,2,1,B,15,8,7,54.2,0,1
2025-01-01,17,2,1,C,15,7,8,50.3,0,1
2025-01-01,17,2,1,D,15,8,7,56.5,0,1
2025-01-01,18,2,1,A,15,10,5,71.7,0,1
2025-01-01,18,2,1,B,15,6,9,45.9,0,1
2025-01-01,18,2,1,C,15,8,7,56.6,0,1
2025-01-01,18,2,1,D,15,6,9,44.9,0,1
2025-01-01,19,2,1,A,15,9,6,63.6,0,1
2025-01-01,19,2,1,B,15,9,6,64.9,0,1
2025-01-01,19,2,1,C,15,9,6,62.2,0,1
2025-01-01,19,2,1,D,15,8,7,55.5,0,1
2025-01-01,20,2,1,A,15,3,12,22.0,0,1
2025-01-01,20,2,1,B,15,3,12,22.5,0,1
2025-01-01,20,2,1,C,15,3,12,25.2,0,1
2025-01-01,20,2,1,D,15,4,11,27.8,0,1
2025-01-01,21,2,1,A,15,3,12,24.9,0,1
2025-01-01,21,2,1,B,15,3,12,23.5,0,1
2025-01-01,21,2,1,C,15,2,13,13.6,0,1
2025-01-01,21,2,1,D,15,1,14,10.4,0,1
2025-01-02,6,3,1,A,15,7,8,46.8,0,1
2025-01-02,6,3,1,B,15,6,9,45.8,0,1
2025-01-02,6,3,1,C,15,4,11,30.9,0,1
2025-01-02,6,3,1,D,15,5,10,36.0,0,1
2025-01-02,7,3,1,A,15,6,9,43.1,0,1
2025-01-02,7,3,1,B,15,4,11,29.8,0,1
2025-01-02,7,3,1,C,15,5,10,34.4,0,1
2025-01-02,7,3,1,D,15,6,9,40.3,0,1
2025-01-02,8,3,1,A,15,14,1,97.5,0,1
2025-01-02,8,3,1,B,15,14,1,97.5,0,1
2025-01-02,8,3,1,C,15,8,7,55.5,0,1
2025-01-02,8,3,1,D,15,11,4,74.6,0,1
2025-01-02,9,3,1,A,15,14,1,98.0,0,1
2025-01-02,9,3,1,B,15,12,3,82.6,0,1
2025-01-02,9,3,1,C,15,11,4,77.2,0,1
2025-01-02,9,3,1,D,15,7,8,52.1,0,1
2025-01-02,10,3,1,A,15,14,1,96.0,0,1
2025-01-02,10,3,1,B,15,13,2,87.9,0,1
2025-01-02,10,3,1,C,15,13,2,88.3,0,1
2025-01-02,10,3,1,D,15,9,6,63.9,0,1
2025-01-02,11,3,1,A,15,11,4,79.8,0,1
2025-01-02,11,3,1,B,15,10,5,71.0,0,1
2025-01-02,11,3,1,C,15,11,4,74.8,0,1
2025-01-02,11,3,1,D,15,9,6,62.6,0,1
2025-01-02,12,3,1,A,15,12,3,82.0,0,1
2025-01-02,12,3,1,B,15,11,4,79.1,0,1
2025-01-02,12,3,1,C,15,10,5,68.3,0,1
2025-01-02,12,3,1,D,15,10,5,67.7,0,1
2025-01-02,13,3,1,A,15,12,3,80.6,0,1
2025-01-02,13,3,1,B,15,10,5,72.4,0,1
2025-01-02,13,3,1,C,15,9,6,64.4,0,1
2025-01-02,13,3,1,D,15,7,8,48.3,0,1
2025-01-02,14,3,1,A,15,12,3,82.9,0,1
2025-01-02,14,3,1,B,15,10,5,72.1,0,1
2025-01-02,14,3,1,C,15,9,6,63.0,0,1
2025-01-02,14,3,1,D,15,8,7,54.1,0,1
2025-01-02,15,3,1,A,15,10,5,69.2,0,1
2025-01-02,15,3,1,B,15,9,6,66.6,0,1
2025-01-02,15,3,1,C,15,9,6,60.3,0,1
2025-01-02,15,3,1,D,15,7,8,49.6,0,1
2025-01-02,16,3,1,A,15,11,4,79.2,0,1
2025-01-02,16,3,1,B,15,10,5,73.2,0,1
2025-01-02,16,3,1,C,15,11,4,78.1,0,1
2025-01-02,16,3,1,D,15,8,7,57.4,0,1
2025-01-02,17,3,1,A,15,10,5,71.1,0,1
2025-01-02,17,3,1,B,15,8,7,59.4,0,1
2025-01-02,17,3,1,C,15,5,10,38.6,0,1
2025-01-02,17,3,1,D,15,7,8,47.8,0,1
2025-01-02,18,3,1,A,15,10,5,69.5,0,1
2025-01-02,18,3,1,B,15,11,4,79.7,0,1
2025-01-02,18,3,1,C,15,7,8,52.5,0,1
2025-01-02,18,3,1,D,15,7,8,50.4,0,1
2025-01-02,19,3,1,A,15,10,5,68.7,0,1
2025-01-02,19,3,1,B,15,7,8,50.7,0,1
2025-01-02,19,3,1,C,15,9,6,63.1,0,1
2025-01-02,19,3,1,D,15,8,7,54.0,0,1
2025-01-02,20,3,1,A,15,5,10,35.1,0,1
2025-01-02,20,3,1,B,15,2,13,17.7,0,1
2025-01-02,20,3,1,C,15,5,10,33.7,0,1
2025-01-02,20,3,1,D,15,1,14,8.8,0,1
2025-01-02,21,3,1,A,15,5,10,33.4,0,1
2025-01-02,21,3,1,B,15,6,9,42.5,0,1
2025-01-02,21,3,1,C,15,2,13,14.6,0,1
2025-01-02,21,3,1,D,15,2,13,15.5,0,1
2025-01-03,6,4,1,A,15,6,9,41.0,0,1
2025-01-03,6,4,1,B,15,4,11,31.0,0,1
2025-01-03,6,4,1,C,15,2,13,19.1,0,1
2025-01-03,6,4,1,D,15,4,11,28.5,0,1
2025-01-03,7,4,1,A,15,4,11,31.8,0,1
2025-01-03,7,4,1,B,15,5,10,38.8,0,1
2025-01-03,7,4,1,C,15,3,12,24.1,0,1
2025-01-03,7,4,1,D,15,6,9,40.4,0,1
2025-01-03,8,4,1,A,15,13,2,91.5,0,1
2025-01-03,8,4,1,B,15,12,3,82.4,0,1
2025-01-03,8,4,1,C,15,12,3,83.0,0,1
2025-01-03,8,4,1,D,15,8,7,58.2,0,1
2025-01-03,9,4,1,A,15,14,1,98.0,0,1
2025-01-03,9,4,1,B,15,14,1,95.5,0,1
2025-01-03,9,4,1,C,15,9,6,63.6,0,1
2025-01-03,9,4,1,D,15,10,5,69.5,0,1
2025-01-03,10,4,1,A,15,14,1,98.0,0,1
2025-01-03,10,4,1,B,15,13,2,91.3,0,1
2025-01-03,10,4,1,C,15,9,6,66.6,0,1
2025-01-03,10,4,1,D,15,8,7,57.4,0,1
2025-01-03,11,4,1,A,15,13,2,90.4,0,1
2025-01-03,11,4,1,B,15,11,4,77.4,0,1
2025-01-03,11,4,1,C,15,10,5,69.5,0,1
2025-01-03,11,4,1,D,15,9,6,62.8,0,1
2025-01-03,12,4,1,A,15,12,3,80.8,0,1
2025-01-03,12,4,1,B,15,11,4,76.9,0,1
2025-01-03,12,4,1,C,15,10,5,69.8,0,1
2025-01-03,12,4,1,D,15,8,7,54.3,0,1
2025-01-03,13,4,1,A,15,14,1,98.0,0,1
2025-01-03,13,4,1,B,15,11,4,78.8,0,1
2025-01-03,13,4,1,C,15,8,7,58.0,0,1
2025-01-03,13,4,1,D,15,9,6,65.3,0,1
2025-01-03,14,4,1,A,15,10,5,72.7,0,1
2025-01-03,14,4,1,B,15,11,4,76.3,0,1
2025-01-03,14,4,1,C,15,10,5,72.3,0,1
2025-01-03,14,4,1,D,15,7,8,49.4,0,1
2025-01-03,15,4,1,A,15,13,2,88.2,0,1
2025-01-03,15,4,1,B,15,10,5,73.3,0,1
2025-01-03,15,4,1,C,15,10,5,69.6,0,1
2025-01-03,15,4,1,D,15,10,5,71.2,0,1
2025-01-03,16,4,1,A,15,11,4,78.5,0,1
2025-01-03,16,4,1,B,15,9,6,64.0,0,1
2025-01-03,16,4,1,C,15,8,7,55.9,0,1
2025-01-03,16,4,1,D,15,7,8,49.5,0,1
2025-01-03,17,4,1,A,15,10,5,68.4,0,1
2025-01-03,17,4,1,B,15,9,6,62.7,0,1
2025-01-03,17,4,1,C,15,8,7,56.2,0,1
2025-01-03,17,4,1,D,15,8,7,54.6,0,1
2025-01-03,18,4,1,A,15,10,5,69.1,0,1
2025-01-03,18,4,1,B,15,10,5,71.6,0,1
2025-01-03,18,4,1,C,15,7,8,51.9,0,1
2025-01-03,18,4,1,D,15,10,5,69.8,0,1
2025-01-03,19,4,1,A,15,11,4,74.0,0,1
2025-01-03,19,4,1,B,15,7,8,53.1,0,1
2025-01-03,19,4,1,C,15,6,9,45.4,0,1
2025-01-03,19,4,1,D,15,7,8,51.9,0,1
2025-01-03,20,4,1,A,15,4,11,27.0,0,1
2025-01-03,20,4,1,B,15,4,11,30.7,0,1
2025-01-03,20,4,1,C,15,3,12,26.3,0,1
2025-01-03,20,4,1,D,15,2,13,19.4,0,1
2025-01-03,21,4,1,A,15,3,12,22.0,0,1
2025-01-03,21,4,1,B,15,1,14,12.9,0,1
2025-01-03,21,4,1,C,15,2,13,18.9,0,1
2025-01-03,21,4,1,D,15,4,11,26.9,0,1
2025-01-04,6,5,1,A,15,2,13,15.8,1,1
2025-01-04,6,5,1,B,15,0,15,5.0,1,1
2025-01-04,6,5,1,C,15,1,14,12.4,1,1
2025-01-04,6,5,1,D,15,1,14,12.9,1,1
2025-01-04,7,5,1,A,15,1,14,7.0,1,1
2025-01-04,7,5,1,B,15,2,13,13.5,1,1
2025-01-04,7,5,1,C,15,1,14,11.5,1,1
2025-01-04,7,5,1,D,15,0,15,5.0,1,1
2025-01-04,8,5,1,A,15,5,10,37.1,1,1
2025-01-04,8,5,1,B,15,5,10,34.2,1,1
2025-01-04,8,5,1,C,15,5,10,35.4,1,1
2025-01-04,8,5,1,D,15,4,11,32.2,1,1
2025-01-04,9,5,1,A,15,3,12,23.2,1,1
2025-01-04,9,5,1,B,15,3,12,22.2,1,1
2025-01-04,9,5,1,C,15,4,11,30.9,1,1
2025-01-04,9,5,1,D,15,4,11,27.9,1,1
2025-01-04,10,5,1,A,15,5,10,38.3,1,1
2025-01-04,10,5,1,B,15,9,6,60.6,1,1
2025-01-04,10,5,1,C,15,4,11,31.3,1,1
2025-01-04,10,5,1,D,15,4,11,32.9,1,1
2025-01-04,11,5,1,A,15,5,10,37.8,1,1
2025-01-04,11,5,1,B,15,4,11,31.5,1,1
2025-01-04,11,5,1,C,15,3,12,21.1,1,1
2025-01-04,11,5,1,D,15,4,11,27.1,1,1
2025-01-04,12,5,1,A,15,3,12,24.0,1,1
2025-01-04,12,5,1,B,15,3,12,24.4,1,1
2025-01-04,12,5,1,C,15,2,13,19.7,1,1
2025-01-04,12,5,1,D,15,3,12,21.7,1,1
2025-01-04,13,5,1,A,15,7,8,48.7,1,1
2025-01-04,13,5,1,B,15,1,14,11.3,1,1
2025-01-04,13,5,1,C,15,4,11,29.1,1,1
2025-01-04,13,5,1,D,15,1,14,8.1,1,1
2025-01-04,14,5,1,A,15,3,12,24.4,1,1
2025-01-04,14,5,1,B,15,4,11,33.2,1,1
2025-01-04,14,5,1,C,15,3,12,22.6,1,1
2025-01-04,14,5,1,D,15,1,14,11.0,1,1
2025-01-04,15,5,1,A,15,3,12,22.5,1,1
2025-01-04,15,5,1,B,15,4,11,29.9,1,1
2025-01-04,15,5,1,C,15,2,13,16.2,1,1
2025-01-04,15,5,1,D,15,3,12,21.3,1,1
2025-01-04,16,5,1,A,15,4,11,28.5,1,1
2025-01-04,16,5,1,B,15,2,13,19.3,1,1
2025-01-04,16,5,1,C,15,5,10,39.2,1,1
2025-01-04,16,5,1,D,15,3,12,24.7,1,1
2025-01-04,17,5,1,A,15,1,14,7.9,1,1
2025-01-04,17,5,1,B,15,3,12,22.5,1,1
2025-01-04,17,5,1,C,15,2,13,13.6,1,1
2025-01-04,17,5,1,D,15,3,12,23.6,1,1
2025-01-04,18,5,1,A,15,2,13,17.8,1,1
2025-01-04,18,5,1,B,15,3,12,20.1,1,1
2025-01-04,18,5,1,C,15,3,12,22.9,1,1
2025-01-04,18,5,1,D,15,3,12,23.7,1,1
2025-01-04,19,5,1,A,15,2,13,14.5,1,1
2025-01-04,19,5,1,B,15,2,13,18.3,1,1
2025-01-04,19,5,1,C,15,2,13,15.1,1,1
2025-01-04,19,5,1,D,15,1,14,11.6,1,1
2025-01-04,20,5,1,A,15,3,12,24.2,1,1
2025-01-04,20,5,1,B,15,1,14,12.0,1,1
2025-01-04,20,5,1,C,15,0,15,5.0,1,1
2025-01-04,20,5,1,D,15,2,13,14.3,1,1
2025-01-04,21,5,1,A,15,4,11,27.0,1,1
2025-01-04,21,5,1,B,15,2,13,17.0,1,1
2025-01-04,21,5,1,C,15,0,15,5.0,1,1
2025-01-04,21,5,1,D,15,0,15,5.0,1,1
2025-01-05,6,6,1,A,15,3,12,24.2,1,1
2025-01-05,6,6,1,B,15,0,15,6.6,1,1
2025-01-05,6,6,1,C,15,2,13,14.6,1,1
2025-01-05,6,6,1,D,15,2,13,16.0,1,1
2025-01-05,7,6,1,A,15,1,14,6.7,1,1
2025-01-05,7,6,1,B,15,1,14,11.8,1,1
2025-01-05,7,6,1,C,15,0,15,5.0,1,1
2025-01-05,7,6,1,D,15,0,15,5.0,1,1
2025-01-05,8,6,1,A,15,4,11,32.2,1,1
2025-01-05,8,6,1,B,15,2,13,19.8,1,1
2025-01-05,8,6,1,C,15,5,10,39.8,1,1
2025-01-05,8,6,1,D,15,1,14,12.4,1,1
2025-01-05,9,6,1,A,15,4,11,30.7,1,1
2025-01-05,9,6,1,B,15,4,11,30.8,1,1
2025-01-05,9,6,1,C,15,5,10,38.3,1,1
2025-01-05,9,6,1,D,15,1,14,12.3,1,1
2025-01-05,10,6,1,A,15,6,9,43.5,1,1
2025-01-05,10,6,1,B,15,4,11,29.8,1,1
2025-01-05,10,6,1,C,15,2,13,18.9,1,1
2025-01-05,10,6,1,D,15,4,11,27.5,1,1
2025-01-05,11,6,1,A,15,4,11,31.8,1,1
2025-01-05,11,6,1,B,15,3,12,21.4,1,1
2025-01-05,11,6,1,C,15,3,12,24.2,1,1
2025-01-05,11,6,1,D,15,2,13,17.9,1,1
2025-01-05,12,6,1,A,15,4,11,31.1,1,1
2025-01-05,12,6,1,B,15,4,11,31.5,1,1
2025-01-05,12,6,1,C,15,5,10,36.3,1,1
2025-01-05,12,6,1,D,15,1,14,11.1,1,1
2025-01-05,13,6,1,A,15,7,8,47.3,1,1
2025-01-05,13,6,1,B,15,1,14,10.6,1,1
2025-01-05,13,6,1,C,15,3,12,22.4,1,1
2025-01-05,13,6,1,D,15,3,12,25.7,1,1
2025-01-05,14,6,1,A,15,4,11,30.4,1,1
2025-01-05,14,6,1,B,15,2,13,19.5,1,1
2025-01-05,14,6,1,C,15,3,12,20.4,1,1
2025-01-05,14,6,1,D,15,2,13,15.7,1,1
2025-01-05,15,6,1,A,15,3,12,23.5,1,1
2025-01-05,15,6,1,B,15,4,11,31.3,1,1
2025-01-05,15,6,1,C,15,3,12,24.9,1,1
2025-01-05,15,6,1,D,15,2,13,14.1,1,1
2025-01-05,16,6,1,A,15,5,10,35.4,1,1
2025-01-05,16,6,1,B,15,4,11,27.0,1,1
2025-01-05,16,6,1,C,15,4,11,28.6,1,1
2025-01-05,16,6,1,D,15,3,12,24.6,1,1
2025-01-05,17,6,1,A,15,2,13,17.5,1,1
2025-01-05,17,6,1,B,15,2,13,16.5,1,1
2025-01-05,17,6,1,C,15,3,12,24.9,1,1
2025-01-05,17,6,1,D,15,3,12,21.7,1,1
2025-01-05,18,6,1,A,15,3,12,24.0,1,1
2025-01-05,18,6,1,B,15,3,12,21.9,1,1
2025-01-05,18,6,1,C,15,4,11,29.1,1,1
2025-01-05,18,6,1,D,15,1,14,12.1,1,1
2025-01-05,19,6,1,A,15,4,11,28.5,1,1
2025-01-05,19,6,1,B,15,2,13,19.4,1,1
2025-01-05,19,6,1,C,15,2,13,17.2,1,1
2025-01-05,19,6,1,D,15,3,12,25.6,1,1
2025-01-05,20,6,1,A,15,2,13,16.7,1,1
2025-01-05,20,6,1,B,15,2,13,15.3,1,1
2025-01-05,20,6,1,C,15,2,13,18.3,1,1
2025-01-05,20,6,1,D,15,1,14,7.2,1,1
2025-01-05,21,6,1,A,15,2,13,15.5,1,1
2025-01-05,21,6,1,B,15,0,15,6.3,1,1
2025-01-05,21,6,1,C,15,1,14,10.5,1,1
2025-01-05,21,6,1,D,15,0,15,6.0,1,1
2025-01-06,6,0,1,A,15,6,9,41.0,0,1
2025-01-06,6,0,1,B,15,5,10,39.8,0,1
2025-01-06,6,0,1,C,15,3,12,25.0,0,1
2025-01-06,6,0,1,D,15,6,9,44.7,0,1
2025-01-06,7,0,1,A,15,4,11,32.2,0,1
2025-01-06,7,0,1,B,15,3,12,25.3,0,1
2025-01-06,7,0,1,C,15,6,9,40.8,0,1
2025-01-06,7,0,1,D,15,5,10,34.3,0,1
2025-01-06,8,0,1,A,15,14,1,98.0,0,1
2025-01-06,8,0,1,B,15,13,2,90.0,0,1
2025-01-06,8,0,1,C,15,11,4,76.4,0,1
2025-01-06,8,0,1,D,15,9,6,60.8,0,1
2025-01-06,9,0,1,A,15,14,1,98.0,0,1
2025-01-06,9,0,1,B,15,11,4,79.6,0,1
2025-01-06,9,0,1,C,15,12,3,84.3,0,1
2025-01-06,9,0,1,D,15,10,5,66.8,0,1
2025-01-06,10,0,1,A,15,13,2,91.1,0,1
2025-01-06,10,0,1,B,15,12,3,82.4,0,1
2025-01-06,10,0,1,C,15,11,4,79.8,0,1
2025-01-06,10,0,1,D,15,9,6,63.5,0,1
2025-01-06,11,0,1,A,15,11,4,79.7,0,1
2025-01-06,11,0,1,B,15,11,4,76.9,0,1
2025-01-06,11,0,1,C,15,10,5,69.5,0,1
2025-01-06,11,0,1,D,15,8,7,55.9,0,1
2025-01-06,12,0,1,A,15,12,3,82.5,0,1
2025-01-06,12,0,1,B,15,11,4,76.9,0,1
2025-01-06,12,0,1,C,15,8,7,55.9,0,1
2025-01-06,12,0,1,D,15,7,8,48.7,0,1
2025-01-06,13,0,1,A,15,12,3,80.5,0,1
2025-01-06,13,0,1,B,15,10,5,73.3,0,1
2025-01-06,13,0,1,C,15,10,5,70.0,0,1
2025-01-06,13,0,1,D,15,10,5,71.8,0,1
2025-01-06,14,0,1,A,15,13,2,87.4,0,1
2025-01-06,14,0,1,B,15,10,5,68.7,0,1
2025-01-06,14,0,1,C,15,9,6,62.8,0,1
2025-01-06,14,0,1,D,15,7,8,48.0,0,1
2025-01-06,15,0,1,A,15,12,3,80.4,0,1
2025-01-06,15,0,1,B,15,10,5,67.7,0,1
2025-01-06,15,0,1,C,15,9,6,65.6,0,1
2025-01-06,15,0,1,D,15,7,8,49.4,0,1
2025-01-06,16,0,1,A,15,12,3,84.7,0,1
2025-01-06,16,0,1,B,15,12,3,82.3,0,1
2025-01-06,16,0,1,C,15,9,6,62.1,0,1
2025-01-06,16,0,1,D,15,8,7,59.2,0,1
2025-01-06,17,0,1,A,15,11,4,74.5,0,1
2025-01-06,17,0,1,B,15,8,7,56.8,0,1
2025-01-06,17,0,1,C,15,8,7,55.8,0,1
2025-01-06,17,0,1,D,15,7,8,48.1,0,1
2025-01-06,18,0,1,A,15,10,5,69.8,0,1
2025-01-06,18,0,1,B,15,8,7,53.8,0,1
2025-01-06,18,0,1,C,15,8,7,54.2,0,1
2025-01-06,18,0,1,D,15,7,8,52.0,0,1
2025-01-06,19,0,1,A,15,12,3,80.6,0,1
2025-01-06,19,0,1,B,15,10,5,67.7,0,1
2025-01-06,19,0,1,C,15,10,5,71.2,0,1
2025-01-06,19,0,1,D,15,6,9,41.9,0,1
2025-01-06,20,0,1,A,15,5,10,35.7,0,1
2025-01-06,20,0,1,B,15,3,12,26.5,0,1
2025-01-06,20,0,1,C,15,6,9,40.0,0,1
2025-01-06,20,0,1,D,15,2,13,13.5,0,1
2025-01-06,21,0,1,A,15,3,12,22.0,0,1
2025-01-06,21,0,1,B,15,3,12,20.2,0,1
2025-01-06,21,0,1,C,15,0,15,5.5,0,1
2025-01-06,21,0,1,D,15,2,13,15.8,0,1
2025-01-07,6,1,1,A,15,5,10,34.2,0,1
2025-01-07,6,1,1,B,15,5,10,36.2,0,1
2025-01-07,6,1,1,C,15,5,10,34.2,0,1
2025-01-07,6,1,1,D,15,6,9,43.0,0,1
2025-01-07,7,1,1,A,15,7,8,47.9,0,1
2025-01-07,7,1,1,B,15,4,11,30.4,0,1
2025-01-07,7,1,1,C,15,3,12,24.3,0,1
2025-01-07,7,1,1,D,15,4,11,31.9,0,1
2025-01-07,8,1,1,A,15,13,2,87.2,0,1
2025-01-07,8,1,1,B,15,14,1,98.0,0,1
2025-01-07,8,1,1,C,15,12,3,85.9,0,1
2025-01-07,8,1,1,D,15,9,6,64.2,0,1
2025-01-07,9,1,1,A,15,12,3,84.0,0,1
2025-01-07,9,1,1,B,15,14,1,95.8,0,1
2025-01-07,9,1,1,C,15,11,4,75.6,0,1
2025-01-07,9,1,1,D,15,11,4,77.9,0,1
2025-01-07,10,1,1,A,15,12,3,85.0,0,1
2025-01-07,10,1,1,B,15,12,3,80.2,0,1
2025-01-07,10,1,1,C,15,11,4,76.5,0,1
2025-01-07,10,1,1,D,15,10,5,68.4,0,1
2025-01-07,11,1,1,A,15,12,3,82.6,0,1
2025-01-07,11,1,1,B,15,11,4,80.0,0,1
2025-01-07,11,1,1,C,15,8,7,59.0,0,1
2025-01-07,11,1,1,D,15,8,7,58.9,0,1
2025-01-07,12,1,1,A,15,13,2,87.2,0,1
2025-01-07,12,1,1,B,15,11,4,79.1,0,1
2025-01-07,12,1,1,C,15,10,5,73.2,0,1
2025-01-07,12,1,1,D,15,7,8,51.0,0,1
2025-01-07,13,1,1,A,15,11,4,74.0,0,1
2025-01-07,13,1,1,B,15,12,3,85.2,0,1
2025-01-07,13,1,1,C,15,10,5,70.2,0,1
2025-01-07,13,1,1,D,15,8,7,54.0,0,1
2025-01-07,14,1,1,A,15,13,2,92.9,0,1
2025-01-07,14,1,1,B,15,10,5,70.9,0,1
2025-01-07,14,1,1,C,15,10,5,72.4,0,1
2025-01-07,14,1,1,D,15,8,7,56.5,0,1
2025-01-07,15,1,1,A,15,14,1,97.0,0,1
2025-01-07,15,1,1,B,15,12,3,84.0,0,1
2025-01-07,15,1,1,C,15,9,6,61.0,0,1
2025-01-07,15,1,1,D,15,9,6,63.8,0,1
2025-01-07,16,1,1,A,15,12,3,85.7,0,1
2025-01-07,16,1,1,B,15,12,3,80.9,0,1
2025-01-07,16,1,1,C,15,8,7,55.3,0,1
2025-01-07,16,1,1,D,15,9,6,61.5,0,1
2025-01-07,17,1,1,A,15,11,4,77.5,0,1
2025-01-07,17,1,1,B,15,6,9,45.9,0,1
2025-01-07,17,1,1,C,15,6,9,44.5,0,1
2025-01-07,17,1,1,D,15,4,11,31.7,0,1
2025-01-07,18,1,1,A,15,10,5,66.8,0,1
2025-01-07,18,1,1,B,15,9,6,65.7,0,1
2025-01-07,18,1,1,C,15,9,6,66.0,0,1
2025-01-07,18,1,1,D,15,7,8,48.6,0,1
2025-01-07,19,1,1,A,15,12,3,82.0,0,1
2025-01-07,19,1,1,B,15,7,8,49.0,0,1
2025-01-07,19,1,1,C,15,6,9,40.4,0,1
2025-01-07,19,1,1,D,15,7,8,47.6,0,1
2025-01-07,20,1,1,A,15,4,11,31.8,0,1
2025-01-07,20,1,1,B,15,3,12,24.7,0,1
2025-01-07,20,1,1,C,15,0,15,6.0,0,1
2025-01-07,20,1,1,D,15,2,13,19.3,0,1
2025-01-07,21,1,1,A,15,2,13,18.3,0,1
2025-01-07,21,1,1,B,15,4,11,30.4,0,1
2025-01-07,21,1,1,C,15,3,12,25.4,0,1
2025-01-07,21,1,1,D,15,1,14,12.5,0,1
2025-01-08,6,2,1,A,15,5,10,36.1,0,1
2025-01-08,6,2,1,B,15,3,12,26.5,0,1
2025-01-08,6,2,1,C,15,4,11,31.0,0,1
2025-01-08,6,2,1,D,15,5,10,35.6,0,1
2025-01-08,7,2,1,A,15,4,11,32.4,0,1
2025-01-08,7,2,1,B,15,5,10,39.0,0,1
2025-01-08,7,2,1,C,15,4,11,27.3,0,1
2025-01-08,7,2,1,D,15,3,12,21.7,0,1
2025-01-08,8,2,1,A,15,14,1,96.9,0,1
2025-01-08,8,2,1,B,15,11,4,76.7,0,1
2025-01-08,8,2,1,C,15,10,5,72.1,0,1
2025-01-08,8,2,1,D,15,8,7,58.4,0,1
2025-01-08,9,2,1,A,15,14,1,98.0,0,1
2025-01-08,9,2,1,B,15,12,3,85.3,0,1
2025-01-08,9,2,1,C,15,10,5,70.9,0,1
2025-01-08,9,2,1,D,15,10,5,69.7,0,1
2025-01-08,10,2,1,A,15,14,1,96.9,0,1
2025-01-08,10,2,1,B,15,12,3,83.2,0,1
2025-01-08,10,2,1,C,15,12,3,81.4,0,1
2025-01-08,10,2,1,D,15,11,4,74.1,0,1
2025-01-08,11,2,1,A,15,12,3,82.0,0,1
2025-01-08,11,2,1,B,15,10,5,70.4,0,1
2025-01-08,11,2,1,C,15,9,6,65.3,0,1
2025-01-08,11,2,1,D,15,6,9,41.6,0,1
2025-01-08,12,2,1,A,15,11,4,74.1,0,1
2025-01-08,12,2,1,B,15,12,3,85.9,0,1
2025-01-08,12,2,1,C,15,12,3,80.7,0,1
2025-01-08,12,2,1,D,15,8,7,58.0,0,1
2025-01-08,13,2,1,A,15,13,2,90.9,0,1
2025-01-08,13,2,1,B,15,11,4,77.5,0,1
2025-01-08,13,2,1,C,15,13,2,92.1,0,1
2025-01-08,13,2,1,D,15,10,5,69.0,0,1
2025-01-08,14,2,1,A,15,11,4,79.5,0,1
2025-01-08,14,2,1,B,15,9,6,62.4,0,1
2025-01-08,14,2,1,C,15,7,8,50.1,0,1
2025-01-08,14,2,1,D,15,8,7,57.6,0,1
2025-01-08,15,2,1,A,15,11,4,74.4,0,1
2025-01-08,15,2,1,B,15,8,7,58.6,0,1
2025-01-08,15,2,1,C,15,8,7,57.8,0,1
2025-01-08,15,2,1,D,15,7,8,47.3,0,1
2025-01-08,16,2,1,A,15,14,1,94.0,0,1
2025-01-08,16,2,1,B,15,11,4,77.1,0,1
2025-01-08,16,2,1,C,15,9,6,62.9,0,1
2025-01-08,16,2,1,D,15,10,5,67.8,0,1
2025-01-08,17,2,1,A,15,10,5,69.6,0,1
2025-01-08,17,2,1,B,15,7,8,53.1,0,1
2025-01-08,17,2,1,C,15,9,6,66.2,0,1
2025-01-08,17,2,1,D,15,7,8,52.3,0,1
2025-01-08,18,2,1,A,15,9,6,60.7,0,1
2025-01-08,18,2,1,B,15,8,7,58.5,0,1
2025-01-08,18,2,1,C,15,7,8,47.0,0,1
2025-01-08,18,2,1,D,15,5,10,36.9,0,1
2025-01-08,19,2,1,A,15,11,4,76.4,0,1
2025-01-08,19,2,1,B,15,11,4,75.3,0,1
2025-01-08,19,2,1,C,15,6,9,42.8,0,1
2025-01-08,19,2,1,D,15,7,8,52.5,0,1
2025-01-08,20,2,1,A,15,3,12,23.5,0,1
2025-01-08,20,2,1,B,15,3,12,21.1,0,1
2025-01-08,20,2,1,C,15,2,13,17.8,0,1
2025-01-08,20,2,1,D,15,1,14,13.1,0,1
2025-01-08,21,2,1,A,15,4,11,29.1,0,1
2025-01-08,21,2,1,B,15,2,13,18.4,0,1
2025-01-08,21,2,1,C,15,3,12,24.7,0,1
2025-01-08,21,2,1,D,15,2,13,19.6,0,1
2025-01-09,6,3,1,A,15,5,10,38.3,0,1
2025-01-09,6,3,1,B,15,4,11,27.7,0,1
2025-01-09,6,3,1,C,15,4,11,26.9,0,1
2025-01-09,6,3,1,D,15,5,10,34.0,0,1
2025-01-09,7,3,1,A,15,6,9,44.3,0,1
2025-01-09,7,3,1,B,15,4,11,27.2,0,1
2025-01-09,7,3,1,C,15,4,11,32.3,0,1
2025-01-09,7,3,1,D,15,5,10,34.0,0,1
2025-01-09,8,3,1,A,15,12,3,84.4,0,1
2025-01-09,8,3,1,B,15,13,2,89.3,0,1
2025-01-09,8,3,1,C,15,10,5,71.2,0,1
2025-01-09,8,3,1,D,15,10,5,72.6,0,1
2025-01-09,9,3,1,A,15,13,2,91.6,0,1
2025-01-09,9,3,1,B,15,10,5,70.6,0,1
2025-01-09,9,3,1,C,15,9,6,63.5,0,1
2025-01-09,9,3,1,D,15,10,5,68.4,0,1
2025-01-09,10,3,1,A,15,14,1,98.0,0,1
2025-01-09,10,3,1,B,15,11,4,77.8,0,1
2025-01-09,10,3,1,C,15,12,3,81.6,0,1
2025-01-09,10,3,1,D,15,8,7,54.7,0,1
2025-01-09,11,3,1,A,15,12,3,85.7,0,1
2025-01-09,11,3,1,B,15,9,6,65.3,0,1
2025-01-09,11,3,1,C,15,9,6,62.3,0,1
2025-01-09,11,3,1,D,15,9,6,60.4,0,1
2025-01-09,12,3,1,A,15,11,4,79.4,0,1
2025-01-09,12,3,1,B,15,10,5,71.9,0,1
2025-01-09,12,3,1,C,15,11,4,75.6,0,1
2025-01-09,12,3,1,D,15,8,7,55.4,0,1
2025-01-09,13,3,1,A,15,13,2,92.9,0,1
2025-01-09,13,3,1,B,15,9,6,66.0,0,1
2025-01-09,13,3,1,C,15,10,5,71.7,0,1
2025-01-09,13,3,1,D,15,10,5,71.5,0,1
2025-01-09,14,3,1,A,15,9,6,60.7,0,1
2025-01-09,14,3,1,B,15,9,6,63.6,0,1
2025-01-09,14,3,1,C,15,10,5,67.6,0,1
2025-01-09,14,3,1,D,15,8,7,54.4,0,1
2025-01-09,15,3,1,A,15,12,3,83.5,0,1
2025-01-09,15,3,1,B,15,9,6,65.2,0,1
2025-01-09,15,3,1,C,15,9,6,63.7,0,1
2025-01-09,15,3,1,D,15,8,7,54.8,0,1
2025-01-09,16,3,1,A,15,13,2,89.8,0,1
2025-01-09,16,3,1,B,15,10,5,72.0,0,1
2025-01-09,16,3,1,C,15,9,6,65.7,0,1
2025-01-09,16,3,1,D,15,7,8,52.7,0,1
2025-01-09,17,3,1,A,15,9,6,65.1,0,1
2025-01-09,17,3,1,B,15,8,7,56.5,0,1
2025-01-09,17,3,1,C,15,8,7,57.2,0,1
2025-01-09,17,3,1,D,15,6,9,44.6,0,1
2025-01-09,18,3,1,A,15,10,5,71.3,0,1
2025-01-09,18,3,1,B,15,11,4,76.6,0,1
2025-01-09,18,3,1,C,15,9,6,61.0,0,1
2025-01-09,18,3,1,D,15,6,9,45.4,0,1
2025-01-09,19,3,1,A,15,11,4,78.6,0,1
2025-01-09,19,3,1,B,15,8,7,56.7,0,1
2025-01-09,19,3,1,C,15,5,10,37.7,0,1
2025-01-09,19,3,1,D,15,5,10,39.9,0,1
2025-01-09,20,3,1,A,15,2,13,13.8,0,1
2025-01-09,20,3,1,B,15,3,12,22.2,0,1
2025-01-09,20,3,1,C,15,3,12,22.6,0,1
2025-01-09,20,3,1,D,15,5,10,33.4,0,1
2025-01-09,21,3,1,A,15,4,11,31.4,0,1
2025-01-09,21,3,1,B,15,3,12,23.2,0,1
2025-01-09,21,3,1,C,15,4,11,29.1,0,1
2025-01-09,21,3,1,D,15,0,15,5.0,0,1
2025-01-10,6,4,1,A,15,6,9,42.1,0,1
2025-01-10,6,4,1,B,15,6,9,41.2,0,1
2025-01-10,6,4,1,C,15,2,13,19.7,0,1
2025-01-10,6,4,1,D,15,5,10,37.2,0,1
2025-01-10,7,4,1,A,15,6,9,43.0,0,1
2025-01-10,7,4,1,B,15,4,11,31.7,0,1
2025-01-10,7,4,1,C,15,5,10,36.6,0,1
2025-01-10,7,4,1,D,15,6,9,46.2,0,1
2025-01-10,8,4,1,A,15,14,1,98.0,0,1
2025-01-10,8,4,1,B,15,13,2,87.0,0,1
2025-01-10,8,4,1,C,15,10,5,72.8,0,1
2025-01-10,8,4,1,D,15,9,6,61.2,0,1
2025-01-10,9,4,1,A,15,14,1,98.0,0,1
2025-01-10,9,4,1,B,15,11,4,78.2,0,1
2025-01-10,9,4,1,C,15,11,4,77.1,0,1
2025-01-10,9,4,1,D,15,9,6,64.2,0,1
2025-01-10,10,4,1,A,15,14,1,98.0,0,1
2025-01-10,10,4,1,B,15,13,2,87.7,0,1
2025-01-10,10,4,1,C,15,12,3,84.8,0,1
2025-01-10,10,4,1,D,15,9,6,63.9,0,1
2025-01-10,11,4,1,A,15,12,3,84.1,0,1
2025-01-10,11,4,1,B,15,10,5,67.2,0,1
2025-01-10,11,4,1,C,15,9,6,63.9,0,1
2025-01-10,11,4,1,D,15,9,6,63.0,0,1
2025-01-10,12,4,1,A,15,13,2,92.3,0,1
2025-01-10,12,4,1,B,15,10,5,67.6,0,1
2025-01-10,12,4,1,C,15,11,4,74.5,0,1
2025-01-10,12,4,1,D,15,10,5,70.8,0,1
2025-01-10,13,4,1,A,15,13,2,89.6,0,1
2025-01-10,13,4,1,B,15,13,2,90.0,0,1
2025-01-10,13,4,1,C,15,9,6,61.3,0,1
2025-01-10,13,4,1,D,15,7,8,50.0,0,1
2025-01-10,14,4,1,A,15,9,6,66.3,0,1
2025-01-10,14,4,1,B,15,12,3,82.0,0,1
2025-01-10,14,4,1,C,15,10,5,68.2,0,1
2025-01-10,14,4,1,D,15,8,7,55.6,0,1
2025-01-10,15,4,1,A,15,12,3,82.7,0,1
2025-01-10,15,4,1,B,15,9,6,61.0,0,1
2025-01-10,15,4,1,C,15,12,3,82.6,0,1
2025-01-10,15,4,1,D,15,8,7,57.0,0,1
2025-01-10,16,4,1,A,15,12,3,81.4,0,1
2025-01-10,16,4,1,B,15,11,4,75.8,0,1
2025-01-10,16,4,1,C,15,10,5,66.8,0,1
2025-01-10,16,4,1,D,15,8,7,57.8,0,1
2025-01-10,17,4,1,A,15,9,6,62.7,0,1
2025-01-10,17,4,1,B,15,9,6,63.8,0,1
2025-01-10,17,4,1,C,15,10,5,69.1,0,1
2025-01-10,17,4,1,D,15,8,7,58.8,0,1
2025-01-10,18,4,1,A,15,12,3,81.7,0,1
2025-01-10,18,4,1,B,15,8,7,55.9,0,1
2025-01-10,18,4,1,C,15,6,9,46.1,0,1
2025-01-10,18,4,1,D,15,7,8,47.0,0,1
2025-01-10,19,4,1,A,15,10,5,69.4,0,1
2025-01-10,19,4,1,B,15,10,5,68.8,0,1
2025-01-10,19,4,1,C,15,6,9,40.5,0,1
2025-01-10,19,4,1,D,15,9,6,60.2,0,1
2025-01-10,20,4,1,A,15,4,11,27.5,0,1
2025-01-10,20,4,1,B,15,3,12,21.6,0,1
2025-01-10,20,4,1,C,15,2,13,14.4,0,1
2025-01-10,20,4,1,D,15,1,14,6.8,0,1
2025-01-10,21,4,1,A,15,5,10,35.3,0,1
2025-01-10,21,4,1,B,15,3,12,25.6,0,1
2025-01-10,21,4,1,C,15,1,14,12.2,0,1
2025-01-10,21,4,1,D,15,1,14,9.6,0,1
2025-01-11,6,5,1,A,15,1,14,11.4,1,1
2025-01-11,6,5,1,B,15,3,12,25.6,1,1
2025-01-11,6,5,1,C,15,1,14,8.9,1,1
2025-01-11,6,5,1,D,15,0,15,5.0,1,1
2025-01-11,7,5,1,A,15,1,14,12.1,1,1
2025-01-11,7,5,1,B,15,1,14,10.1,1,1
2025-01-11,7,5,1,C,15,0,15,5.0,1,1
2025-01-11,7,5,1,D,15,1,14,9.4,1,1
2025-01-11,8,5,1,A,15,4,11,32.4,1,1
2025-01-11,8,5,1,B,15,5,10,35.3,1,1
2025-01-11,8,5,1,C,15,6,9,41.6,1,1
2025-01-11,8,5,1,D,15,4,11,32.8,1,1
2025-01-11,9,5,1,A,15,4,11,32.1,1,1
2025-01-11,9,5,1,B,15,3,12,20.9,1,1
2025-01-11,9,5,1,C,15,7,8,47.4,1,1
2025-01-11,9,5,1,D,15,3,12,24.3,1,1
2025-01-11,10,5,1,A,15,5,10,34.3,1,1
2025-01-11,10,5,1,B,15,4,11,29.6,1,1
2025-01-11,10,5,1,C,15,4,11,28.4,1,1
2025-01-11,10,5,1,D,15,3,12,22.6,1,1
2025-01-11,11,5,1,A,15,3,12,25.6,1,1
2025-01-11,11,5,1,B,15,3,12,21.9,1,1
2025-01-11,11,5,1,C,15,3,12,23.4,1,1
2025-01-11,11,5,1,D,15,2,13,16.7,1,1
2025-01-11,12,5,1,A,15,3,12,24.5,1,1
2025-01-11,12,5,1,B,15,4,11,27.1,1,1
2025-01-11,12,5,1,C,15,3,12,21.6,1,1
2025-01-11,12,5,1,D,15,4,11,33.0,1,1
2025-01-11,13,5,1,A,15,1,14,9.0,1,1
2025-01-11,13,5,1,B,15,5,10,35.0,1,1
2025-01-11,13,5,1,C,15,5,10,33.6,1,1
2025-01-11,13,5,1,D,15,0,15,5.0,1,1
2025-01-11,14,5,1,A,15,3,12,25.4,1,1
2025-01-11,14,5,1,B,15,3,12,21.5,1,1
2025-01-11,14,5,1,C,15,1,14,10.8,1,1
2025-01-11,14,5,1,D,15,2,13,13.4,1,1
2025-01-11,15,5,1,A,15,2,13,19.3,1,1
2025-01-11,15,5,1,B,15,5,10,38.5,1,1
2025-01-11,15,5,1,C,15,4,11,29.5,1,1
2025-01-11,15,5,1,D,15,4,11,29.8,1,1
2025-01-11,16,5,1,A,15,5,10,33.9,1,1
2025-01-11,16,5,1,B,15,2,13,15.5,1,1
2025-01-11,16,5,1,C,15,2,13,17.9,1,1
2025-01-11,16,5,1,D,15,3,12,23.5,1,1
2025-01-11,17,5,1,A,15,2,13,14.4,1,1
2025-01-11,17,5,1,B,15,4,11,26.7,1,1
2025-01-11,17,5,1,C,15,2,13,17.0,1,1
2025-01-11,17,5,1,D,15,2,13,13.8,1,1
2025-01-11,18,5,1,A,15,4,11,29.8,1,1
2025-01-11,18,5,1,B,15,3,12,24.6,1,1
2025-01-11,18,5,1,C,15,2,13,16.0,1,1
2025-01-11,18,5,1,D,15,3,12,26.1,1,1
2025-01-11,19,5,1,A,15,2,13,15.5,1,1
2025-01-11,19,5,1,B,15,3,12,25.9,1,1
2025-01-11,19,5,1,C,15,3,12,23.6,1,1
2025-01-11,19,5,1,D,15,2,13,14.3,1,1
2025-01-11,20,5,1,A,15,1,14,12.7,1,1
2025-01-11,20,5,1,B,15,0,15,5.0,1,1
2025-01-11,20,5,1,C,15,2,13,15.3,1,1
2025-01-11,20,5,1,D,15,0,15,5.5,1,1
2025-01-11,21,5,1,A,15,0,15,5.9,1,1
2025-01-11,21,5,1,B,15,2,13,17.1,1,1
2025-01-11,21,5,1,C,15,0,15,5.0,1,1
2025-01-11,21,5,1,D,15,0,15,5.0,1,1
2025-01-12,6,6,1,A,15,0,15,5.0,1,1
2025-01-12,6,6,1,B,15,2,13,17.1,1,1
2025-01-12,6,6,1,C,15,0,15,5.0,1,1
2025-01-12,6,6,1,D,15,3,12,23.8,1,1
2025-01-12,7,6,1,A,15,0,15,5.0,1,1
2025-01-12,7,6,1,B,15,3,12,25.8,1,1
2025-01-12,7,6,1,C,15,1,14,12.7,1,1
2025-01-12,7,6,1,D,15,1,14,9.0,1,1
2025-01-12,8,6,1,A,15,4,11,29.9,1,1
2025-01-12,8,6,1,B,15,4,11,32.9,1,1
2025-01-12,8,6,1,C,15,3,12,26.5,1,1
2025-01-12,8,6,1,D,15,4,11,32.6,1,1
2025-01-12,9,6,1,A,15,5,10,35.1,1,1
2025-01-12,9,6,1,B,15,4,11,31.0,1,1
2025-01-12,9,6,1,C,15,3,12,23.9,1,1
2025-01-12,9,6,1,D,15,3,12,23.3,1,1
2025-01-12,10,6,1,A,15,5,10,36.7,1,1
2025-01-12,10,6,1,B,15,2,13,16.1,1,1
2025-01-12,10,6,1,C,15,2,13,16.0,1,1
2025-01-12,10,6,1,D,15,4,11,29.7,1,1
2025-01-12,11,6,1,A,15,4,11,31.6,1,1
2025-01-12,11,6,1,B,15,3,12,24.8,1,1
2025-01-12,11,6,1,C,15,3,12,23.8,1,1
2025-01-12,11,6,1,D,15,3,12,23.8,1,1
2025-01-12,12,6,1,A,15,3,12,25.9,1,1
2025-01-12,12,6,1,B,15,3,12,20.0,1,1
2025-01-12,12,6,1,C,15,3,12,25.2,1,1
2025-01-12,12,6,1,D,15,1,14,13.2,1,1
2025-01-12,13,6,1,A,15,5,10,33.5,1,1
2025-01-12,13,6,1,B,15,1,14,12.6,1,1
2025-01-12,13,6,1,C,15,4,11,31.9,1,1
2025-01-12,13,6,1,D,15,3,12,24.8,1,1
2025-01-12,14,6,1,A,15,4,11,30.2,1,1
2025-01-12,14,6,1,B,15,4,11,32.4,1,1
2025-01-12,14,6,1,C,15,5,10,35.4,1,1
2025-01-12,14,6,1,D,15,4,11,27.7,1,1
2025-01-12,15,6,1,A,15,2,13,13.4,1,1
2025-01-12,15,6,1,B,15,2,13,14.3,1,1
2025-01-12,15,6,1,C,15,2,13,17.1,1,1
2025-01-12,15,6,1,D,15,2,13,19.8,1,1
2025-01-12,16,6,1,A,15,4,11,32.3,1,1
2025-01-12,16,6,1,B,15,2,13,18.7,1,1
2025-01-12,16,6,1,C,15,3,12,23.5,1,1
2025-01-12,16,6,1,D,15,2,13,13.6,1,1
2025-01-12,17,6,1,A,15,2,13,19.3,1,1
2025-01-12,17,6,1,B,15,1,14,9.7,1,1
2025-01-12,17,6,1,C,15,1,14,11.5,1,1
2025-01-12,17,6,1,D,15,0,15,6.0,1,1
2025-01-12,18,6,1,A,15,2,13,16.3,1,1
2025-01-12,18,6,1,B,15,4,11,29.4,1,1
2025-01-12,18,6,1,C,15,1,14,11.3,1,1
2025-01-12,18,6,1,D,15,5,10,37.9,1,1
2025-01-12,19,6,1,A,15,4,11,28.1,1,1
2025-01-12,19,6,1,B,15,3,12,22.5,1,1
2025-01-12,19,6,1,C,15,1,14,12.0,1,1
2025-01-12,19,6,1,D,15,3,12,22.4,1,1
2025-01-12,20,6,1,A,15,0,15,5.5,1,1
2025-01-12,20,6,1,B,15,1,14,9.7,1,1
2025-01-12,20,6,1,C,15,4,11,28.4,1,1
2025-01-12,20,6,1,D,15,0,15,6.2,1,1
2025-01-12,21,6,1,A,15,2,13,19.3,1,1
2025-01-12,21,6,1,B,15,0,15,5.0,1,1
2025-01-12,21,6,1,C,15,1,14,7.6,1,1
2025-01-12,21,6,1,D,15,3,12,21.2,1,1
2025-01-13,6,0,1,A,15,5,10,35.2,0,1
2025-01-13,6,0,1,B,15,7,8,49.5,0,1
2025-01-13,6,0,1,C,15,5,10,37.2,0,1
2025-01-13,6,0,1,D,15,3,12,23.5,0,1
2025-01-13,7,0,1,A,15,6,9,45.3,0,1
2025-01-13,7,0,1,B,15,6,9,42.8,0,1
2025-01-13,7,0,1,C,15,5,10,36.5,0,1
2025-01-13,7,0,1,D,15,2,13,15.4,0,1
2025-01-13,8,0,1,A,15,13,2,91.9,0,1
2025-01-13,8,0,1,B,15,12,3,83.0,0,1
2025-01-13,8,0,1,C,15,11,4,75.9,0,1
2025-01-13,8,0,1,D,15,10,5,73.0,0,1
2025-01-13,9,0,1,A,15,14,1,98.0,0,1
2025-01-13,9,0,1,B,15,11,4,74.3,0,1
2025-01-13,9,0,1,C,15,11,4,79.5,0,1
2025-01-13,9,0,1,D,15,10,5,72.9,0,1
2025-01-13,10,0,1,A,15,14,1,98.0,0,1
2025-01-13,10,0,1,B,15,14,1,93.6,0,1
2025-01-13,10,0,1,C,15,12,3,83.2,0,1
2025-01-13,10,0,1,D,15,10,5,71.7,0,1
2025-01-13,11,0,1,A,15,12,3,85.7,0,1
2025-01-13,11,0,1,B,15,9,6,61.7,0,1
2025-01-13,11,0,1,C,15,10,5,70.9,0,1
2025-01-13,11,0,1,D,15,9,6,61.7,0,1
2025-01-13,12,0,1,A,15,13,2,88.4,0,1
2025-01-13,12,0,1,B,15,9,6,64.8,0,1
2025-01-13,12,0,1,C,15,8,7,58.9,0,1
2025-01-13,12,0,1,D,15,10,5,68.4,0,1
2025-01-13,13,0,1,A,15,12,3,85.9,0,1
2025-01-13,13,0,1,B,15,12,3,80.5,0,1
2025-01-13,13,0,1,C,15,10,5,67.7,0,1
2025-01-13,13,0,1,D,15,9,6,60.2,0,1
2025-01-13,14,0,1,A,15,13,2,88.0,0,1
2025-01-13,14,0,1,B,15,9,6,65.9,0,1
2025-01-13,14,0,1,C,15,9,6,63.8,0,1
2025-01-13,14,0,1,D,15,7,8,52.3,0,1
2025-01-13,15,0,1,A,15,11,4,77.0,0,1
2025-01-13,15,0,1,B,15,10,5,67.5,0,1
2025-01-13,15,0,1,C,15,9,6,64.8,0,1
2025-01-13,15,0,1,D,15,7,8,52.2,0,1
2025-01-13,16,0,1,A,15,13,2,90.5,0,1
2025-01-13,16,0,1,B,15,9,6,62.8,0,1
2025-01-13,16,0,1,C,15,9,6,61.5,0,1
2025-01-13,16,0,1,D,15,7,8,52.5,0,1
2025-01-13,17,0,1,A,15,12,3,80.6,0,1
2025-01-13,17,0,1,B,15,9,6,61.6,0,1
2025-01-13,17,0,1,C,15,9,6,62.3,0,1
2025-01-13,17,0,1,D,15,5,10,36.1,0,1
2025-01-13,18,0,1,A,15,10,5,71.1,0,1
2025-01-13,18,0,1,B,15,10,5,67.1,0,1
2025-01-13,18,0,1,C,15,8,7,54.7,0,1
2025-01-13,18,0,1,D,15,8,7,56.5,0,1
2025-01-13,19,0,1,A,15,9,6,64.9,0,1
2025-01-13,19,0,1,B,15,10,5,71.3,0,1
2025-01-13,19,0,1,C,15,10,5,72.4,0,1
2025-01-13,19,0,1,D,15,6,9,45.1,0,1
2025-01-13,20,0,1,A,15,3,12,25.2,0,1
2025-01-13,20,0,1,B,15,5,10,36.6,0,1
2025-01-13,20,0,1,C,15,5,10,35.1,0,1
2025-01-13,20,0,1,D,15,2,13,15.8,0,1
2025-01-13,21,0,1,A,15,3,12,25.4,0,1
2025-01-13,21,0,1,B,15,3,12,22.7,0,1
2025-01-13,21,0,1,C,15,1,14,11.7,0,1
2025-01-13,21,0,1,D,15,1,14,12.7,0,1
2025-01-14,6,1,1,A,15,4,11,32.2,0,1
2025-01-14,6,1,1,B,15,4,11,28.9,0,1
2025-01-14,6,1,1,C,15,4,11,31.2,0,1
2025-01-14,6,1,1,D,15,4,11,29.9,0,1
2025-01-14,7,1,1,A,15,7,8,52.7,0,1
2025-01-14,7,1,1,B,15,4,11,27.0,0,1
2025-01-14,7,1,1,C,15,5,10,39.4,0,1
2025-01-14,7,1,1,D,15,3,12,26.3,0,1
2025-01-14,8,1,1,A,15,14,1,97.4,0,1
2025-01-14,8,1,1,B,15,13,2,90.4,0,1
2025-01-14,8,1,1,C,15,10,5,67.5,0,1
2025-01-14,8,1,1,D,15,10,5,71.1,0,1
2025-01-14,9,1,1,A,15,14,1,98.0,0,1
2025-01-14,9,1,1,B,15,13,2,88.9,0,1
2025-01-14,9,1,1,C,15,11,4,78.8,0,1
2025-01-14,9,1,1,D,15,13,2,87.6,0,1
2025-01-14,10,1,1,A,15,13,2,92.6,0,1
2025-01-14,10,1,1,B,15,12,3,80.8,0,1
2025-01-14,10,1,1,C,15,10,5,71.5,0,1
2025-01-14,10,1,1,D,15,9,6,63.6,0,1
2025-01-14,11,1,1,A,15,12,3,81.2,0,1
2025-01-14,11,1,1,B,15,12,3,84.5,0,1
2025-01-14,11,1,1,C,15,11,4,78.9,0,1
2025-01-14,11,1,1,D,15,8,7,55.4,0,1
2025-01-14,12,1,1,A,15,11,4,79.6,0,1
2025-01-14,12,1,1,B,15,11,4,78.8,0,1
2025-01-14,12,1,1,C,15,9,6,63.1,0,1
2025-01-14,12,1,1,D,15,9,6,65.1,0,1
2025-01-14,13,1,1,A,15,13,2,87.9,0,1
2025-01-14,13,1,1,B,15,9,6,62.9,0,1
2025-01-14,13,1,1,C,15,11,4,79.9,0,1
2025-01-14,13,1,1,D,15,11,4,74.4,0,1
2025-01-14,14,1,1,A,15,11,4,75.6,0,1
2025-01-14,14,1,1,B,15,10,5,66.9,0,1
2025-01-14,14,1,1,C,15,9,6,65.3,0,1
2025-01-14,14,1,1,D,15,8,7,58.7,0,1
2025-01-14,15,1,1,A,15,12,3,85.8,0,1
2025-01-14,15,1,1,B,15,12,3,86.1,0,1
2025-01-14,15,1,1,C,15,9,6,61.6,0,1
2025-01-14,15,1,1,D,15,7,8,49.6,0,1
2025-01-14,16,1,1,A,15,10,5,69.5,0,1
2025-01-14,16,1,1,B,15,9,6,64.2,0,1
2025-01-14,16,1,1,C,15,9,6,62.7,0,1
2025-01-14,16,1,1,D,15,10,5,70.4,0,1
2025-01-14,17,1,1,A,15,9,6,64.9,0,1
2025-01-14,17,1,1,B,15,9,6,61.8,0,1
2025-01-14,17,1,1,C,15,8,7,53.9,0,1
2025-01-14,17,1,1,D,15,8,7,57.5,0,1
2025-01-14,18,1,1,A,15,13,2,89.2,0,1
2025-01-14,18,1,1,B,15,8,7,55.8,0,1
2025-01-14,18,1,1,C,15,7,8,50.1,0,1
2025-01-14,18,1,1,D,15,8,7,56.4,0,1
2025-01-14,19,1,1,A,15,11,4,74.5,0,1
2025-01-14,19,1,1,B,15,11,4,74.8,0,1
2025-01-14,19,1,1,C,15,8,7,58.7,0,1
2025-01-14,19,1,1,D,15,6,9,45.1,0,1
2025-01-14,20,1,1,A,15,5,10,33.5,0,1
2025-01-14,20,1,1,B,15,5,10,33.9,0,1
2025-01-14,20,1,1,C,15,4,11,29.1,0,1
2025-01-14,20,1,1,D,15,3,12,24.1,0,1
2025-01-14,21,1,1,A,15,5,10,37.3,0,1
2025-01-14,21,1,1,B,15,5,10,34.4,0,1
2025-01-14,21,1,1,C,15,5,10,33.6,0,1
2025-01-14,21,1,1,D,15,3,12,25.2,0,1
2025-01-15,6,2,1,A,15,5,10,38.9,0,1
2025-01-15,6,2,1,B,15,5,10,36.2,0,1
2025-01-15,6,2,1,C,15,6,9,41.2,0,1
2025-01-15,6,2,1,D,15,3,12,21.5,0,1
2025-01-15,7,2,1,A,15,6,9,43.2,0,1
2025-01-15,7,2,1,B,15,4,11,31.9,0,1
2025-01-15,7,2,1,C,15,4,11,31.7,0,1
2025-01-15,7,2,1,D,15,5,10,38.2,0,1
2025-01-15,8,2,1,A,15,14,1,98.0,0,1
2025-01-15,8,2,1,B,15,12,3,85.4,0,1
2025-01-15,8,2,1,C,15,9,6,65.6,0,1
2025-01-15,8,2,1,D,15,11,4,74.0,0,1
2025-01-15,9,2,1,A,15,14,1,98.0,0,1
2025-01-15,9,2,1,B,15,14,1,98.0,0,1
2025-01-15,9,2,1,C,15,11,4,74.0,0,1
2025-01-15,9,2,1,D,15,10,5,69.8,0,1
2025-01-15,10,2,1,A,15,14,1,98.0,0,1
2025-01-15,10,2,1,B,15,14,1,97.6,0,1
2025-01-15,10,2,1,C,15,11,4,75.7,0,1
2025-01-15,10,2,1,D,15,10,5,70.2,0,1
2025-01-15,11,2,1,A,15,13,2,91.1,0,1
2025-01-15,11,2,1,B,15,11,4,76.5,0,1
2025-01-15,11,2,1,C,15,9,6,63.9,0,1
2025-01-15,11,2,1,D,15,9,6,61.6,0,1
2025-01-15,12,2,1,A,15,14,1,94.8,0,1
2025-01-15,12,2,1,B,15,10,5,66.8,0,1
2025-01-15,12,2,1,C,15,10,5,68.6,0,1
2025-01-15,12,2,1,D,15,8,7,54.4,0,1
2025-01-15,13,2,1,A,15,14,1,95.8,0,1
2025-01-15,13,2,1,B,15,9,6,62.8,0,1
2025-01-15,13,2,1,C,15,9,6,63.0,0,1
2025-01-15,13,2,1,D,15,9,6,63.0,0,1
2025-01-15,14,2,1,A,15,13,2,93.0,0,1
2025-01-15,14,2,1,B,15,10,5,69.5,0,1
2025-01-15,14,2,1,C,15,8,7,58.6,0,1
2025-01-15,14,2,1,D,15,10,5,71.0,0,1
2025-01-15,15,2,1,A,15,10,5,68.9,0,1
2025-01-15,15,2,1,B,15,7,8,52.4,0,1
2025-01-15,15,2,1,C,15,9,6,66.5,0,1
2025-01-15,15,2,1,D,15,7,8,52.0,0,1
2025-01-15,16,2,1,A,15,10,5,72.3,0,1
2025-01-15,16,2,1,B,15,11,4,75.7,0,1
2025-01-15,16,2,1,C,15,9,6,65.0,0,1
2025-01-15,16,2,1,D,15,7,8,51.5,0,1
2025-01-15,17,2,1,A,15,8,7,58.8,0,1
2025-01-15,17,2,1,B,15,10,5,67.0,0,1
2025-01-15,17,2,1,C,15,8,7,59.2,0,1
2025-01-15,17,2,1,D,15,7,8,47.2,0,1
2025-01-15,18,2,1,A,15,12,3,83.8,0,1
2025-01-15,18,2,1,B,15,7,8,51.4,0,1
2025-01-15,18,2,1,C,15,6,9,41.8,0,1
2025-01-15,18,2,1,D,15,6,9,42.5,0,1
2025-01-15,19,2,1,A,15,10,5,68.6,0,1
2025-01-15,19,2,1,B,15,9,6,61.9,0,1
2025-01-15,19,2,1,C,15,7,8,52.1,0,1
2025-01-15,19,2,1,D,15,7,8,50.8,0,1
2025-01-15,20,2,1,A,15,2,13,18.7,0,1
2025-01-15,20,2,1,B,15,5,10,36.6,0,1
2025-01-15,20,2,1,C,15,3,12,21.8,0,1
2025-01-15,20,2,1,D,15,4,11,28.9,0,1
2025-01-15,21,2,1,A,15,4,11,31.5,0,1
2025-01-15,21,2,1,B,15,4,11,28.7,0,1
2025-01-15,21,2,1,C,15,4,11,27.1,0,1
2025-01-15,21,2,1,D,15,3,12,23.6,0,1
2025-01-16,6,3,1,A,15,6,9,45.4,0,1
2025-01-16,6,3,1,B,15,6,9,45.6,0,1
2025-01-16,6,3,1,C,15,4,11,33.1,0,1
2025-01-16,6,3,1,D,15,5,10,33.7,0,1
2025-01-16,7,3,1,A,15,5,10,39.5,0,1
2025-01-16,7,3,1,B,15,6,9,46.5,0,1
2025-01-16,7,3,1,C,15,3,12,26.1,0,1
2025-01-16,7,3,1,D,15,6,9,42.4,0,1
2025-01-16,8,3,1,A,15,14,1,97.4,0,1
2025-01-16,8,3,1,B,15,11,4,73.6,0,1
2025-01-16,8,3,1,C,15,11,4,77.5,0,1
2025-01-16,8,3,1,D,15,9,6,62.6,0,1
2025-01-16,9,3,1,A,15,14,1,98.0,0,1
2025-01-16,9,3,1,B,15,11,4,79.8,0,1
2025-01-16,9,3,1,C,15,10,5,72.9,0,1
2025-01-16,9,3,1,D,15,7,8,52.9,0,1
2025-01-16,10,3,1,A,15,14,1,94.1,0,1
2025-01-16,10,3,1,B,15,9,6,65.6,0,1
2025-01-16,10,3,1,C,15,9,6,63.8,0,1
2025-01-16,10,3,1,D,15,11,4,74.1,0,1
2025-01-16,11,3,1,A,15,13,2,92.5,0,1
2025-01-16,11,3,1,B,15,11,4,78.4,0,1
2025-01-16,11,3,1,C,15,8,7,59.8,0,1
2025-01-16,11,3,1,D,15,8,7,59.6,0,1
2025-01-16,12,3,1,A,15,12,3,86.2,0,1
2025-01-16,12,3,1,B,15,9,6,65.7,0,1
2025-01-16,12,3,1,C,15,11,4,79.5,0,1
2025-01-16,12,3,1,D,15,10,5,67.0,0,1
2025-01-16,13,3,1,A,15,12,3,84.5,0,1
2025-01-16,13,3,1,B,15,11,4,75.2,0,1
2025-01-16,13,3,1,C,15,10,5,69.2,0,1
2025-01-16,13,3,1,D,15,6,9,43.7,0,1
2025-01-16,14,3,1,A,15,11,4,78.5,0,1
2025-01-16,14,3,1,B,15,9,6,64.5,0,1
2025-01-16,14,3,1,C,15,8,7,55.0,0,1
2025-01-16,14,3,1,D,15,8,7,53.8,0,1
2025-01-16,15,3,1,A,15,14,1,94.9,0,1
2025-01-16,15,3,1,B,15,11,4,75.1,0,1
2025-01-16,15,3,1,C,15,8,7,58.4,0,1
2025-01-16,15,3,1,D,15,9,6,60.6,0,1
2025-01-16,16,3,1,A,15,13,2,91.7,0,1
2025-01-16,16,3,1,B,15,11,4,77.4,0,1
2025-01-16,16,3,1,C,15,9,6,63.5,0,1
2025-01-16,16,3,1,D,15,7,8,50.8,0,1
2025-01-16,17,3,1,A,15,11,4,74.6,0,1
2025-01-16,17,3,1,B,15,9,6,63.1,0,1
2025-01-16,17,3,1,C,15,9,6,61.2,0,1
2025-01-16,17,3,1,D,15,7,8,53.1,0,1
2025-01-16,18,3,1,A,15,11,4,77.4,0,1
2025-01-16,18,3,1,B,15,8,7,55.7,0,1
2025-01-16,18,3,1,C,15,9,6,64.5,0,1
2025-01-16,18,3,1,D,15,7,8,49.6,0,1
2025-01-16,19,3,1,A,15,12,3,85.6,0,1
2025-01-16,19,3,1,B,15,8,7,54.5,0,1
2025-01-16,19,3,1,C,15,10,5,67.9,0,1
2025-01-16,19,3,1,D,15,7,8,49.6,0,1
2025-01-16,20,3,1,A,15,3,12,23.5,0,1
2025-01-16,20,3,1,B,15,3,12,21.1,0,1
2025-01-16,20,3,1,C,15,2,13,19.9,0,1
2025-01-16,20,3,1,D,15,3,12,23.4,0,1
2025-01-16,21,3,1,A,15,4,11,32.9,0,1
2025-01-16,21,3,1,B,15,3,12,20.4,0,1
2025-01-16,21,3,1,C,15,3,12,22.3,0,1
2025-01-16,21,3,1,D,15,5,10,37.1,0,1
2025-01-17,6,4,1,A,15,8,7,54.1,0,1
2025-01-17,6,4,1,B,15,5,10,38.5,0,1
2025-01-17,6,4,1,C,15,4,11,31.8,0,1
2025-01-17,6,4,1,D,15,4,11,29.0,0,1
2025-01-17,7,4,1,A,15,6,9,45.2,0,1
2025-01-17,7,4,1,B,15,4,11,26.8,0,1
2025-01-17,7,4,1,C,15,4,11,29.4,0,1
2025-01-17,7,4,1,D,15,2,13,14.7,0,1
2025-01-17,8,4,1,A,15,14,1,98.0,0,1
2025-01-17,8,4,1,B,15,13,2,90.2,0,1
2025-01-17,8,4,1,C,15,10,5,72.6,0,1
2025-01-17,8,4,1,D,15,12,3,80.6,0,1
2025-01-17,9,4,1,A,15,13,2,87.9,0,1
2025-01-17,9,4,1,B,15,10,5,73.3,0,1
2025-01-17,9,4,1,C,15,11,4,78.3,0,1
2025-01-17,9,4,1,D,15,11,4,76.4,0,1
2025-01-17,10,4,1,A,15,14,1,98.0,0,1
2025-01-17,10,4,1,B,15,12,3,81.3,0,1
2025-01-17,10,4,1,C,15,12,3,85.1,0,1
2025-01-17,10,4,1,D,15,10,5,67.7,0,1
2025-01-17,11,4,1,A,15,12,3,84.9,0,1
2025-01-17,11,4,1,B,15,12,3,82.1,0,1
2025-01-17,11,4,1,C,15,10,5,72.7,0,1
2025-01-17,11,4,1,D,15,7,8,47.4,0,1
2025-01-17,12,4,1,A,15,14,1,98.0,0,1
2025-01-17,12,4,1,B,15,12,3,86.0,0,1
2025-01-17,12,4,1,C,15,9,6,62.5,0,1
2025-01-17,12,4,1,D,15,9,6,63.2,0,1
2025-01-17,13,4,1,A,15,13,2,90.2,0,1
2025-01-17,13,4,1,B,15,11,4,77.1,0,1
2025-01-17,13,4,1,C,15,9,6,63.1,0,1
2025-01-17,13,4,1,D,15,8,7,54.6,0,1
2025-01-17,14,4,1,A,15,12,3,80.3,0,1
2025-01-17,14,4,1,B,15,11,4,79.4,0,1
2025-01-17,14,4,1,C,15,10,5,67.3,0,1
2025-01-17,14,4,1,D,15,7,8,53.0,0,1
2025-01-17,15,4,1,A,15,13,2,86.7,0,1
2025-01-17,15,4,1,B,15,7,8,47.2,0,1
2025-01-17,15,4,1,C,15,10,5,72.2,0,1
2025-01-17,15,4,1,D,15,6,9,42.1,0,1
2025-01-17,16,4,1,A,15,11,4,77.6,0,1
2025-01-17,16,4,1,B,15,9,6,61.0,0,1
2025-01-17,16,4,1,C,15,7,8,52.6,0,1
2025-01-17,16,4,1,D,15,9,6,65.3,0,1
2025-01-17,17,4,1,A,15,9,6,65.3,0,1
2025-01-17,17,4,1,B,15,9,6,62.8,0,1
2025-01-17,17,4,1,C,15,8,7,53.6,0,1
2025-01-17,17,4,1,D,15,7,8,51.8,0,1
2025-01-17,18,4,1,A,15,10,5,69.6,0,1
2025-01-17,18,4,1,B,15,7,8,49.7,0,1
2025-01-17,18,4,1,C,15,9,6,62.0,0,1
2025-01-17,18,4,1,D,15,6,9,44.0,0,1
2025-01-17,19,4,1,A,15,8,7,56.5,0,1
2025-01-17,19,4,1,B,15,8,7,56.6,0,1
2025-01-17,19,4,1,C,15,9,6,66.0,0,1
2025-01-17,19,4,1,D,15,8,7,54.8,0,1
2025-01-17,20,4,1,A,15,3,12,26.0,0,1
2025-01-17,20,4,1,B,15,3,12,22.2,0,1
2025-01-17,20,4,1,C,15,2,13,19.9,0,1
2025-01-17,20,4,1,D,15,5,10,36.6,0,1
2025-01-17,21,4,1,A,15,4,11,31.8,0,1
2025-01-17,21,4,1,B,15,4,11,28.4,0,1
2025-01-17,21,4,1,C,15,4,11,30.7,0,1
2025-01-17,21,4,1,D,15,3,12,21.9,0,1
2025-01-18,6,5,1,A,15,1,14,12.0,1,1
2025-01-18,6,5,1,B,15,1,14,10.7,1,1
2025-01-18,6,5,1,C,15,1,14,10.5,1,1
2025-01-18,6,5,1,D,15,1,14,9.5,1,1
2025-01-18,7,5,1,A,15,2,13,19.9,1,1
2025-01-18,7,5,1,B,15,1,14,12.7,1,1
2025-01-18,7,5,1,C,15,2,13,16.9,1,1
2025-01-18,7,5,1,D,15,1,14,9.2,1,1
2025-01-18,8,5,1,A,15,5,10,34.8,1,1
2025-01-18,8,5,1,B,15,2,13,13.8,1,1
2025-01-18,8,5,1,C,15,5,10,34.1,1,1
2025-01-18,8,5,1,D,15,3,12,26.6,1,1
2025-01-18,9,5,1,A,15,6,9,42.2,1,1
2025-01-18,9,5,1,B,15,0,15,6.6,1,1
2025-01-18,9,5,1,C,15,6,9,43.5,1,1
2025-01-18,9,5,1,D,15,3,12,22.7,1,1
2025-01-18,10,5,1,A,15,6,9,43.1,1,1
2025-01-18,10,5,1,B,15,3,12,21.4,1,1
2025-01-18,10,5,1,C,15,4,11,31.7,1,1
2025-01-18,10,5,1,D,15,2,13,15.4,1,1
2025-01-18,11,5,1,A,15,3,12,25.2,1,1
2025-01-18,11,5,1,B,15,6,9,41.6,1,1
2025-01-18,11,5,1,C,15,3,12,22.1,1,1
2025-01-18,11,5,1,D,15,3,12,22.7,1,1
2025-01-18,12,5,1,A,15,5,10,37.1,1,1
2025-01-18,12,5,1,B,15,4,11,30.2,1,1
2025-01-18,12,5,1,C,15,3,12,24.8,1,1
2025-01-18,12,5,1,D,15,3,12,23.9,1,1
2025-01-18,13,5,1,A,15,7,8,49.4,1,1
2025-01-18,13,5,1,B,15,3,12,25.8,1,1
2025-01-18,13,5,1,C,15,3,12,25.2,1,1
2025-01-18,13,5,1,D,15,4,11,29.4,1,1
2025-01-18,14,5,1,A,15,5,10,37.0,1,1
2025-01-18,14,5,1,B,15,5,10,34.0,1,1
2025-01-18,14,5,1,C,15,4,11,27.2,1,1
2025-01-18,14,5,1,D,15,1,14,10.5,1,1
2025-01-18,15,5,1,A,15,6,9,41.2,1,1
2025-01-18,15,5,1,B,15,2,13,15.3,1,1
2025-01-18,15,5,1,C,15,3,12,24.5,1,1
2025-01-18,15,5,1,D,15,2,13,13.6,1,1
2025-01-18,16,5,1,A,15,4,11,27.7,1,1
2025-01-18,16,5,1,B,15,4,11,27.1,1,1
2025-01-18,16,5,1,C,15,3,12,24.6,1,1
2025-01-18,16,5,1,D,15,3,12,23.0,1,1
2025-01-18,17,5,1,A,15,5,10,37.1,1,1
2025-01-18,17,5,1,B,15,3,12,24.6,1,1
2025-01-18,17,5,1,C,15,2,13,16.9,1,1
2025-01-18,17,5,1,D,15,3,12,24.5,1,1
2025-01-18,18,5,1,A,15,5,10,33.7,1,1
2025-01-18,18,5,1,B,15,1,14,11.2,1,1
2025-01-18,18,5,1,C,15,3,12,23.7,1,1
2025-01-18,18,5,1,D,15,3,12,22.4,1,1
2025-01-18,19,5,1,A,15,3,12,21.8,1,1
2025-01-18,19,5,1,B,15,4,11,32.0,1,1
2025-01-18,19,5,1,C,15,2,13,17.7,1,1
2025-01-18,19,5,1,D,15,2,13,17.8,1,1
2025-01-18,20,5,1,A,15,1,14,8.7,1,1
2025-01-18,20,5,1,B,15,1,14,8.9,1,1
2025-01-18,20,5,1,C,15,0,15,5.0,1,1
2025-01-18,20,5,1,D,15,0,15,5.0,1,1
2025-01-18,21,5,1,A,15,3,12,22.8,1,1
2025-01-18,21,5,1,B,15,0,15,5.0,1,1
2025-01-18,21,5,1,C,15,0,15,5.0,1,1
2025-01-18,21,5,1,D,15,0,15,5.0,1,1
2025-01-19,6,6,1,A,15,1,14,9.0,1,1
2025-01-19,6,6,1,B,15,0,15,5.0,1,1
2025-01-19,6,6,1,C,15,3,12,24.2,1,1
2025-01-19,6,6,1,D,15,2,13,17.9,1,1
2025-01-19,7,6,1,A,15,1,14,8.6,1,1
2025-01-19,7,6,1,B,15,4,11,30.3,1,1
2025-01-19,7,6,1,C,15,2,13,18.9,1,1
2025-01-19,7,6,1,D,15,1,14,7.2,1,1
2025-01-19,8,6,1,A,15,2,13,14.2,1,1
2025-01-19,8,6,1,B,15,7,8,48.1,1,1
2025-01-19,8,6,1,C,15,2,13,15.7,1,1
2025-01-19,8,6,1,D,15,1,14,10.6,1,1
2025-01-19,9,6,1,A,15,6,9,42.4,1,1
2025-01-19,9,6,1,B,15,7,8,49.3,1,1
2025-01-19,9,6,1,C,15,5,10,37.8,1,1
2025-01-19,9,6,1,D,15,4,11,28.3,1,1
2025-01-19,10,6,1,A,15,5,10,39.0,1,1
2025-01-19,10,6,1,B,15,5,10,36.6,1,1
2025-01-19,10,6,1,C,15,4,11,32.8,1,1
2025-01-19,10,6,1,D,15,3,12,26.0,1,1
2025-01-19,11,6,1,A,15,4,11,31.0,1,1
2025-01-19,11,6,1,B,15,3,12,25.7,1,1
2025-01-19,11,6,1,C,15,2,13,17.6,1,1
2025-01-19,11,6,1,D,15,2,13,18.8,1,1
2025-01-19,12,6,1,A,15,2,13,16.6,1,1
2025-01-19,12,6,1,B,15,3,12,25.5,1,1
2025-01-19,12,6,1,C,15,2,13,15.7,1,1
2025-01-19,12,6,1,D,15,1,14,12.2,1,1
2025-01-19,13,6,1,A,15,4,11,31.6,1,1
2025-01-19,13,6,1,B,15,5,10,37.4,1,1
2025-01-19,13,6,1,C,15,4,11,31.0,1,1
2025-01-19,13,6,1,D,15,1,14,8.4,1,1
2025-01-19,14,6,1,A,15,3,12,20.3,1,1
2025-01-19,14,6,1,B,15,4,11,32.0,1,1
2025-01-19,14,6,1,C,15,2,13,14.2,1,1
2025-01-19,14,6,1,D,15,2,13,17.8,1,1
2025-01-19,15,6,1,A,15,4,11,32.6,1,1
2025-01-19,15,6,1,B,15,2,13,16.8,1,1
2025-01-19,15,6,1,C,15,3,12,22.9,1,1
2025-01-19,15,6,1,D,15,1,14,8.9,1,1
2025-01-19,16,6,1,A,15,3,12,23.4,1,1
2025-01-19,16,6,1,B,15,4,11,27.1,1,1
2025-01-19,16,6,1,C,15,1,14,9.3,1,1
2025-01-19,16,6,1,D,15,3,12,23.1,1,1
2025-01-19,17,6,1,A,15,3,12,24.0,1,1
2025-01-19,17,6,1,B,15,3,12,25.4,1,1
2025-01-19,17,6,1,C,15,3,12,20.7,1,1
2025-01-19,17,6,1,D,15,4,11,27.7,1,1
2025-01-19,18,6,1,A,15,3,12,25.2,1,1
2025-01-19,18,6,1,B,15,2,13,17.6,1,1
2025-01-19,18,6,1,C,15,2,13,19.9,1,1
2025-01-19,18,6,1,D,15,3,12,21.1,1,1
2025-01-19,19,6,1,A,15,3,12,24.5,1,1
2025-01-19,19,6,1,B,15,3,12,21.3,1,1
2025-01-19,19,6,1,C,15,1,14,13.3,1,1
2025-01-19,19,6,1,D,15,1,14,11.5,1,1
2025-01-19,20,6,1,A,15,0,15,5.0,1,1
2025-01-19,20,6,1,B,15,3,12,22.7,1,1
2025-01-19,20,6,1,C,15,0,15,5.0,1,1
2025-01-19,20,6,1,D,15,0,15,5.0,1,1
2025-01-19,21,6,1,A,15,0,15,5.0,1,1
2025-01-19,21,6,1,B,15,2,13,15.9,1,1
2025-01-19,21,6,1,C,15,0,15,5.5,1,1
2025-01-19,21,6,1,D,15,2,13,17.0,1,1
2025-01-20,6,0,1,A,15,5,10,34.9,0,1
2025-01-20,6,0,1,B,15,5,10,37.2,0,1
2025-01-20,6,0,1,C,15,3,12,24.8,0,1
2025-01-20,6,0,1,D,15,6,9,45.2,0,1
2025-01-20,7,0,1,A,15,4,11,30.7,0,1
2025-01-20,7,0,1,B,15,5,10,37.5,0,1
2025-01-20,7,0,1,C,15,5,10,36.6,0,1
2025-01-20,7,0,1,D,15,4,11,31.3,0,1
2025-01-20,8,0,1,A,15,14,1,96.3,0,1
2025-01-20,8,0,1,B,15,12,3,84.0,0,1
2025-01-20,8,0,1,C,15,11,4,76.9,0,1
2025-01-20,8,0,1,D,15,10,5,66.8,0,1
2025-01-20,9,0,1,A,15,14,1,98.0,0,1
2025-01-20,9,0,1,B,15,14,1,98.0,0,1
2025-01-20,9,0,1,C,15,10,5,72.0,0,1
2025-01-20,9,0,1,D,15,8,7,57.0,0,1
2025-01-20,10,0,1,A,15,14,1,97.0,0,1
2025-01-20,10,0,1,B,15,14,1,98.0,0,1
2025-01-20,10,0,1,C,15,10,5,70.1,0,1
2025-01-20,10,0,1,D,15,12,3,81.1,0,1
2025-01-20,11,0,1,A,15,14,1,98.0,0,1
2025-01-20,11,0,1,B,15,10,5,70.6,0,1
2025-01-20,11,0,1,C,15,10,5,72.1,0,1
2025-01-20,11,0,1,D,15,10,5,73.0,0,1
2025-01-20,12,0,1,A,15,12,3,83.2,0,1
2025-01-20,12,0,1,B,15,11,4,73.4,0,1
2025-01-20,12,0,1,C,15,9,6,62.8,0,1
2025-01-20,12,0,1,D,15,7,8,51.9,0,1
2025-01-20,13,0,1,A,15,12,3,81.1,0,1
2025-01-20,13,0,1,B,15,9,6,65.2,0,1
2025-01-20,13,0,1,C,15,10,5,67.8,0,1
2025-01-20,13,0,1,D,15,8,7,53.8,0,1
2025-01-20,14,0,1,A,15,12,3,82.4,0,1
2025-01-20,14,0,1,B,15,8,7,57.6,0,1
2025-01-20,14,0,1,C,15,9,6,65.6,0,1
2025-01-20,14,0,1,D,15,9,6,62.7,0,1
2025-01-20,15,0,1,A,15,9,6,64.6,0,1
2025-01-20,15,0,1,B,15,10,5,73.0,0,1
2025-01-20,15,0,1,C,15,10,5,72.8,0,1
2025-01-20,15,0,1,D,15,6,9,46.3,0,1
2025-01-20,16,0,1,A,15,14,1,93.9,0,1
2025-01-20,16,0,1,B,15,11,4,73.4,0,1
2025-01-20,16,0,1,C,15,8,7,57.4,0,1
2025-01-20,16,0,1,D,15,8,7,55.6,0,1
2025-01-20,17,0,1,A,15,11,4,73.5,0,1
2025-01-20,17,0,1,B,15,9,6,60.6,0,1
2025-01-20,17,0,1,C,15,8,7,58.3,0,1
2025-01-20,17,0,1,D,15,6,9,40.6,0,1
2025-01-20,18,0,1,A,15,10,5,70.4,0,1
2025-01-20,18,0,1,B,15,7,8,48.7,0,1
2025-01-20,18,0,1,C,15,7,8,53.1,0,1
2025-01-20,18,0,1,D,15,6,9,40.8,0,1
2025-01-20,19,0,1,A,15,9,6,63.1,0,1
2025-01-20,19,0,1,B,15,10,5,69.9,0,1
2025-01-20,19,0,1,C,15,9,6,62.7,0,1
2025-01-20,19,0,1,D,15,7,8,52.9,0,1
2025-01-20,20,0,1,A,15,3,12,20.0,0,1
2025-01-20,20,0,1,B,15,3,12,22.5,0,1
2025-01-20,20,0,1,C,15,4,11,32.2,0,1
2025-01-20,20,0,1,D,15,3,12,21.1,0,1
2025-01-20,21,0,1,A,15,7,8,47.3,0,1
2025-01-20,21,0,1,B,15,4,11,28.1,0,1
2025-01-20,21,0,1,C,15,3,12,24.0,0,1
2025-01-20,21,0,1,D,15,2,13,17.5,0,1
2025-01-21,6,1,1,A,15,6,9,41.3,0,1
2025-01-21,6,1,1,B,15,5,10,33.8,0,1
2025-01-21,6,1,1,C,15,5,10,37.2,0,1
2025-01-21,6,1,1,D,15,5,10,35.7,0,1
2025-01-21,7,1,1,A,15,5,10,34.0,0,1
2025-01-21,7,1,1,B,15,3,12,24.4,0,1
2025-01-21,7,1,1,C,15,2,13,16.8,0,1
2025-01-21,7,1,1,D,15,4,11,32.1,0,1
2025-01-21,8,1,1,A,15,13,2,88.9,0,1
2025-01-21,8,1,1,B,15,10,5,67.8,0,1
2025-01-21,8,1,1,C,15,11,4,79.6,0,1
2025-01-21,8,1,1,D,15,13,2,87.9,0,1
2025-01-21,9,1,1,A,15,14,1,97.7,0,1
2025-01-21,9,1,1,B,15,13,2,91.7,0,1
2025-01-21,9,1,1,C,15,11,4,77.2,0,1
2025-01-21,9,1,1,D,15,10,5,67.2,0,1
2025-01-21,10,1,1,A,15,14,1,98.0,0,1
2025-01-21,10,1,1,B,15,12,3,82.7,0,1
2025-01-21,10,1,1,C,15,11,4,78.6,0,1
2025-01-21,10,1,1,D,15,10,5,70.6,0,1
2025-01-21,11,1,1,A,15,12,3,80.9,0,1
2025-01-21,11,1,1,B,15,12,3,82.9,0,1
2025-01-21,11,1,1,C,15,9,6,66.1,0,1
2025-01-21,11,1,1,D,15,8,7,54.0,0,1
2025-01-21,12,1,1,A,15,13,2,90.5,0,1
2025-01-21,12,1,1,B,15,10,5,67.8,0,1
2025-01-21,12,1,1,C,15,10,5,67.7,0,1
2025-01-21,12,1,1,D,15,8,7,59.9,0,1
2025-01-21,13,1,1,A,15,14,1,94.9,0,1
2025-01-21,13,1,1,B,15,11,4,78.8,0,1
2025-01-21,13,1,1,C,15,10,5,67.3,0,1
2025-01-21,13,1,1,D,15,9,6,66.5,0,1
2025-01-21,14,1,1,A,15,13,2,91.6,0,1
2025-01-21,14,1,1,B,15,11,4,74.5,0,1
2025-01-21,14,1,1,C,15,9,6,63.1,0,1
2025-01-21,14,1,1,D,15,6,9,45.5,0,1
2025-01-21,15,1,1,A,15,10,5,72.0,0,1
2025-01-21,15,1,1,B,15,10,5,67.6,0,1
2025-01-21,15,1,1,C,15,8,7,58.1,0,1
2025-01-21,15,1,1,D,15,8,7,54.5,0,1
2025-01-21,16,1,1,A,15,12,3,81.0,0,1
2025-01-21,16,1,1,B,15,11,4,74.2,0,1
2025-01-21,16,1,1,C,15,9,6,62.4,0,1
2025-01-21,16,1,1,D,15,8,7,59.9,0,1
2025-01-21,17,1,1,A,15,10,5,69.5,0,1
2025-01-21,17,1,1,B,15,6,9,44.2,0,1
2025-01-21,17,1,1,C,15,6,9,46.5,0,1
2025-01-21,17,1,1,D,15,7,8,46.8,0,1
2025-01-21,18,1,1,A,15,8,7,59.3,0,1
2025-01-21,18,1,1,B,15,9,6,64.8,0,1
2025-01-21,18,1,1,C,15,9,6,66.2,0,1
2025-01-21,18,1,1,D,15,8,7,57.8,0,1
2025-01-21,19,1,1,A,15,10,5,67.3,0,1
2025-01-21,19,1,1,B,15,10,5,71.9,0,1
2025-01-21,19,1,1,C,15,8,7,55.2,0,1
2025-01-21,19,1,1,D,15,6,9,45.3,0,1
2025-01-21,20,1,1,A,15,3,12,23.8,0,1
2025-01-21,20,1,1,B,15,3,12,22.6,0,1
2025-01-21,20,1,1,C,15,2,13,19.4,0,1
2025-01-21,20,1,1,D,15,3,12,21.4,0,1
2025-01-21,21,1,1,A,15,4,11,30.0,0,1
2025-01-21,21,1,1,B,15,3,12,25.0,0,1
2025-01-21,21,1,1,C,15,3,12,26.0,0,1
2025-01-21,21,1,1,D,15,4,11,29.5,0,1
2025-01-22,6,2,1,A,15,7,8,47.8,0,1
2025-01-22,6,2,1,B,15,3,12,23.1,0,1
2025-01-22,6,2,1,C,15,1,14,11.1,0,1
2025-01-22,6,2,1,D,15,5,10,35.5,0,1
2025-01-22,7,2,1,A,15,4,11,29.3,0,1
2025-01-22,7,2,1,B,15,4,11,33.2,0,1
2025-01-22,7,2,1,C,15,3,12,22.1,0,1
2025-01-22,7,2,1,D,15,2,13,13.6,0,1
2025-01-22,8,2,1,A,15,14,1,98.0,0,1
2025-01-22,8,2,1,B,15,13,2,91.1,0,1
2025-01-22,8,2,1,C,15,10,5,71.9,0,1
2025-01-22,8,2,1,D,15,7,8,47.3,0,1
2025-01-22,9,2,1,A,15,14,1,93.4,0,1
2025-01-22,9,2,1,B,15,13,2,88.1,0,1
2025-01-22,9,2,1,C,15,9,6,64.7,0,1
2025-01-22,9,2,1,D,15,10,5,69.5,0,1
2025-01-22,10,2,1,A,15,14,1,97.6,0,1
2025-01-22,10,2,1,B,15,13,2,89.6,0,1
2025-01-22,10,2,1,C,15,11,4,77.5,0,1
2025-01-22,10,2,1,D,15,9,6,60.2,0,1
2025-01-22,11,2,1,A,15,14,1,95.8,0,1
2025-01-22,11,2,1,B,15,11,4,73.7,0,1
2025-01-22,11,2,1,C,15,10,5,67.3,0,1
2025-01-22,11,2,1,D,15,7,8,52.5,0,1
2025-01-22,12,2,1,A,15,12,3,82.7,0,1
2025-01-22,12,2,1,B,15,10,5,67.9,0,1
2025-01-22,12,2,1,C,15,9,6,66.1,0,1
2025-01-22,12,2,1,D,15,11,4,73.7,0,1
2025-01-22,13,2,1,A,15,11,4,75.3,0,1
2025-01-22,13,2,1,B,15,9,6,62.1,0,1
2025-01-22,13,2,1,C,15,11,4,79.3,0,1
2025-01-22,13,2,1,D,15,8,7,58.3,0,1
2025-01-22,14,2,1,A,15,11,4,75.1,0,1
2025-01-22,14,2,1,B,15,11,4,78.3,0,1
2025-01-22,14,2,1,C,15,8,7,58.2,0,1
2025-01-22,14,2,1,D,15,10,5,70.6,0,1
2025-01-22,15,2,1,A,15,12,3,85.9,0,1
2025-01-22,15,2,1,B,15,9,6,66.1,0,1
2025-01-22,15,2,1,C,15,12,3,80.3,0,1
2025-01-22,15,2,1,D,15,7,8,51.2,0,1
2025-01-22,16,2,1,A,15,12,3,86.4,0,1
2025-01-22,16,2,1,B,15,10,5,72.4,0,1
2025-01-22,16,2,1,C,15,11,4,73.4,0,1
2025-01-22,16,2,1,D,15,10,5,68.5,0,1
2025-01-22,17,2,1,A,15,10,5,69.3,0,1
2025-01-22,17,2,1,B,15,8,7,54.0,0,1
2025-01-22,17,2,1,C,15,8,7,57.7,0,1
2025-01-22,17,2,1,D,15,6,9,42.6,0,1
2025-01-22,18,2,1,A,15,12,3,85.1,0,1
2025-01-22,18,2,1,B,15,9,6,61.1,0,1
2025-01-22,18,2,1,C,15,7,8,51.1,0,1
2025-01-22,18,2,1,D,15,7,8,49.5,0,1
2025-01-22,19,2,1,A,15,8,7,58.2,0,1
2025-01-22,19,2,1,B,15,7,8,52.2,0,1
2025-01-22,19,2,1,C,15,9,6,63.6,0,1
2025-01-22,19,2,1,D,15,6,9,42.7,0,1
2025-01-22,20,2,1,A,15,3,12,20.4,0,1
2025-01-22,20,2,1,B,15,4,11,29.3,0,1
2025-01-22,20,2,1,C,15,4,11,32.0,0,1
2025-01-22,20,2,1,D,15,3,12,25.8,0,1
2025-01-22,21,2,1,A,15,5,10,36.7,0,1
2025-01-22,21,2,1,B,15,2,13,18.9,0,1
2025-01-22,21,2,1,C,15,1,14,11.1,0,1
2025-01-22,21,2,1,D,15,4,11,32.0,0,1
2025-01-23,6,3,1,A,15,5,10,37.7,0,1
2025-01-23,6,3,1,B,15,4,11,33.0,0,1
2025-01-23,6,3,1,C,15,6,9,42.1,0,1
2025-01-23,6,3,1,D,15,4,11,32.4,0,1
2025-01-23,7,3,1,A,15,6,9,43.9,0,1
2025-01-23,7,3,1,B,15,7,8,52.3,0,1
2025-01-23,7,3,1,C,15,3,12,26.4,0,1
2025-01-23,7,3,1,D,15,5,10,35.4,0,1
2025-01-23,8,3,1,A,15,14,1,98.0,0,1
2025-01-23,8,3,1,B,15,13,2,87.1,0,1
2025-01-23,8,3,1,C,15,13,2,88.7,0,1
2025-01-23,8,3,1,D,15,10,5,72.1,0,1
2025-01-23,9,3,1,A,15,14,1,98.0,0,1
2025-01-23,9,3,1,B,15,14,1,93.6,0,1
2025-01-23,9,3,1,C,15,11,4,73.6,0,1
2025-01-23,9,3,1,D,15,9,6,61.3,0,1
2025-01-23,10,3,1,A,15,13,2,89.4,0,1
2025-01-23,10,3,1,B,15,10,5,69.3,0,1
2025-01-23,10,3,1,C,15,13,2,92.9,0,1
2025-01-23,10,3,1,D,15,8,7,59.2,0,1
2025-01-23,11,3,1,A,15,12,3,84.5,0,1
2025-01-23,11,3,1,B,15,10,5,72.8,0,1
2025-01-23,11,3,1,C,15,10,5,70.0,0,1
2025-01-23,11,3,1,D,15,9,6,66.5,0,1
2025-01-23,12,3,1,A,15,13,2,93.1,0,1
2025-01-23,12,3,1,B,15,10,5,70.3,0,1
2025-01-23,12,3,1,C,15,9,6,66.2,0,1
2025-01-23,12,3,1,D,15,9,6,62.3,0,1
2025-01-23,13,3,1,A,15,12,3,84.3,0,1
2025-01-23,13,3,1,B,15,13,2,87.9,0,1
2025-01-23,13,3,1,C,15,10,5,71.4,0,1
2025-01-23,13,3,1,D,15,9,6,65.9,0,1
2025-01-23,14,3,1,A,15,12,3,85.8,0,1
2025-01-23,14,3,1,B,15,11,4,79.4,0,1
2025-01-23,14,3,1,C,15,9,6,64.4,0,1
2025-01-23,14,3,1,D,15,6,9,45.6,0,1
2025-01-23,15,3,1,A,15,12,3,83.7,0,1
2025-01-23,15,3,1,B,15,9,6,64.8,0,1
2025-01-23,15,3,1,C,15,8,7,58.8,0,1
2025-01-23,15,3,1,D,15,9,6,60.7,0,1
2025-01-23,16,3,1,A,15,13,2,90.4,0,1
2025-01-23,16,3,1,B,15,10,5,70.2,0,1
2025-01-23,16,3,1,C,15,9,6,65.5,0,1
2025-01-23,16,3,1,D,15,10,5,69.6,0,1
2025-01-23,17,3,1,A,15,10,5,70.9,0,1
2025-01-23,17,3,1,B,15,12,3,80.8,0,1
2025-01-23,17,3,1,C,15,8,7,58.5,0,1
2025-01-23,17,3,1,D,15,5,10,33.9,0,1
2025-01-23,18,3,1,A,15,11,4,75.0,0,1
2025-01-23,18,3,1,B,15,9,6,63.0,0,1
2025-01-23,18,3,1,C,15,9,6,64.3,0,1
2025-01-23,18,3,1,D,15,8,7,53.4,0,1
2025-01-23,19,3,1,A,15,10,5,67.9,0,1
2025-01-23,19,3,1,B,15,7,8,50.2,0,1
2025-01-23,19,3,1,C,15,7,8,52.3,0,1
2025-01-23,19,3,1,D,15,6,9,41.2,0,1
2025-01-23,20,3,1,A,15,3,12,24.1,0,1
2025-01-23,20,3,1,B,15,4,11,29.7,0,1
2025-01-23,20,3,1,C,15,5,10,35.9,0,1
2025-01-23,20,3,1,D,15,3,12,23.2,0,1
2025-01-23,21,3,1,A,15,2,13,19.2,0,1
2025-01-23,21,3,1,B,15,4,11,28.6,0,1
2025-01-23,21,3,1,C,15,4,11,32.1,0,1
2025-01-23,21,3,1,D,15,2,13,15.1,0,1
2025-01-24,6,4,1,A,15,5,10,39.2,0,1
2025-01-24,6,4,1,B,15,5,10,35.1,0,1
2025-01-24,6,4,1,C,15,3,12,25.2,0,1
2025-01-24,6,4,1,D,15,4,11,33.2,0,1
2025-01-24,7,4,1,A,15,5,10,39.3,0,1
2025-01-24,7,4,1,B,15,5,10,38.4,0,1
2025-01-24,7,4,1,C,15,3,12,24.4,0,1
2025-01-24,7,4,1,D,15,3,12,24.5,0,1
2025-01-24,8,4,1,A,15,14,1,98.0,0,1
2025-01-24,8,4,1,B,15,12,3,82.0,0,1
2025-01-24,8,4,1,C,15,13,2,90.3,0,1
2025-01-24,8,4,1,D,15,9,6,64.8,0,1
2025-01-24,9,4,1,A,15,14,1,98.0,0,1
2025-01-24,9,4,1,B,15,13,2,92.5,0,1
2025-01-24,9,4,1,C,15,9,6,65.2,0,1
2025-01-24,9,4,1,D,15,8,7,53.9,0,1
2025-01-24,10,4,1,A,15,12,3,85.5,0,1
2025-01-24,10,4,1,B,15,14,1,95.1,0,1
2025-01-24,10,4,1,C,15,10,5,72.1,0,1
2025-01-24,10,4,1,D,15,13,2,88.5,0,1
2025-01-24,11,4,1,A,15,12,3,81.7,0,1
2025-01-24,11,4,1,B,15,11,4,76.5,0,1
2025-01-24,11,4,1,C,15,11,4,79.8,0,1
2025-01-24,11,4,1,D,15,11,4,76.0,0,1
2025-01-24,12,4,1,A,15,14,1,98.0,0,1
2025-01-24,12,4,1,B,15,12,3,84.7,0,1
2025-01-24,12,4,1,C,15,11,4,75.7,0,1
2025-01-24,12,4,1,D,15,9,6,64.7,0,1
2025-01-24,13,4,1,A,15,13,2,92.5,0,1
2025-01-24,13,4,1,B,15,10,5,70.6,0,1
2025-01-24,13,4,1,C,15,9,6,61.0,0,1
2025-01-24,13,4,1,D,15,8,7,60.0,0,1
2025-01-24,14,4,1,A,15,11,4,79.1,0,1
2025-01-24,14,4,1,B,15,9,6,66.4,0,1
2025-01-24,14,4,1,C,15,10,5,68.6,0,1
2025-01-24,14,4,1,D,15,9,6,63.6,0,1
2025-01-24,15,4,1,A,15,12,3,81.2,0,1
2025-01-24,15,4,1,B,15,12,3,81.8,0,1
2025-01-24,15,4,1,C,15,8,7,53.9,0,1
2025-01-24,15,4,1,D,15,8,7,54.5,0,1
2025-01-24,16,4,1,A,15,11,4,74.8,0,1
2025-01-24,16,4,1,B,15,8,7,55.1,0,1
2025-01-24,16,4,1,C,15,9,6,62.3,0,1
2025-01-24,16,4,1,D,15,8,7,55.0,0,1
2025-01-24,17,4,1,A,15,12,3,81.1,0,1
2025-01-24,17,4,1,B,15,9,6,65.0,0,1
2025-01-24,17,4,1,C,15,6,9,45.8,0,1
2025-01-24,17,4,1,D,15,9,6,62.8,0,1
2025-01-24,18,4,1,A,15,11,4,78.8,0,1
2025-01-24,18,4,1,B,15,9,6,64.7,0,1
2025-01-24,18,4,1,C,15,7,8,52.2,0,1
2025-01-24,18,4,1,D,15,6,9,40.3,0,1
2025-01-24,19,4,1,A,15,9,6,66.0,0,1
2025-01-24,19,4,1,B,15,10,5,68.7,0,1
2025-01-24,19,4,1,C,15,10,5,69.1,0,1
2025-01-24,19,4,1,D,15,9,6,60.3,0,1
2025-01-24,20,4,1,A,15,3,12,24.8,0,1
2025-01-24,20,4,1,B,15,2,13,16.0,0,1
2025-01-24,20,4,1,C,15,3,12,23.6,0,1
2025-01-24,20,4,1,D,15,0,15,5.9,0,1
2025-01-24,21,4,1,A,15,4,11,31.3,0,1
2025-01-24,21,4,1,B,15,3,12,23.8,0,1
2025-01-24,21,4,1,C,15,2,13,18.8,0,1
2025-01-24,21,4,1,D,15,1,14,7.2,0,1
2025-01-25,6,5,1,A,15,2,13,18.2,1,1
2025-01-25,6,5,1,B,15,1,14,8.0,1,1
2025-01-25,6,5,1,C,15,0,15,5.0,1,1
2025-01-25,6,5,1,D,15,0,15,5.0,1,1
2025-01-25,7,5,1,A,15,2,13,13.9,1,1
2025-01-25,7,5,1,B,15,3,12,26.4,1,1
2025-01-25,7,5,1,C,15,3,12,24.3,1,1
2025-01-25,7,5,1,D,15,0,15,6.1,1,1
2025-01-25,8,5,1,A,15,4,11,29.4,1,1
2025-01-25,8,5,1,B,15,5,10,33.5,1,1
2025-01-25,8,5,1,C,15,2,13,18.8,1,1
2025-01-25,8,5,1,D,15,3,12,26.2,1,1
2025-01-25,9,5,1,A,15,6,9,40.3,1,1
2025-01-25,9,5,1,B,15,5,10,39.6,1,1
2025-01-25,9,5,1,C,15,3,12,26.0,1,1
2025-01-25,9,5,1,D,15,3,12,22.2,1,1
2025-01-25,10,5,1,A,15,4,11,27.2,1,1
2025-01-25,10,5,1,B,15,3,12,23.1,1,1
2025-01-25,10,5,1,C,15,3,12,25.0,1,1
2025-01-25,10,5,1,D,15,4,11,26.7,1,1
2025-01-25,11,5,1,A,15,5,10,37.5,1,1
2025-01-25,11,5,1,B,15,2,13,19.8,1,1
2025-01-25,11,5,1,C,15,5,10,35.6,1,1
2025-01-25,11,5,1,D,15,2,13,18.8,1,1
2025-01-25,12,5,1,A,15,4,11,30.0,1,1
2025-01-25,12,5,1,B,15,3,12,20.3,1,1
2025-01-25,12,5,1,C,15,0,15,5.0,1,1
2025-01-25,12,5,1,D,15,4,11,28.1,1,1
2025-01-25,13,5,1,A,15,5,10,36.1,1,1
2025-01-25,13,5,1,B,15,3,12,24.0,1,1
2025-01-25,13,5,1,C,15,3,12,24.2,1,1
2025-01-25,13,5,1,D,15,3,12,25.1,1,1
2025-01-25,14,5,1,A,15,2,13,15.7,1,1
2025-01-25,14,5,1,B,15,3,12,20.3,1,1
2025-01-25,14,5,1,C,15,4,11,28.4,1,1
2025-01-25,14,5,1,D,15,1,14,9.6,1,1
2025-01-25,15,5,1,A,15,4,11,30.5,1,1
2025-01-25,15,5,1,B,15,2,13,13.6,1,1
2025-01-25,15,5,1,C,15,3,12,25.8,1,1
2025-01-25,15,5,1,D,15,2,13,19.3,1,1
2025-01-25,16,5,1,A,15,2,13,15.3,1,1
2025-01-25,16,5,1,B,15,5,10,33.8,1,1
2025-01-25,16,5,1,C,15,2,13,16.2,1,1
2025-01-25,16,5,1,D,15,1,14,13.1,1,1
2025-01-25,17,5,1,A,15,3,12,25.8,1,1
2025-01-25,17,5,1,B,15,4,11,30.2,1,1
2025-01-25,17,5,1,C,15,1,14,10.8,1,1
2025-01-25,17,5,1,D,15,2,13,17.3,1,1
2025-01-25,18,5,1,A,15,4,11,27.6,1,1
2025-01-25,18,5,1,B,15,3,12,26.5,1,1
2025-01-25,18,5,1,C,15,3,12,20.3,1,1
2025-01-25,18,5,1,D,15,2,13,13.9,1,1
2025-01-25,19,5,1,A,15,2,13,17.5,1,1
2025-01-25,19,5,1,B,15,3,12,21.7,1,1
2025-01-25,19,5,1,C,15,1,14,10.3,1,1
2025-01-25,19,5,1,D,15,0,15,5.0,1,1
2025-01-25,20,5,1,A,15,2,13,13.6,1,1
2025-01-25,20,5,1,B,15,2,13,16.0,1,1
2025-01-25,20,5,1,C,15,0,15,5.0,1,1
2025-01-25,20,5,1,D,15,0,15,5.0,1,1
2025-01-25,21,5,1,A,15,2,13,15.0,1,1
2025-01-25,21,5,1,B,15,3,12,25.2,1,1
2025-01-25,21,5,1,C,15,1,14,8.0,1,1
2025-01-25,21,5,1,D,15,0,15,5.0,1,1
2025-01-26,6,6,1,A,15,1,14,12.6,1,1
2025-01-26,6,6,1,B,15,3,12,23.2,1,1
2025-01-26,6,6,1,C,15,0,15,5.9,1,1
2025-01-26,6,6,1,D,15,0,15,5.0,1,1
2025-01-26,7,6,1,A,15,1,14,10.2,1,1
2025-01-26,7,6,1,B,15,0,15,5.0,1,1
2025-01-26,7,6,1,C,15,1,14,12.0,1,1
2025-01-26,7,6,1,D,15,3,12,22.8,1,1
2025-01-26,8,6,1,A,15,5,10,36.8,1,1
2025-01-26,8,6,1,B,15,4,11,27.7,1,1
2025-01-26,8,6,1,C,15,3,12,24.4,1,1
2025-01-26,8,6,1,D,15,1,14,11.3,1,1
2025-01-26,9,6,1,A,15,6,9,41.3,1,1
2025-01-26,9,6,1,B,15,4,11,29.1,1,1
2025-01-26,9,6,1,C,15,3,12,25.3,1,1
2025-01-26,9,6,1,D,15,7,8,49.3,1,1
2025-01-26,10,6,1,A,15,5,10,36.6,1,1
2025-01-26,10,6,1,B,15,3,12,23.7,1,1
2025-01-26,10,6,1,C,15,3,12,23.4,1,1
2025-01-26,10,6,1,D,15,4,11,33.0,1,1
2025-01-26,11,6,1,A,15,4,11,31.1,1,1
2025-01-26,11,6,1,B,15,2,13,14.7,1,1
2025-01-26,11,6,1,C,15,4,11,31.0,1,1
2025-01-26,11,6,1,D,15,2,13,15.7,1,1
2025-01-26,12,6,1,A,15,6,9,45.2,1,1
2025-01-26,12,6,1,B,15,5,10,34.9,1,1
2025-01-26,12,6,1,C,15,3,12,20.0,1,1
2025-01-26,12,6,1,D,15,4,11,31.2,1,1
2025-01-26,13,6,1,A,15,4,11,30.7,1,1
2025-01-26,13,6,1,B,15,4,11,33.1,1,1
2025-01-26,13,6,1,C,15,4,11,27.5,1,1
2025-01-26,13,6,1,D,15,2,13,14.2,1,1
2025-01-26,14,6,1,A,15,3,12,23.0,1,1
2025-01-26,14,6,1,B,15,4,11,32.7,1,1
2025-01-26,14,6,1,C,15,2,13,19.4,1,1
2025-01-26,14,6,1,D,15,2,13,16.4,1,1
2025-01-26,15,6,1,A,15,3,12,20.5,1,1
2025-01-26,15,6,1,B,15,4,11,27.9,1,1
2025-01-26,15,6,1,C,15,5,10,38.6,1,1
2025-01-26,15,6,1,D,15,1,14,11.1,1,1
2025-01-26,16,6,1,A,15,4,11,28.4,1,1
2025-01-26,16,6,1,B,15,5,10,35.8,1,1
2025-01-26,16,6,1,C,15,3,12,21.4,1,1
2025-01-26,16,6,1,D,15,3,12,23.2,1,1
2025-01-26,17,6,1,A,15,2,13,15.7,1,1
2025-01-26,17,6,1,B,15,3,12,24.4,1,1
2025-01-26,17,6,1,C,15,2,13,17.4,1,1
2025-01-26,17,6,1,D,15,3,12,24.7,1,1
2025-01-26,18,6,1,A,15,5,10,33.6,1,1
2025-01-26,18,6,1,B,15,6,9,41.7,1,1
2025-01-26,18,6,1,C,15,3,12,23.5,1,1
2025-01-26,18,6,1,D,15,2,13,19.4,1,1
2025-01-26,19,6,1,A,15,3,12,25.7,1,1
2025-01-26,19,6,1,B,15,2,13,18.2,1,1
2025-01-26,19,6,1,C,15,3,12,21.6,1,1
2025-01-26,19,6,1,D,15,2,13,14.4,1,1
2025-01-26,20,6,1,A,15,1,14,11.4,1,1
2025-01-26,20,6,1,B,15,2,13,19.3,1,1
2025-01-26,20,6,1,C,15,0,15,5.0,1,1
2025-01-26,20,6,1,D,15,2,13,16.1,1,1
2025-01-26,21,6,1,A,15,3,12,20.6,1,1
2025-01-26,21,6,1,B,15,1,14,7.8,1,1
2025-01-26,21,6,1,C,15,0,15,5.0,1,1
2025-01-26,21,6,1,D,15,0,15,5.0,1,1
2025-01-27,6,0,1,A,15,7,8,50.6,0,1
2025-01-27,6,0,1,B,15,5,10,34.8,0,1
2025-01-27,6,0,1,C,15,3,12,23.5,0,1
2025-01-27,6,0,1,D,15,3,12,24.0,0,1
2025-01-27,7,0,1,A,15,7,8,47.0,0,1
2025-01-27,7,0,1,B,15,5,10,39.4,0,1
2025-01-27,7,0,1,C,15,4,11,29.6,0,1
2025-01-27,7,0,1,D,15,3,12,25.1,0,1
2025-01-27,8,0,1,A,15,14,1,94.6,0,1
2025-01-27,8,0,1,B,15,11,4,77.6,0,1
2025-01-27,8,0,1,C,15,13,2,89.4,0,1
2025-01-27,8,0,1,D,15,9,6,65.4,0,1
2025-01-27,9,0,1,A,15,14,1,98.0,0,1
2025-01-27,9,0,1,B,15,14,1,97.2,0,1
2025-01-27,9,0,1,C,15,12,3,84.5,0,1
2025-01-27,9,0,1,D,15,9,6,64.5,0,1
2025-01-27,10,0,1,A,15,14,1,98.0,0,1
2025-01-27,10,0,1,B,15,12,3,84.8,0,1
2025-01-27,10,0,1,C,15,10,5,69.3,0,1
2025-01-27,10,0,1,D,15,10,5,70.6,0,1
2025-01-27,11,0,1,A,15,11,4,76.8,0,1
2025-01-27,11,0,1,B,15,12,3,84.5,0,1
2025-01-27,11,0,1,C,15,9,6,63.8,0,1
2025-01-27,11,0,1,D,15,9,6,61.6,0,1
2025-01-27,12,0,1,A,15,13,2,88.5,0,1
2025-01-27,12,0,1,B,15,10,5,72.9,0,1
2025-01-27,12,0,1,C,15,10,5,72.2,0,1
2025-01-27,12,0,1,D,15,8,7,56.2,0,1
2025-01-27,13,0,1,A,15,13,2,93.2,0,1
2025-01-27,13,0,1,B,15,9,6,64.2,0,1
2025-01-27,13,0,1,C,15,10,5,68.5,0,1
2025-01-27,13,0,1,D,15,11,4,75.5,0,1
2025-01-27,14,0,1,A,15,10,5,72.5,0,1
2025-01-27,14,0,1,B,15,9,6,64.6,0,1
2025-01-27,14,0,1,C,15,10,5,67.1,0,1
2025-01-27,14,0,1,D,15,8,7,57.4,0,1
2025-01-27,15,0,1,A,15,12,3,83.3,0,1
2025-01-27,15,0,1,B,15,11,4,73.9,0,1
2025-01-27,15,0,1,C,15,10,5,68.1,0,1
2025-01-27,15,0,1,D,15,9,6,64.9,0,1
2025-01-27,16,0,1,A,15,12,3,83.8,0,1
2025-01-27,16,0,1,B,15,10,5,68.1,0,1
2025-01-27,16,0,1,C,15,10,5,68.4,0,1
2025-01-27,16,0,1,D,15,10,5,71.2,0,1
2025-01-27,17,0,1,A,15,10,5,67.9,0,1
2025-01-27,17,0,1,B,15,7,8,52.2,0,1
2025-01-27,17,0,1,C,15,9,6,62.9,0,1
2025-01-27,17,0,1,D,15,7,8,47.0,0,1
2025-01-27,18,0,1,A,15,7,8,51.6,0,1
2025-01-27,18,0,1,B,15,10,5,66.8,0,1
2025-01-27,18,0,1,C,15,7,8,49.7,0,1
2025-01-27,18,0,1,D,15,7,8,47.3,0,1
2025-01-27,19,0,1,A,15,10,5,71.7,0,1
2025-01-27,19,0,1,B,15,9,6,61.5,0,1
2025-01-27,19,0,1,C,15,8,7,59.7,0,1
2025-01-27,19,0,1,D,15,6,9,44.5,0,1
2025-01-27,20,0,1,A,15,4,11,32.9,0,1
2025-01-27,20,0,1,B,15,3,12,22.9,0,1
2025-01-27,20,0,1,C,15,4,11,28.4,0,1
2025-01-27,20,0,1,D,15,3,12,24.9,0,1
2025-01-27,21,0,1,A,15,3,12,21.3,0,1
2025-01-27,21,0,1,B,15,5,10,33.7,0,1
2025-01-27,21,0,1,C,15,2,13,18.2,0,1
2025-01-27,21,0,1,D,15,3,12,26.5,0,1
2025-01-28,6,1,1,A,15,6,9,43.2,0,1
2025-01-28,6,1,1,B,15,7,8,49.7,0,1
2025-01-28,6,1,1,C,15,4,11,29.7,0,1
2025-01-28,6,1,1,D,15,3,12,25.2,0,1
2025-01-28,7,1,1,A,15,6,9,40.1,0,1
2025-01-28,7,1,1,B,15,4,11,32.6,0,1
2025-01-28,7,1,1,C,15,5,10,37.9,0,1
2025-01-28,7,1,1,D,15,2,13,15.1,0,1
2025-01-28,8,1,1,A,15,13,2,89.3,0,1
2025-01-28,8,1,1,B,15,11,4,76.5,0,1
2025-01-28,8,1,1,C,15,12,3,84.1,0,1
2025-01-28,8,1,1,D,15,12,3,81.7,0,1
2025-01-28,9,1,1,A,15,14,1,96.9,0,1
2025-01-28,9,1,1,B,15,12,3,83.6,0,1
2025-01-28,9,1,1,C,15,11,4,77.1,0,1
2025-01-28,9,1,1,D,15,11,4,77.3,0,1
2025-01-28,10,1,1,A,15,13,2,90.3,0,1
2025-01-28,10,1,1,B,15,13,2,86.9,0,1
2025-01-28,10,1,1,C,15,12,3,84.3,0,1
2025-01-28,10,1,1,D,15,10,5,72.0,0,1
2025-01-28,11,1,1,A,15,13,2,87.8,0,1
2025-01-28,11,1,1,B,15,12,3,83.0,0,1
2025-01-28,11,1,1,C,15,6,9,45.9,0,1
2025-01-28,11,1,1,D,15,9,6,65.4,0,1
2025-01-28,12,1,1,A,15,12,3,81.0,0,1
2025-01-28,12,1,1,B,15,9,6,60.4,0,1
2025-01-28,12,1,1,C,15,10,5,71.6,0,1
2025-01-28,12,1,1,D,15,10,5,71.0,0,1
2025-01-28,13,1,1,A,15,12,3,85.2,0,1
2025-01-28,13,1,1,B,15,12,3,82.6,0,1
2025-01-28,13,1,1,C,15,12,3,80.4,0,1
2025-01-28,13,1,1,D,15,10,5,70.5,0,1
2025-01-28,14,1,1,A,15,14,1,93.6,0,1
2025-01-28,14,1,1,B,15,11,4,75.9,0,1
2025-01-28,14,1,1,C,15,9,6,63.6,0,1
2025-01-28,14,1,1,D,15,6,9,43.2,0,1
2025-01-28,15,1,1,A,15,11,4,78.5,0,1
2025-01-28,15,1,1,B,15,9,6,63.3,0,1
2025-01-28,15,1,1,C,15,12,3,80.4,0,1
2025-01-28,15,1,1,D,15,8,7,54.6,0,1
2025-01-28,16,1,1,A,15,12,3,81.5,0,1
2025-01-28,16,1,1,B,15,11,4,74.4,0,1
2025-01-28,16,1,1,C,15,9,6,63.3,0,1
2025-01-28,16,1,1,D,15,10,5,69.6,0,1
2025-01-28,17,1,1,A,15,9,6,64.0,0,1
2025-01-28,17,1,1,B,15,9,6,61.6,0,1
2025-01-28,17,1,1,C,15,7,8,48.1,0,1
2025-01-28,17,1,1,D,15,5,10,37.4,0,1
2025-01-28,18,1,1,A,15,9,6,64.1,0,1
2025-01-28,18,1,1,B,15,8,7,59.7,0,1
2025-01-28,18,1,1,C,15,7,8,50.6,0,1
2025-01-28,18,1,1,D,15,6,9,42.5,0,1
2025-01-28,19,1,1,A,15,8,7,57.7,0,1
2025-01-28,19,1,1,B,15,8,7,59.3,0,1
2025-01-28,19,1,1,C,15,6,9,42.0,0,1
2025-01-28,19,1,1,D,15,8,7,54.1,0,1
2025-01-28,20,1,1,A,15,4,11,29.4,0,1
2025-01-28,20,1,1,B,15,2,13,13.3,0,1
2025-01-28,20,1,1,C,15,3,12,20.0,0,1
2025-01-28,20,1,1,D,15,2,13,14.0,0,1
2025-01-28,21,1,1,A,15,4,11,31.3,0,1
2025-01-28,21,1,1,B,15,5,10,35.7,0,1
2025-01-28,21,1,1,C,15,1,14,7.5,0,1
2025-01-28,21,1,1,D,15,3,12,20.9,0,1
2025-01-29,6,2,1,A,15,5,10,39.0,0,1
2025-01-29,6,2,1,B,15,6,9,40.4,0,1
2025-01-29,6,2,1,C,15,4,11,33.2,0,1
2025-01-29,6,2,1,D,15,3,12,22.0,0,1
2025-01-29,7,2,1,A,15,5,10,37.7,0,1
2025-01-29,7,2,1,B,15,4,11,28.6,0,1
2025-01-29,7,2,1,C,15,6,9,40.1,0,1
2025-01-29,7,2,1,D,15,4,11,28.2,0,1
2025-01-29,8,2,1,A,15,14,1,98.0,0,1
2025-01-29,8,2,1,B,15,12,3,84.5,0,1
2025-01-29,8,2,1,C,15,10,5,70.8,0,1
2025-01-29,8,2,1,D,15,8,7,55.9,0,1
2025-01-29,9,2,1,A,15,12,3,83.3,0,1
2025-01-29,9,2,1,B,15,10,5,72.3,0,1
2025-01-29,9,2,1,C,15,11,4,78.6,0,1
2025-01-29,9,2,1,D,15,10,5,72.1,0,1
2025-01-29,10,2,1,A,15,12,3,85.1,0,1
2025-01-29,10,2,1,B,15,13,2,92.2,0,1
2025-01-29,10,2,1,C,15,10,5,72.6,0,1
2025-01-29,10,2,1,D,15,10,5,69.2,0,1
2025-01-29,11,2,1,A,15,14,1,98.0,0,1
2025-01-29,11,2,1,B,15,12,3,82.2,0,1
2025-01-29,11,2,1,C,15,9,6,65.4,0,1
2025-01-29,11,2,1,D,15,7,8,52.9,0,1
2025-01-29,12,2,1,A,15,10,5,69.0,0,1
2025-01-29,12,2,1,B,15,10,5,69.2,0,1
2025-01-29,12,2,1,C,15,9,6,65.8,0,1
2025-01-29,12,2,1,D,15,7,8,52.1,0,1
2025-01-29,13,2,1,A,15,12,3,85.2,0,1
2025-01-29,13,2,1,B,15,11,4,75.6,0,1
2025-01-29,13,2,1,C,15,9,6,65.7,0,1
2025-01-29,13,2,1,D,15,8,7,54.8,0,1
2025-01-29,14,2,1,A,15,12,3,81.8,0,1
2025-01-29,14,2,1,B,15,11,4,73.5,0,1
2025-01-29,14,2,1,C,15,8,7,54.3,0,1
2025-01-29,14,2,1,D,15,10,5,67.3,0,1
2025-01-29,15,2,1,A,15,11,4,79.7,0,1
2025-01-29,15,2,1,B,15,10,5,70.2,0,1
2025-01-29,15,2,1,C,15,10,5,68.7,0,1
2025-01-29,15,2,1,D,15,8,7,57.9,0,1
2025-01-29,16,2,1,A,15,13,2,88.1,0,1
2025-01-29,16,2,1,B,15,10,5,72.3,0,1
2025-01-29,16,2,1,C,15,8,7,58.1,0,1
2025-01-29,16,2,1,D,15,8,7,58.9,0,1
2025-01-29,17,2,1,A,15,8,7,59.9,0,1
2025-01-29,17,2,1,B,15,9,6,60.9,0,1
2025-01-29,17,2,1,C,15,8,7,53.7,0,1
2025-01-29,17,2,1,D,15,6,9,46.3,0,1
2025-01-29,18,2,1,A,15,10,5,68.0,0,1
2025-01-29,18,2,1,B,15,6,9,44.9,0,1
2025-01-29,18,2,1,C,15,7,8,49.6,0,1
2025-01-29,18,2,1,D,15,7,8,48.7,0,1
2025-01-29,19,2,1,A,15,10,5,70.3,0,1
2025-01-29,19,2,1,B,15,7,8,51.8,0,1
2025-01-29,19,2,1,C,15,9,6,64.1,0,1
2025-01-29,19,2,1,D,15,6,9,41.1,0,1
2025-01-29,20,2,1,A,15,5,10,36.5,0,1
2025-01-29,20,2,1,B,15,4,11,28.4,0,1
2025-01-29,20,2,1,C,15,2,13,17.3,0,1
2025-01-29,20,2,1,D,15,5,10,34.2,0,1
2025-01-29,21,2,1,A,15,2,13,19.2,0,1
2025-01-29,21,2,1,B,15,4,11,32.4,0,1
2025-01-29,21,2,1,C,15,4,11,30.5,0,1
2025-01-29,21,2,1,D,15,2,13,14.6,0,1
2025-01-30,6,3,1,A,15,7,8,51.4,0,1
2025-01-30,6,3,1,B,15,4,11,33.0,0,1
2025-01-30,6,3,1,C,15,5,10,33.8,0,1
2025-01-30,6,3,1,D,15,4,11,30.1,0,1
2025-01-30,7,3,1,A,15,5,10,39.2,0,1
2025-01-30,7,3,1,B,15,6,9,41.5,0,1
2025-01-30,7,3,1,C,15,5,10,37.8,0,1
2025-01-30,7,3,1,D,15,2,13,14.0,0,1
2025-01-30,8,3,1,A,15,14,1,98.0,0,1
2025-01-30,8,3,1,B,15,10,5,71.7,0,1
2025-01-30,8,3,1,C,15,12,3,84.8,0,1
2025-01-30,8,3,1,D,15,11,4,77.0,0,1
2025-01-30,9,3,1,A,15,13,2,89.0,0,1
2025-01-30,9,3,1,B,15,12,3,81.7,0,1
2025-01-30,9,3,1,C,15,10,5,67.7,0,1
2025-01-30,9,3,1,D,15,9,6,66.3,0,1
2025-01-30,10,3,1,A,15,14,1,95.3,0,1
2025-01-30,10,3,1,B,15,13,2,91.2,0,1
2025-01-30,10,3,1,C,15,13,2,87.0,0,1
2025-01-30,10,3,1,D,15,11,4,79.2,0,1
2025-01-30,11,3,1,A,15,12,3,81.8,0,1
2025-01-30,11,3,1,B,15,10,5,73.3,0,1
2025-01-30,11,3,1,C,15,8,7,54.0,0,1
2025-01-30,11,3,1,D,15,8,7,53.6,0,1
2025-01-30,12,3,1,A,15,14,1,94.0,0,1
2025-01-30,12,3,1,B,15,13,2,87.9,0,1
2025-01-30,12,3,1,C,15,8,7,57.6,0,1
2025-01-30,12,3,1,D,15,8,7,55.3,0,1
2025-01-30,13,3,1,A,15,12,3,86.0,0,1
2025-01-30,13,3,1,B,15,11,4,77.2,0,1
2025-01-30,13,3,1,C,15,9,6,61.0,0,1
2025-01-30,13,3,1,D,15,9,6,63.4,0,1
2025-01-30,14,3,1,A,15,11,4,76.7,0,1
2025-01-30,14,3,1,B,15,10,5,69.9,0,1
2025-01-30,14,3,1,C,15,10,5,67.4,0,1
2025-01-30,14,3,1,D,15,8,7,56.1,0,1
2025-01-30,15,3,1,A,15,11,4,77.0,0,1
2025-01-30,15,3,1,B,15,10,5,69.1,0,1
2025-01-30,15,3,1,C,15,9,6,62.3,0,1
2025-01-30,15,3,1,D,15,7,8,53.0,0,1
2025-01-30,16,3,1,A,15,11,4,78.4,0,1
2025-01-30,16,3,1,B,15,12,3,82.8,0,1
2025-01-30,16,3,1,C,15,10,5,67.5,0,1
2025-01-30,16,3,1,D,15,8,7,53.6,0,1
2025-01-30,17,3,1,A,15,11,4,74.6,0,1
2025-01-30,17,3,1,B,15,8,7,57.3,0,1
2025-01-30,17,3,1,C,15,9,6,63.4,0,1
2025-01-30,17,3,1,D,15,7,8,51.0,0,1
2025-01-30,18,3,1,A,15,10,5,68.1,0,1
2025-01-30,18,3,1,B,15,9,6,63.6,0,1
2025-01-30,18,3,1,C,15,6,9,41.4,0,1
2025-01-30,18,3,1,D,15,5,10,39.0,0,1
2025-01-30,19,3,1,A,15,8,7,59.4,0,1
2025-01-30,19,3,1,B,15,9,6,61.1,0,1
2025-01-30,19,3,1,C,15,10,5,67.9,0,1
2025-01-30,19,3,1,D,15,9,6,65.9,0,1
2025-01-30,20,3,1,A,15,5,10,33.9,0,1
2025-01-30,20,3,1,B,15,4,11,29.0,0,1
2025-01-30,20,3,1,C,15,1,14,8.1,0,1
2025-01-30,20,3,1,D,15,2,13,15.7,0,1
2025-01-30,21,3,1,A,15,3,12,22.4,0,1
2025-01-30,21,3,1,B,15,3,12,20.0,0,1
2025-01-30,21,3,1,C,15,3,12,21.2,0,1
2025-01-30,21,3,1,D,15,2,13,16.2,0,1
2025-01-31,6,4,1,A,15,3,12,24.4,0,1
2025-01-31,6,4,1,B,15,6,9,41.0,0,1
2025-01-31,6,4,1,C,15,3,12,22.9,0,1
2025-01-31,6,4,1,D,15,4,11,29.9,0,1
2025-01-31,7,4,1,A,15,8,7,56.8,0,1
2025-01-31,7,4,1,B,15,4,11,27.6,0,1
2025-01-31,7,4,1,C,15,1,14,11.3,0,1
2025-01-31,7,4,1,D,15,3,12,25.7,0,1
2025-01-31,8,4,1,A,15,14,1,98.0,0,1
2025-01-31,8,4,1,B,15,14,1,98.0,0,1
2025-01-31,8,4,1,C,15,9,6,66.7,0,1
2025-01-31,8,4,1,D,15,10,5,72.0,0,1
2025-01-31,9,4,1,A,15,14,1,94.0,0,1
2025-01-31,9,4,1,B,15,12,3,84.2,0,1
2025-01-31,9,4,1,C,15,14,1,97.7,0,1
2025-01-31,9,4,1,D,15,8,7,56.0,0,1
2025-01-31,10,4,1,A,15,14,1,98.0,0,1
2025-01-31,10,4,1,B,15,13,2,88.7,0,1
2025-01-31,10,4,1,C,15,12,3,85.2,0,1
2025-01-31,10,4,1,D,15,10,5,68.8,0,1
2025-01-31,11,4,1,A,15,13,2,88.7,0,1
2025-01-31,11,4,1,B,15,10,5,71.9,0,1
2025-01-31,11,4,1,C,15,10,5,69.7,0,1
2025-01-31,11,4,1,D,15,8,7,57.3,0,1
2025-01-31,12,4,1,A,15,13,2,91.2,0,1
2025-01-31,12,4,1,B,15,10,5,72.0,0,1
2025-01-31,12,4,1,C,15,10,5,70.5,0,1
2025-01-31,12,4,1,D,15,8,7,59.8,0,1
2025-01-31,13,4,1,A,15,14,1,95.3,0,1
2025-01-31,13,4,1,B,15,11,4,74.6,0,1
2025-01-31,13,4,1,C,15,7,8,53.3,0,1
2025-01-31,13,4,1,D,15,10,5,70.1,0,1
2025-01-31,14,4,1,A,15,10,5,73.3,0,1
2025-01-31,14,4,1,B,15,9,6,64.8,0,1
2025-01-31,14,4,1,C,15,8,7,58.2,0,1
2025-01-31,14,4,1,D,15,10,5,67.0,0,1
2025-01-31,15,4,1,A,15,9,6,63.4,0,1
2025-01-31,15,4,1,B,15,14,1,95.1,0,1
2025-01-31,15,4,1,C,15,10,5,71.4,0,1
2025-01-31,15,4,1,D,15,8,7,57.8,0,1
2025-01-31,16,4,1,A,15,12,3,80.1,0,1
2025-01-31,16,4,1,B,15,10,5,72.3,0,1
2025-01-31,16,4,1,C,15,10,5,67.2,0,1
2025-01-31,16,4,1,D,15,9,6,61.2,0,1
2025-01-31,17,4,1,A,15,11,4,73.4,0,1
2025-01-31,17,4,1,B,15,9,6,60.7,0,1
2025-01-31,17,4,1,C,15,7,8,52.4,0,1
2025-01-31,17,4,1,D,15,7,8,46.8,0,1
2025-01-31,18,4,1,A,15,10,5,67.4,0,1
2025-01-31,18,4,1,B,15,10,5,69.1,0,1
2025-01-31,18,4,1,C,15,8,7,58.7,0,1
2025-01-31,18,4,1,D,15,3,12,24.5,0,1
2025-01-31,19,4,1,A,15,11,4,74.2,0,1
2025-01-31,19,4,1,B,15,9,6,61.6,0,1
2025-01-31,19,4,1,C,15,8,7,53.9,0,1
2025-01-31,19,4,1,D,15,6,9,44.9,0,1
2025-01-31,20,4,1,A,15,5,10,37.7,0,1
2025-01-31,20,4,1,B,15,4,11,32.6,0,1
2025-01-31,20,4,1,C,15,2,13,16.3,0,1
2025-01-31,20,4,1,D,15,3,12,23.3,0,1
2025-01-31,21,4,1,A,15,3,12,21.0,0,1
2025-01-31,21,4,1,B,15,2,13,14.0,0,1
2025-01-31,21,4,1,C,15,2,13,17.5,0,1
2025-01-31,21,4,1,D,15,4,11,26.9,0,1
2025-02-01,6,5,2,A,15,3,12,21.7,1,1
2025-02-01,6,5,2,B,15,2,13,16.4,1,1
2025-02-01,6,5,2,C,15,2,13,16.8,1,1
2025-02-01,6,5,2,D,15,2,13,13.9,1,1
2025-02-01,7,5,2,A,15,1,14,9.0,1,1
2025-02-01,7,5,2,B,15,2,13,15.7,1,1
2025-02-01,7,5,2,C,15,2,13,17.4,1,1
2025-02-01,7,5,2,D,15,2,13,15.8,1,1
2025-02-01,8,5,2,A,15,6,9,43.7,1,1
2025-02-01,8,5,2,B,15,5,10,35.4,1,1
2025-02-01,8,5,2,C,15,4,11,29.6,1,1
2025-02-01,8,5,2,D,15,4,11,32.4,1,1
2025-02-01,9,5,2,A,15,5,10,34.0,1,1
2025-02-01,9,5,2,B,15,3,12,22.7,1,1
2025-02-01,9,5,2,C,15,3,12,25.5,1,1
2025-02-01,9,5,2,D,15,2,13,17.8,1,1
2025-02-01,10,5,2,A,15,4,11,28.8,1,1
2025-02-01,10,5,2,B,15,4,11,28.6,1,1
2025-02-01,10,5,2,C,15,3,12,20.4,1,1
2025-02-01,10,5,2,D,15,3,12,21.3,1,1
2025-02-01,11,5,2,A,15,2,13,15.0,1,1
2025-02-01,11,5,2,B,15,4,11,28.0,1,1
2025-02-01,11,5,2,C,15,3,12,23.6,1,1
2025-02-01,11,5,2,D,15,2,13,14.5,1,1
2025-02-01,12,5,2,A,15,5,10,35.5,1,1
2025-02-01,12,5,2,B,15,5,10,33.8,1,1
2025-02-01,12,5,2,C,15,1,14,10.8,1,1
2025-02-01,12,5,2,D,15,2,13,14.9,1,1
2025-02-01,13,5,2,A,15,3,12,24.0,1,1
2025-02-01,13,5,2,B,15,2,13,18.7,1,1
2025-02-01,13,5,2,C,15,4,11,30.3,1,1
2025-02-01,13,5,2,D,15,2,13,19.4,1,1
2025-02-01,14,5,2,A,15,3,12,26.1,1,1
2025-02-01,14,5,2,B,15,1,14,8.5,1,1
2025-02-01,14,5,2,C,15,4,11,27.1,1,1
2025-02-01,14,5,2,D,15,1,14,9.7,1,1
2025-02-01,15,5,2,A,15,4,11,28.7,1,1
2025-02-01,15,5,2,B,15,4,11,26.7,1,1
2025-02-01,15,5,2,C,15,4,11,32.9,1,1
2025-02-01,15,5,2,D,15,1,14,9.1,1,1
2025-02-01,16,5,2,A,15,0,15,5.0,1,1
2025-02-01,16,5,2,B,15,3,12,26.0,1,1
2025-02-01,16,5,2,C,15,5,10,36.5,1,1
2025-02-01,16,5,2,D,15,4,11,29.5,1,1
2025-02-01,17,5,2,A,15,3,12,25.8,1,1
2025-02-01,17,5,2,B,15,2,13,17.1,1,1
2025-02-01,17,5,2,C,15,3,12,25.4,1,1
2025-02-01,17,5,2,D,15,1,14,9.0,1,1
2025-02-01,18,5,2,A,15,4,11,28.0,1,1
2025-02-01,18,5,2,B,15,3,12,25.0,1,1
2025-02-01,18,5,2,C,15,4,11,27.4,1,1
2025-02-01,18,5,2,D,15,5,10,38.9,1,1
2025-02-01,19,5,2,A,15,4,11,27.3,1,1
2025-02-01,19,5,2,B,15,2,13,16.9,1,1
2025-02-01,19,5,2,C,15,2,13,18.7,1,1
2025-02-01,19,5,2,D,15,0,15,5.0,1,1
2025-02-01,20,5,2,A,15,0,15,5.0,1,1
2025-02-01,20,5,2,B,15,0,15,5.5,1,1
2025-02-01,20,5,2,C,15,0,15,5.0,1,1
2025-02-01,20,5,2,D,15,1,14,8.2,1,1
2025-02-01,21,5,2,A,15,0,15,5.0,1,1
2025-02-01,21,5,2,B,15,2,13,17.7,1,1
2025-02-01,21,5,2,C,15,1,14,7.9,1,1
2025-02-01,21,5,2,D,15,1,14,6.9,1,1
2025-02-02,6,6,2,A,15,1,14,11.5,1,1
2025-02-02,6,6,2,B,15,2,13,13.5,1,1
2025-02-02,6,6,2,C,15,2,13,17.6,1,1
2025-02-02,6,6,2,D,15,0,15,5.0,1,1
2025-02-02,7,6,2,A,15,1,14,8.8,1,1
2025-02-02,7,6,2,B,15,1,14,9.8,1,1
2025-02-02,7,6,2,C,15,0,15,5.0,1,1
2025-02-02,7,6,2,D,15,0,15,5.0,1,1
2025-02-02,8,6,2,A,15,4,11,30.4,1,1
2025-02-02,8,6,2,B,15,5,10,36.7,1,1
2025-02-02,8,6,2,C,15,4,11,28.9,1,1
2025-02-02,8,6,2,D,15,3,12,25.3,1,1
2025-02-02,9,6,2,A,15,6,9,41.0,1,1
2025-02-02,9,6,2,B,15,4,11,28.7,1,1
2025-02-02,9,6,2,C,15,4,11,29.9,1,1
2025-02-02,9,6,2,D,15,3,12,23.0,1,1
2025-02-02,10,6,2,A,15,5,10,36.3,1,1
2025-02-02,10,6,2,B,15,3,12,25.1,1,1
2025-02-02,10,6,2,C,15,1,14,7.3,1,1
2025-02-02,10,6,2,D,15,3,12,22.7,1,1
2025-02-02,11,6,2,A,15,6,9,41.6,1,1
2025-02-02,11,6,2,B,15,5,10,33.7,1,1
2025-02-02,11,6,2,C,15,4,11,31.3,1,1
2025-02-02,11,6,2,D,15,4,11,30.9,1,1
2025-02-02,12,6,2,A,15,4,11,30.9,1,1
2025-02-02,12,6,2,B,15,4,11,27.8,1,1
2025-02-02,12,6,2,C,15,2,13,18.7,1,1
2025-02-02,12,6,2,D,15,2,13,18.5,1,1
2025-02-02,13,6,2,A,15,5,10,35.1,1,1
2025-02-02,13,6,2,B,15,5,10,35.9,1,1
2025-02-02,13,6,2,C,15,3,12,22.5,1,1
2025-02-02,13,6,2,D,15,2,13,17.4,1,1
2025-02-02,14,6,2,A,15,4,11,28.2,1,1
2025-02-02,14,6,2,B,15,4,11,29.3,1,1
2025-02-02,14,6,2,C,15,1,14,10.5,1,1
2025-02-02,14,6,2,D,15,0,15,5.0,1,1
2025-02-02,15,6,2,A,15,3,12,23.8,1,1
2025-02-02,15,6,2,B,15,2,13,14.7,1,1
2025-02-02,15,6,2,C,15,2,13,18.0,1,1
2025-02-02,15,6,2,D,15,2,13,18.4,1,1
2025-02-02,16,6,2,A,15,3,12,24.5,1,1
2025-02-02,16,6,2,B,15,5,10,36.1,1,1
2025-02-02,16,6,2,C,15,3,12,24.7,1,1
2025-02-02,16,6,2,D,15,3,12,22.0,1,1
2025-02-02,17,6,2,A,15,4,11,29.1,1,1
2025-02-02,17,6,2,B,15,1,14,11.9,1,1
2025-02-02,17,6,2,C,15,4,11,27.2,1,1
2025-02-02,17,6,2,D,15,2,13,16.2,1,1
2025-02-02,18,6,2,A,15,4,11,29.5,1,1
2025-02-02,18,6,2,B,15,1,14,12.4,1,1
2025-02-02,18,6,2,C,15,0,15,6.5,1,1
2025-02-02,18,6,2,D,15,3,12,23.3,1,1
2025-02-02,19,6,2,A,15,4,11,27.2,1,1
2025-02-02,19,6,2,B,15,2,13,13.8,1,1
2025-02-02,19,6,2,C,15,1,14,11.9,1,1
2025-02-02,19,6,2,D,15,3,12,25.8,1,1
2025-02-02,20,6,2,A,15,0,15,5.0,1,1
2025-02-02,20,6,2,B,15,3,12,21.9,1,1
2025-02-02,20,6,2,C,15,0,15,5.0,1,1
2025-02-02,20,6,2,D,15,1,14,12.1,1,1
2025-02-02,21,6,2,A,15,1,14,7.4,1,1
2025-02-02,21,6,2,B,15,2,13,13.6,1,1
2025-02-02,21,6,2,C,15,0,15,5.0,1,1
2025-02-02,21,6,2,D,15,0,15,5.7,1,1
2025-02-03,6,0,2,A,15,6,9,40.6,0,1
2025-02-03,6,0,2,B,15,4,11,27.0,0,1
2025-02-03,6,0,2,C,15,5,10,37.4,0,1
2025-02-03,6,0,2,D,15,3,12,23.9,0,1
2025-02-03,7,0,2,A,15,5,10,38.4,0,1
2025-02-03,7,0,2,B,15,4,11,27.0,0,1
2025-02-03,7,0,2,C,15,1,14,11.0,0,1
2025-02-03,7,0,2,D,15,3,12,26.5,0,1
2025-02-03,8,0,2,A,15,14,1,98.0,0,1
2025-02-03,8,0,2,B,15,13,2,91.3,0,1
2025-02-03,8,0,2,C,15,11,4,76.3,0,1
2025-02-03,8,0,2,D,15,9,6,65.9,0,1
2025-02-03,9,0,2,A,15,14,1,97.9,0,1
2025-02-03,9,0,2,B,15,13,2,89.4,0,1
2025-02-03,9,0,2,C,15,10,5,67.1,0,1
2025-02-03,9,0,2,D,15,11,4,76.9,0,1
2025-02-03,10,0,2,A,15,14,1,98.0,0,1
2025-02-03,10,0,2,B,15,13,2,90.7,0,1
2025-02-03,10,0,2,C,15,12,3,80.0,0,1
2025-02-03,10,0,2,D,15,10,5,68.2,0,1
2025-02-03,11,0,2,A,15,13,2,91.6,0,1
2025-02-03,11,0,2,B,15,11,4,79.7,0,1
2025-02-03,11,0,2,C,15,9,6,64.7,0,1
2025-02-03,11,0,2,D,15,8,7,55.4,0,1
2025-02-03,12,0,2,A,15,13,2,87.1,0,1
2025-02-03,12,0,2,B,15,13,2,87.4,0,1
2025-02-03,12,0,2,C,15,8,7,57.6,0,1
2025-02-03,12,0,2,D,15,7,8,48.3,0,1
2025-02-03,13,0,2,A,15,13,2,87.6,0,1
2025-02-03,13,0,2,B,15,11,4,75.4,0,1
2025-02-03,13,0,2,C,15,10,5,68.9,0,1
2025-02-03,13,0,2,D,15,9,6,62.0,0,1
2025-02-03,14,0,2,A,15,11,4,78.7,0,1
2025-02-03,14,0,2,B,15,12,3,81.9,0,1
2025-02-03,14,0,2,C,15,7,8,50.2,0,1
2025-02-03,14,0,2,D,15,7,8,49.4,0,1
2025-02-03,15,0,2,A,15,11,4,79.7,0,1
2025-02-03,15,0,2,B,15,8,7,56.9,0,1
2025-02-03,15,0,2,C,15,9,6,61.6,0,1
2025-02-03,15,0,2,D,15,10,5,69.3,0,1
2025-02-03,16,0,2,A,15,12,3,80.7,0,1
2025-02-03,16,0,2,B,15,10,5,71.8,0,1
2025-02-03,16,0,2,C,15,7,8,52.9,0,1
2025-02-03,16,0,2,D,15,7,8,51.1,0,1
2025-02-03,17,0,2,A,15,9,6,66.0,0,1
2025-02-03,17,0,2,B,15,8,7,57.5,0,1
2025-02-03,17,0,2,C,15,9,6,64.3,0,1
2025-02-03,17,0,2,D,15,7,8,52.5,0,1
2025-02-03,18,0,2,A,15,9,6,60.1,0,1
2025-02-03,18,0,2,B,15,9,6,62.0,0,1
2025-02-03,18,0,2,C,15,8,7,58.0,0,1
2025-02-03,18,0,2,D,15,8,7,57.1,0,1
2025-02-03,19,0,2,A,15,12,3,81.6,0,1
2025-02-03,19,0,2,B,15,7,8,51.9,0,1
2025-02-03,19,0,2,C,15,7,8,47.5,0,1
2025-02-03,19,0,2,D,15,5,10,37.9,0,1
2025-02-03,20,0,2,A,15,4,11,26.9,0,1
2025-02-03,20,0,2,B,15,4,11,28.7,0,1
2025-02-03,20,0,2,C,15,4,11,30.4,0,1
2025-02-03,20,0,2,D,15,2,13,19.4,0,1
2025-02-03,21,0,2,A,15,3,12,26.2,0,1
2025-02-03,21,0,2,B,15,3,12,26.2,0,1
2025-02-03,21,0,2,C,15,2,13,15.8,0,1
2025-02-03,21,0,2,D,15,5,10,36.7,0,1
2025-02-04,6,1,2,A,15,4,11,27.4,0,1
2025-02-04,6,1,2,B,15,5,10,36.5,0,1
2025-02-04,6,1,2,C,15,7,8,47.7,0,1
2025-02-04,6,1,2,D,15,4,11,28.1,0,1
2025-02-04,7,1,2,A,15,5,10,38.7,0,1
2025-02-04,7,1,2,B,15,4,11,32.1,0,1
2025-02-04,7,1,2,C,15,4,11,30.1,0,1
2025-02-04,7,1,2,D,15,5,10,39.0,0,1
2025-02-04,8,1,2,A,15,12,3,80.1,0,1
2025-02-04,8,1,2,B,15,14,1,97.3,0,1
2025-02-04,8,1,2,C,15,9,6,65.1,0,1
2025-02-04,8,1,2,D,15,9,6,65.9,0,1
2025-02-04,9,1,2,A,15,14,1,94.3,0,1
2025-02-04,9,1,2,B,15,13,2,89.7,0,1
2025-02-04,9,1,2,C,15,9,6,63.7,0,1
2025-02-04,9,1,2,D,15,10,5,71.7,0,1
2025-02-04,10,1,2,A,15,14,1,98.0,0,1
2025-02-04,10,1,2,B,15,11,4,74.1,0,1
2025-02-04,10,1,2,C,15,11,4,78.0,0,1
2025-02-04,10,1,2,D,15,9,6,62.7,0,1
2025-02-04,11,1,2,A,15,13,2,89.7,0,1
2025-02-04,11,1,2,B,15,11,4,75.2,0,1
2025-02-04,11,1,2,C,15,9,6,62.4,0,1
2025-02-04,11,1,2,D,15,9,6,63.9,0,1
2025-02-04,12,1,2,A,15,14,1,98.0,0,1
2025-02-04,12,1,2,B,15,11,4,73.5,0,1
2025-02-04,12,1,2,C,15,10,5,73.3,0,1
2025-02-04,12,1,2,D,15,7,8,49.7,0,1
2025-02-04,13,1,2,A,15,11,4,78.6,0,1
2025-02-04,13,1,2,B,15,11,4,78.8,0,1
2025-02-04,13,1,2,C,15,11,4,79.4,0,1
2025-02-04,13,1,2,D,15,9,6,62.8,0,1
2025-02-04,14,1,2,A,15,11,4,78.0,0,1
2025-02-04,14,1,2,B,15,10,5,70.0,0,1
2025-02-04,14,1,2,C,15,7,8,53.0,0,1
2025-02-04,14,1,2,D,15,9,6,60.8,0,1
2025-02-04,15,1,2,A,15,13,2,87.6,0,1
2025-02-04,15,1,2,B,15,9,6,66.4,0,1
2025-02-04,15,1,2,C,15,8,7,59.2,0,1
2025-02-04,15,1,2,D,15,8,7,58.1,0,1
2025-02-04,16,1,2,A,15,11,4,77.0,0,1
2025-02-04,16,1,2,B,15,10,5,69.5,0,1
2025-02-04,16,1,2,C,15,11,4,79.8,0,1
2025-02-04,16,1,2,D,15,8,7,54.0,0,1
2025-02-04,17,1,2,A,15,9,6,66.1,0,1
2025-02-04,17,1,2,B,15,8,7,54.8,0,1
2025-02-04,17,1,2,C,15,8,7,60.0,0,1
2025-02-04,17,1,2,D,15,6,9,46.6,0,1
2025-02-04,18,1,2,A,15,9,6,63.8,0,1
2025-02-04,18,1,2,B,15,10,5,70.6,0,1
2025-02-04,18,1,2,C,15,9,6,65.4,0,1
2025-02-04,18,1,2,D,15,6,9,43.2,0,1
2025-02-04,19,1,2,A,15,8,7,54.1,0,1
2025-02-04,19,1,2,B,15,10,5,68.1,0,1
2025-02-04,19,1,2,C,15,7,8,48.5,0,1
2025-02-04,19,1,2,D,15,8,7,54.3,0,1
2025-02-04,20,1,2,A,15,1,14,13.0,0,1
2025-02-04,20,1,2,B,15,4,11,32.1,0,1
2025-02-04,20,1,2,C,15,1,14,12.8,0,1
2025-02-04,20,1,2,D,15,3,12,25.8,0,1
2025-02-04,21,1,2,A,15,4,11,28.9,0,1
2025-02-04,21,1,2,B,15,2,13,17.4,0,1
2025-02-04,21,1,2,C,15,2,13,19.2,0,1
2025-02-04,21,1,2,D,15,3,12,25.5,0,1
2025-02-05,6,2,2,A,15,6,9,41.1,0,1
2025-02-05,6,2,2,B,15,5,10,39.7,0,1
2025-02-05,6,2,2,C,15,7,8,47.3,0,1
2025-02-05,6,2,2,D,15,2,13,15.5,0,1
2025-02-05,7,2,2,A,15,7,8,53.2,0,1
2025-02-05,7,2,2,B,15,5,10,35.8,0,1
2025-02-05,7,2,2,C,15,3,12,24.3,0,1
2025-02-05,7,2,2,D,15,2,13,17.4,0,1
2025-02-05,8,2,2,A,15,14,1,96.2,0,1
2025-02-05,8,2,2,B,15,13,2,92.4,0,1
2025-02-05,8,2,2,C,15,11,4,75.5,0,1
2025-02-05,8,2,2,D,15,12,3,80.1,0,1
2025-02-05,9,2,2,A,15,12,3,86.1,0,1
2025-02-05,9,2,2,B,15,12,3,84.9,0,1
2025-02-05,9,2,2,C,15,9,6,66.5,0,1
2025-02-05,9,2,2,D,15,10,5,70.9,0,1
2025-02-05,10,2,2,A,15,14,1,98.0,0,1
2025-02-05,10,2,2,B,15,12,3,81.6,0,1
2025-02-05,10,2,2,C,15,8,7,55.7,0,1
2025-02-05,10,2,2,D,15,10,5,69.6,0,1
2025-02-05,11,2,2,A,15,13,2,89.7,0,1
2025-02-05,11,2,2,B,15,11,4,78.2,0,1
2025-02-05,11,2,2,C,15,11,4,77.4,0,1
2025-02-05,11,2,2,D,15,7,8,51.4,0,1
2025-02-05,12,2,2,A,15,13,2,91.7,0,1
2025-02-05,12,2,2,B,15,12,3,84.5,0,1
2025-02-05,12,2,2,C,15,7,8,53.3,0,1
2025-02-05,12,2,2,D,15,9,6,62.6,0,1
2025-02-05,13,2,2,A,15,12,3,82.2,0,1
2025-02-05,13,2,2,B,15,11,4,74.3,0,1
2025-02-05,13,2,2,C,15,10,5,70.3,0,1
2025-02-05,13,2,2,D,15,8,7,56.1,0,1
2025-02-05,14,2,2,A,15,11,4,75.1,0,1
2025-02-05,14,2,2,B,15,10,5,70.3,0,1
2025-02-05,14,2,2,C,15,8,7,54.3,0,1
2025-02-05,14,2,2,D,15,7,8,47.3,0,1
2025-02-05,15,2,2,A,15,12,3,85.9,0,1
2025-02-05,15,2,2,B,15,9,6,60.8,0,1
2025-02-05,15,2,2,C,15,10,5,68.3,0,1
2025-02-05,15,2,2,D,15,8,7,59.7,0,1
2025-02-05,16,2,2,A,15,10,5,66.7,0,1
2025-02-05,16,2,2,B,15,9,6,64.6,0,1
2025-02-05,16,2,2,C,15,10,5,72.6,0,1
2025-02-05,16,2,2,D,15,7,8,48.2,0,1
2025-02-05,17,2,2,A,15,9,6,65.3,0,1
2025-02-05,17,2,2,B,15,9,6,63.7,0,1
2025-02-05,17,2,2,C,15,9,6,60.3,0,1
2025-02-05,17,2,2,D,15,6,9,46.0,0,1
2025-02-05,18,2,2,A,15,9,6,64.2,0,1
2025-02-05,18,2,2,B,15,10,5,71.4,0,1
2025-02-05,18,2,2,C,15,10,5,67.9,0,1
2025-02-05,18,2,2,D,15,8,7,55.8,0,1
2025-02-05,19,2,2,A,15,10,5,69.7,0,1
2025-02-05,19,2,2,B,15,8,7,53.5,0,1
2025-02-05,19,2,2,C,15,7,8,47.4,0,1
2025-02-05,19,2,2,D,15,7,8,52.2,0,1
2025-02-05,20,2,2,A,15,4,11,32.1,0,1
2025-02-05,20,2,2,B,15,5,10,36.2,0,1
2025-02-05,20,2,2,C,15,4,11,27.7,0,1
2025-02-05,20,2,2,D,15,1,14,8.0,0,1
2025-02-05,21,2,2,A,15,5,10,37.2,0,1
2025-02-05,21,2,2,B,15,2,13,17.0,0,1
2025-02-05,21,2,2,C,15,2,13,19.4,0,1
2025-02-05,21,2,2,D,15,3,12,22.0,0,1
2025-02-06,6,3,2,A,15,8,7,56.2,0,1
2025-02-06,6,3,2,B,15,8,7,59.9,0,1
2025-02-06,6,3,2,C,15,5,10,36.4,0,1
2025-02-06,6,3,2,D,15,3,12,26.5,0,1
2025-02-06,7,3,2,A,15,6,9,44.5,0,1
2025-02-06,7,3,2,B,15,6,9,42.1,0,1
2025-02-06,7,3,2,C,15,4,11,28.9,0,1
2025-02-06,7,3,2,D,15,6,9,42.4,0,1
2025-02-06,8,3,2,A,15,14,1,98.0,0,1
2025-02-06,8,3,2,B,15,13,2,89.0,0,1
2025-02-06,8,3,2,C,15,12,3,81.8,0,1
2025-02-06,8,3,2,D,15,10,5,71.4,0,1
2025-02-06,9,3,2,A,15,14,1,98.0,0,1
2025-02-06,9,3,2,B,15,12,3,80.1,0,1
2025-02-06,9,3,2,C,15,10,5,72.0,0,1
2025-02-06,9,3,2,D,15,8,7,59.2,0,1
2025-02-06,10,3,2,A,15,14,1,98.0,0,1
2025-02-06,10,3,2,B,15,13,2,91.2,0,1
2025-02-06,10,3,2,C,15,12,3,80.2,0,1
2025-02-06,10,3,2,D,15,12,3,81.4,0,1
2025-02-06,11,3,2,A,15,12,3,86.2,0,1
2025-02-06,11,3,2,B,15,12,3,80.3,0,1
2025-02-06,11,3,2,C,15,8,7,58.8,0,1
2025-02-06,11,3,2,D,15,8,7,56.9,0,1
2025-02-06,12,3,2,A,15,13,2,91.8,0,1
2025-02-06,12,3,2,B,15,12,3,81.8,0,1
2025-02-06,12,3,2,C,15,9,6,65.1,0,1
2025-02-06,12,3,2,D,15,8,7,59.4,0,1
2025-02-06,13,3,2,A,15,11,4,74.1,0,1
2025-02-06,13,3,2,B,15,10,5,72.1,0,1
2025-02-06,13,3,2,C,15,11,4,74.6,0,1
2025-02-06,13,3,2,D,15,9,6,64.6,0,1
2025-02-06,14,3,2,A,15,12,3,84.5,0,1
2025-02-06,14,3,2,B,15,10,5,70.4,0,1
2025-02-06,14,3,2,C,15,9,6,63.1,0,1
2025-02-06,14,3,2,D,15,7,8,50.7,0,1
2025-02-06,15,3,2,A,15,12,3,86.1,0,1
2025-02-06,15,3,2,B,15,11,4,73.4,0,1
2025-02-06,15,3,2,C,15,10,5,66.9,0,1
2025-02-06,15,3,2,D,15,7,8,51.8,0,1
2025-02-06,16,3,2,A,15,9,6,63.3,0,1
2025-02-06,16,3,2,B,15,11,4,78.8,0,1
2025-02-06,16,3,2,C,15,8,7,59.2,0,1
2025-02-06,16,3,2,D,15,7,8,49.1,0,1
2025-02-06,17,3,2,A,15,11,4,74.5,0,1
2025-02-06,17,3,2,B,15,8,7,56.9,0,1
2025-02-06,17,3,2,C,15,9,6,62.5,0,1
2025-02-06,17,3,2,D,15,7,8,52.9,0,1
2025-02-06,18,3,2,A,15,11,4,74.5,0,1
2025-02-06,18,3,2,B,15,7,8,49.1,0,1
2025-02-06,18,3,2,C,15,9,6,63.7,0,1
2025-02-06,18,3,2,D,15,7,8,50.1,0,1
2025-02-06,19,3,2,A,15,9,6,66.0,0,1
2025-02-06,19,3,2,B,15,9,6,61.1,0,1
2025-02-06,19,3,2,C,15,5,10,39.8,0,1
2025-02-06,19,3,2,D,15,7,8,51.3,0,1
2025-02-06,20,3,2,A,15,3,12,20.5,0,1
2025-02-06,20,3,2,B,15,2,13,14.2,0,1
2025-02-06,20,3,2,C,15,1,14,10.3,0,1
2025-02-06,20,3,2,D,15,4,11,28.9,0,1
2025-02-06,21,3,2,A,15,3,12,23.7,0,1
2025-02-06,21,3,2,B,15,5,10,37.3,0,1
2025-02-06,21,3,2,C,15,2,13,18.2,0,1
2025-02-06,21,3,2,D,15,0,15,6.3,0,1
2025-02-07,6,4,2,A,15,4,11,31.3,0,1
2025-02-07,6,4,2,B,15,6,9,44.9,0,1
2025-02-07,6,4,2,C,15,4,11,30.3,0,1
2025-02-07,6,4,2,D,15,3,12,23.6,0,1
2025-02-07,7,4,2,A,15,6,9,41.5,0,1
2025-02-07,7,4,2,B,15,5,10,39.0,0,1
2025-02-07,7,4,2,C,15,6,9,40.4,0,1
2025-02-07,7,4,2,D,15,5,10,39.6,0,1
2025-02-07,8,4,2,A,15,14,1,94.9,0,1
2025-02-07,8,4,2,B,15,11,4,74.4,0,1
2025-02-07,8,4,2,C,15,10,5,73.2,0,1
2025-02-07,8,4,2,D,15,10,5,70.1,0,1
2025-02-07,9,4,2,A,15,13,2,90.0,0,1
2025-02-07,9,4,2,B,15,11,4,77.3,0,1
2025-02-07,9,4,2,C,15,11,4,79.3,0,1
2025-02-07,9,4,2,D,15,10,5,67.6,0,1
2025-02-07,10,4,2,A,15,14,1,98.0,0,1
2025-02-07,10,4,2,B,15,11,4,78.9,0,1
2025-02-07,10,4,2,C,15,11,4,74.7,0,1
2025-02-07,10,4,2,D,15,9,6,60.6,0,1
2025-02-07,11,4,2,A,15,14,1,93.4,0,1
2025-02-07,11,4,2,B,15,12,3,83.3,0,1
2025-02-07,11,4,2,C,15,7,8,52.7,0,1
2025-02-07,11,4,2,D,15,7,8,52.6,0,1
2025-02-07,12,4,2,A,15,11,4,74.3,0,1
2025-02-07,12,4,2,B,15,10,5,69.8,0,1
2025-02-07,12,4,2,C,15,10,5,66.8,0,1
2025-02-07,12,4,2,D,15,7,8,48.4,0,1
2025-02-07,13,4,2,A,15,11,4,78.9,0,1
2025-02-07,13,4,2,B,15,10,5,67.0,0,1
2025-02-07,13,4,2,C,15,10,5,69.2,0,1
2025-02-07,13,4,2,D,15,9,6,60.6,0,1
2025-02-07,14,4,2,A,15,11,4,74.7,0,1
2025-02-07,14,4,2,B,15,10,5,71.4,0,1
2025-02-07,14,4,2,C,15,8,7,58.6,0,1
2025-02-07,14,4,2,D,15,8,7,53.8,0,1
2025-02-07,15,4,2,A,15,14,1,93.9,0,1
2025-02-07,15,4,2,B,15,12,3,80.7,0,1
2025-02-07,15,4,2,C,15,7,8,52.6,0,1
2025-02-07,15,4,2,D,15,9,6,62.6,0,1
2025-02-07,16,4,2,A,15,13,2,87.0,0,1
2025-02-07,16,4,2,B,15,9,6,60.8,0,1
2025-02-07,16,4,2,C,15,10,5,69.6,0,1
2025-02-07,16,4,2,D,15,10,5,68.3,0,1
2025-02-07,17,4,2,A,15,9,6,60.0,0,1
2025-02-07,17,4,2,B,15,7,8,52.7,0,1
2025-02-07,17,4,2,C,15,9,6,62.1,0,1
2025-02-07,17,4,2,D,15,7,8,50.2,0,1
2025-02-07,18,4,2,A,15,11,4,73.4,0,1
2025-02-07,18,4,2,B,15,9,6,62.7,0,1
2025-02-07,18,4,2,C,15,8,7,57.1,0,1
2025-02-07,18,4,2,D,15,5,10,37.4,0,1
2025-02-07,19,4,2,A,15,11,4,77.4,0,1
2025-02-07,19,4,2,B,15,10,5,69.4,0,1
2025-02-07,19,4,2,C,15,7,8,52.2,0,1
2025-02-07,19,4,2,D,15,7,8,47.7,0,1
2025-02-07,20,4,2,A,15,2,13,16.5,0,1
2025-02-07,20,4,2,B,15,4,11,29.1,0,1
2025-02-07,20,4,2,C,15,4,11,27.1,0,1
2025-02-07,20,4,2,D,15,2,13,19.5,0,1
2025-02-07,21,4,2,A,15,5,10,37.7,0,1
2025-02-07,21,4,2,B,15,3,12,22.3,0,1
2025-02-07,21,4,2,C,15,4,11,27.0,0,1
2025-02-07,21,4,2,D,15,1,14,11.8,0,1
2025-02-08,6,5,2,A,15,2,13,13.9,1,1
2025-02-08,6,5,2,B,15,1,14,10.9,1,1
2025-02-08,6,5,2,C,15,1,14,12.8,1,1
2025-02-08,6,5,2,D,15,1,14,6.8,1,1
2025-02-08,7,5,2,A,15,1,14,13.0,1,1
2025-02-08,7,5,2,B,15,2,13,18.9,1,1
2025-02-08,7,5,2,C,15,1,14,7.5,1,1
2025-02-08,7,5,2,D,15,0,15,5.0,1,1
2025-02-08,8,5,2,A,15,7,8,48.2,1,1
2025-02-08,8,5,2,B,15,6,9,40.8,1,1
2025-02-08,8,5,2,C,15,2,13,16.4,1,1
2025-02-08,8,5,2,D,15,4,11,29.3,1,1
2025-02-08,9,5,2,A,15,4,11,30.2,1,1
2025-02-08,9,5,2,B,15,4,11,31.9,1,1
2025-02-08,9,5,2,C,15,4,11,29.1,1,1
2025-02-08,9,5,2,D,15,3,12,21.9,1,1
2025-02-08,10,5,2,A,15,4,11,27.9,1,1
2025-02-08,10,5,2,B,15,3,12,24.2,1,1
2025-02-08,10,5,2,C,15,2,13,19.4,1,1
2025-02-08,10,5,2,D,15,2,13,17.1,1,1
2025-02-08,11,5,2,A,15,4,11,29.7,1,1
2025-02-08,11,5,2,B,15,3,12,20.5,1,1
2025-02-08,11,5,2,C,15,4,11,29.1,1,1
2025-02-08,11,5,2,D,15,4,11,32.9,1,1
2025-02-08,12,5,2,A,15,3,12,25.5,1,1
2025-02-08,12,5,2,B,15,4,11,28.2,1,1
2025-02-08,12,5,2,C,15,4,11,27.6,1,1
2025-02-08,12,5,2,D,15,3,12,24.8,1,1
2025-02-08,13,5,2,A,15,4,11,30.8,1,1
2025-02-08,13,5,2,B,15,4,11,32.2,1,1
2025-02-08,13,5,2,C,15,4,11,27.5,1,1
2025-02-08,13,5,2,D,15,1,14,11.1,1,1
2025-02-08,14,5,2,A,15,5,10,35.1,1,1
2025-02-08,14,5,2,B,15,4,11,31.6,1,1
2025-02-08,14,5,2,C,15,2,13,15.9,1,1
2025-02-08,14,5,2,D,15,2,13,19.9,1,1
2025-02-08,15,5,2,A,15,5,10,33.6,1,1
2025-02-08,15,5,2,B,15,3,12,22.8,1,1
2025-02-08,15,5,2,C,15,4,11,30.6,1,1
2025-02-08,15,5,2,D,15,5,10,38.5,1,1
2025-02-08,16,5,2,A,15,3,12,21.9,1,1
2025-02-08,16,5,2,B,15,2,13,13.5,1,1
2025-02-08,16,5,2,C,15,3,12,24.5,1,1
2025-02-08,16,5,2,D,15,3,12,25.4,1,1
2025-02-08,17,5,2,A,15,3,12,22.3,1,1
2025-02-08,17,5,2,B,15,4,11,32.6,1,1
2025-02-08,17,5,2,C,15,1,14,8.2,1,1
2025-02-08,17,5,2,D,15,3,12,22.3,1,1
2025-02-08,18,5,2,A,15,2,13,19.3,1,1
2025-02-08,18,5,2,B,15,5,10,34.8,1,1
2025-02-08,18,5,2,C,15,5,10,34.8,1,1
2025-02-08,18,5,2,D,15,1,14,10.7,1,1
2025-02-08,19,5,2,A,15,2,13,19.8,1,1
2025-02-08,19,5,2,B,15,4,11,27.9,1,1
2025-02-08,19,5,2,C,15,2,13,15.8,1,1
2025-02-08,19,5,2,D,15,2,13,16.4,1,1
2025-02-08,20,5,2,A,15,1,14,10.3,1,1
2025-02-08,20,5,2,B,15,0,15,5.0,1,1
2025-02-08,20,5,2,C,15,1,14,7.8,1,1
2025-02-08,20,5,2,D,15,0,15,5.0,1,1
2025-02-08,21,5,2,A,15,0,15,6.1,1,1
2025-02-08,21,5,2,B,15,3,12,20.3,1,1
2025-02-08,21,5,2,C,15,0,15,5.0,1,1
2025-02-08,21,5,2,D,15,2,13,13.5,1,1
2025-02-09,6,6,2,A,15,1,14,11.9,1,1
2025-02-09,6,6,2,B,15,1,14,10.0,1,1
2025-02-09,6,6,2,C,15,2,13,17.3,1,1
2025-02-09,6,6,2,D,15,1,14,12.5,1,1
2025-02-09,7,6,2,A,15,2,13,18.7,1,1
2025-02-09,7,6,2,B,15,2,13,20.0,1,1
2025-02-09,7,6,2,C,15,1,14,8.4,1,1
2025-02-09,7,6,2,D,15,0,15,5.0,1,1
2025-02-09,8,6,2,A,15,3,12,25.5,1,1
2025-02-09,8,6,2,B,15,3,12,23.1,1,1
2025-02-09,8,6,2,C,15,7,8,50.4,1,1
2025-02-09,8,6,2,D,15,5,10,33.8,1,1
2025-02-09,9,6,2,A,15,3,12,23.4,1,1
2025-02-09,9,6,2,B,15,2,13,19.2,1,1
2025-02-09,9,6,2,C,15,4,11,30.6,1,1
2025-02-09,9,6,2,D,15,4,11,28.2,1,1
2025-02-09,10,6,2,A,15,5,10,38.6,1,1
2025-02-09,10,6,2,B,15,4,11,27.7,1,1
2025-02-09,10,6,2,C,15,3,12,25.8,1,1
2025-02-09,10,6,2,D,15,3,12,26.4,1,1
2025-02-09,11,6,2,A,15,4,11,30.9,1,1
2025-02-09,11,6,2,B,15,1,14,8.5,1,1
2025-02-09,11,6,2,C,15,3,12,21.8,1,1
2025-02-09,11,6,2,D,15,2,13,14.2,1,1
2025-02-09,12,6,2,A,15,4,11,31.6,1,1
2025-02-09,12,6,2,B,15,7,8,50.1,1,1
2025-02-09,12,6,2,C,15,3,12,26.6,1,1
2025-02-09,12,6,2,D,15,2,13,18.5,1,1
2025-02-09,13,6,2,A,15,5,10,37.6,1,1
2025-02-09,13,6,2,B,15,4,11,30.1,1,1
2025-02-09,13,6,2,C,15,4,11,27.0,1,1
2025-02-09,13,6,2,D,15,3,12,25.9,1,1
2025-02-09,14,6,2,A,15,6,9,44.6,1,1
2025-02-09,14,6,2,B,15,2,13,15.5,1,1
2025-02-09,14,6,2,C,15,3,12,25.8,1,1
2025-02-09,14,6,2,D,15,1,14,12.2,1,1
2025-02-09,15,6,2,A,15,4,11,32.6,1,1
2025-02-09,15,6,2,B,15,2,13,17.2,1,1
2025-02-09,15,6,2,C,15,2,13,18.7,1,1
2025-02-09,15,6,2,D,15,2,13,17.2,1,1
2025-02-09,16,6,2,A,15,5,10,36.0,1,1
2025-02-09,16,6,2,B,15,4,11,31.8,1,1
2025-02-09,16,6,2,C,15,1,14,12.1,1,1
2025-02-09,16,6,2,D,15,3,12,20.0,1,1
2025-02-09,17,6,2,A,15,2,13,18.5,1,1
2025-02-09,17,6,2,B,15,1,14,10.9,1,1
2025-02-09,17,6,2,C,15,2,13,17.2,1,1
2025-02-09,17,6,2,D,15,2,13,14.3,1,1
2025-02-09,18,6,2,A,15,6,9,43.6,1,1
2025-02-09,18,6,2,B,15,3,12,24.5,1,1
2025-02-09,18,6,2,C,15,1,14,7.9,1,1
2025-02-09,18,6,2,D,15,1,14,12.3,1,1
2025-02-09,19,6,2,A,15,4,11,32.3,1,1
2025-02-09,19,6,2,B,15,5,10,37.7,1,1
2025-02-09,19,6,2,C,15,0,15,6.2,1,1
2025-02-09,19,6,2,D,15,0,15,5.0,1,1
2025-02-09,20,6,2,A,15,3,12,25.0,1,1
2025-02-09,20,6,2,B,15,1,14,11.9,1,1
2025-02-09,20,6,2,C,15,0,15,5.0,1,1
2025-02-09,20,6,2,D,15,1,14,11.3,1,1
2025-02-09,21,6,2,A,15,0,15,5.0,1,1
2025-02-09,21,6,2,B,15,1,14,8.8,1,1
2025-02-09,21,6,2,C,15,1,14,10.5,1,1
2025-02-09,21,6,2,D,15,2,13,14.4,1,1
2025-02-10,6,0,2,A,15,4,11,32.1,0,1
2025-02-10,6,0,2,B,15,5,10,35.7,0,1
2025-02-10,6,0,2,C,15,3,12,24.1,0,1
2025-02-10,6,0,2,D,15,4,11,30.0,0,1
2025-02-10,7,0,2,A,15,4,11,33.1,0,1
2025-02-10,7,0,2,B,15,4,11,31.7,0,1
2025-02-10,7,0,2,C,15,3,12,23.5,0,1
2025-02-10,7,0,2,D,15,4,11,33.2,0,1
2025-02-10,8,0,2,A,15,14,1,98.0,0,1
2025-02-10,8,0,2,B,15,12,3,83.1,0,1
2025-02-10,8,0,2,C,15,11,4,76.8,0,1
2025-02-10,8,0,2,D,15,8,7,56.4,0,1
2025-02-10,9,0,2,A,15,14,1,95.4,0,1
2025-02-10,9,0,2,B,15,12,3,84.6,0,1
2025-02-10,9,0,2,C,15,14,1,97.5,0,1
2025-02-10,9,0,2,D,15,8,7,59.1,0,1
2025-02-10,10,0,2,A,15,14,1,98.0,0,1
2025-02-10,10,0,2,B,15,13,2,93.0,0,1
2025-02-10,10,0,2,C,15,11,4,78.7,0,1
2025-02-10,10,0,2,D,15,12,3,82.1,0,1
2025-02-10,11,0,2,A,15,13,2,89.2,0,1
2025-02-10,11,0,2,B,15,11,4,78.1,0,1
2025-02-10,11,0,2,C,15,10,5,67.1,0,1
2025-02-10,11,0,2,D,15,10,5,69.8,0,1
2025-02-10,12,0,2,A,15,14,1,95.0,0,1
2025-02-10,12,0,2,B,15,10,5,70.0,0,1
2025-02-10,12,0,2,C,15,8,7,56.9,0,1
2025-02-10,12,0,2,D,15,8,7,58.4,0,1
2025-02-10,13,0,2,A,15,11,4,79.8,0,1
2025-02-10,13,0,2,B,15,11,4,74.5,0,1
2025-02-10,13,0,2,C,15,11,4,77.4,0,1
2025-02-10,13,0,2,D,15,8,7,56.3,0,1
2025-02-10,14,0,2,A,15,12,3,80.2,0,1
2025-02-10,14,0,2,B,15,10,5,70.5,0,1
2025-02-10,14,0,2,C,15,10,5,69.8,0,1
2025-02-10,14,0,2,D,15,5,10,38.0,0,1
2025-02-10,15,0,2,A,15,11,4,75.6,0,1
2025-02-10,15,0,2,B,15,10,5,71.7,0,1
2025-02-10,15,0,2,C,15,10,5,72.6,0,1
2025-02-10,15,0,2,D,15,7,8,52.1,0,1
2025-02-10,16,0,2,A,15,9,6,65.5,0,1
2025-02-10,16,0,2,B,15,11,4,75.0,0,1
2025-02-10,16,0,2,C,15,8,7,57.9,0,1
2025-02-10,16,0,2,D,15,6,9,46.5,0,1
2025-02-10,17,0,2,A,15,9,6,64.0,0,1
2025-02-10,17,0,2,B,15,8,7,58.5,0,1
2025-02-10,17,0,2,C,15,7,8,49.2,0,1
2025-02-10,17,0,2,D,15,4,11,30.4,0,1
2025-02-10,18,0,2,A,15,11,4,76.2,0,1
2025-02-10,18,0,2,B,15,10,5,70.2,0,1
2025-02-10,18,0,2,C,15,8,7,59.2,0,1
2025-02-10,18,0,2,D,15,5,10,38.9,0,1
2025-02-10,19,0,2,A,15,10,5,67.4,0,1
2025-02-10,19,0,2,B,15,8,7,59.9,0,1
2025-02-10,19,0,2,C,15,8,7,58.8,0,1
2025-02-10,19,0,2,D,15,8,7,53.3,0,1
2025-02-10,20,0,2,A,15,3,12,22.9,0,1
2025-02-10,20,0,2,B,15,3,12,25.7,0,1
2025-02-10,20,0,2,C,15,3,12,26.2,0,1
2025-02-10,20,0,2,D,15,4,11,31.6,0,1
2025-02-10,21,0,2,A,15,5,10,34.4,0,1
2025-02-10,21,0,2,B,15,4,11,31.3,0,1
2025-02-10,21,0,2,C,15,3,12,23.2,0,1
2025-02-10,21,0,2,D,15,4,11,31.3,0,1
2025-02-11,6,1,2,A,15,6,9,43.5,0,1
2025-02-11,6,1,2,B,15,4,11,28.1,0,1
2025-02-11,6,1,2,C,15,6,9,42.7,0,1
2025-02-11,6,1,2,D,15,5,10,33.6,0,1
2025-02-11,7,1,2,A,15,5,10,36.7,0,1
2025-02-11,7,1,2,B,15,4,11,31.2,0,1
2025-02-11,7,1,2,C,15,5,10,33.9,0,1
2025-02-11,7,1,2,D,15,4,11,31.7,0,1
2025-02-11,8,1,2,A,15,14,1,98.0,0,1
2025-02-11,8,1,2,B,15,13,2,87.5,0,1
2025-02-11,8,1,2,C,15,13,2,90.1,0,1
2025-02-11,8,1,2,D,15,11,4,76.6,0,1
2025-02-11,9,1,2,A,15,14,1,98.0,0,1
2025-02-11,9,1,2,B,15,13,2,92.5,0,1
2025-02-11,9,1,2,C,15,10,5,68.2,0,1
2025-02-11,9,1,2,D,15,10,5,71.2,0,1
2025-02-11,10,1,2,A,15,14,1,98.0,0,1
2025-02-11,10,1,2,B,15,12,3,83.3,0,1
2025-02-11,10,1,2,C,15,10,5,69.7,0,1
2025-02-11,10,1,2,D,15,9,6,62.8,0,1
2025-02-11,11,1,2,A,15,11,4,77.5,0,1
2025-02-11,11,1,2,B,15,10,5,68.7,0,1
2025-02-11,11,1,2,C,15,9,6,64.5,0,1
2025-02-11,11,1,2,D,15,7,8,48.8,0,1
2025-02-11,12,1,2,A,15,12,3,86.4,0,1
2025-02-11,12,1,2,B,15,12,3,82.2,0,1
2025-02-11,12,1,2,C,15,9,6,60.2,0,1
2025-02-11,12,1,2,D,15,10,5,72.2,0,1
2025-02-11,13,1,2,A,15,13,2,90.3,0,1
2025-02-11,13,1,2,B,15,12,3,83.2,0,1
2025-02-11,13,1,2,C,15,9,6,62.2,0,1
2025-02-11,13,1,2,D,15,10,5,66.8,0,1
2025-02-11,14,1,2,A,15,10,5,71.8,0,1
2025-02-11,14,1,2,B,15,11,4,77.1,0,1
2025-02-11,14,1,2,C,15,9,6,64.4,0,1
2025-02-11,14,1,2,D,15,9,6,60.4,0,1
2025-02-11,15,1,2,A,15,10,5,71.1,0,1
2025-02-11,15,1,2,B,15,9,6,62.8,0,1
2025-02-11,15,1,2,C,15,10,5,67.8,0,1
2025-02-11,15,1,2,D,15,7,8,48.4,0,1
2025-02-11,16,1,2,A,15,12,3,84.2,0,1
2025-02-11,16,1,2,B,15,8,7,59.1,0,1
2025-02-11,16,1,2,C,15,10,5,69.8,0,1
2025-02-11,16,1,2,D,15,6,9,46.1,0,1
2025-02-11,17,1,2,A,15,11,4,73.4,0,1
2025-02-11,17,1,2,B,15,9,6,65.0,0,1
2025-02-11,17,1,2,C,15,7,8,48.4,0,1
2025-02-11,17,1,2,D,15,7,8,52.7,0,1
2025-02-11,18,1,2,A,15,10,5,71.1,0,1
2025-02-11,18,1,2,B,15,8,7,55.7,0,1
2025-02-11,18,1,2,C,15,6,9,45.9,0,1
2025-02-11,18,1,2,D,15,4,11,32.3,0,1
2025-02-11,19,1,2,A,15,10,5,71.8,0,1
2025-02-11,19,1,2,B,15,7,8,47.5,0,1
2025-02-11,19,1,2,C,15,8,7,54.8,0,1
2025-02-11,19,1,2,D,15,6,9,45.9,0,1
2025-02-11,20,1,2,A,15,5,10,34.2,0,1
2025-02-11,20,1,2,B,15,3,12,22.6,0,1
2025-02-11,20,1,2,C,15,2,13,19.9,0,1
2025-02-11,20,1,2,D,15,3,12,25.9,0,1
2025-02-11,21,1,2,A,15,4,11,31.4,0,1
2025-02-11,21,1,2,B,15,4,11,27.5,0,1
2025-02-11,21,1,2,C,15,3,12,26.3,0,1
2025-02-11,21,1,2,D,15,1,14,7.7,0,1
2025-02-12,6,2,2,A,15,6,9,46.3,0,1
2025-02-12,6,2,2,B,15,5,10,39.9,0,1
2025-02-12,6,2,2,C,15,3,12,23.4,0,1
2025-02-12,6,2,2,D,15,3,12,26.0,0,1
2025-02-12,7,2,2,A,15,5,10,39.9,0,1
2025-02-12,7,2,2,B,15,5,10,33.9,0,1
2025-02-12,7,2,2,C,15,5,10,34.2,0,1
2025-02-12,7,2,2,D,15,5,10,39.5,0,1
2025-02-12,8,2,2,A,15,14,1,98.0,0,1
2025-02-12,8,2,2,B,15,11,4,74.5,0,1
2025-02-12,8,2,2,C,15,12,3,81.5,0,1
2025-02-12,8,2,2,D,15,11,4,78.6,0,1
2025-02-12,9,2,2,A,15,14,1,98.0,0,1
2025-02-12,9,2,2,B,15,14,1,93.7,0,1
2025-02-12,9,2,2,C,15,13,2,92.6,0,1
2025-02-12,9,2,2,D,15,11,4,76.2,0,1
2025-02-12,10,2,2,A,15,14,1,98.0,0,1
2025-02-12,10,2,2,B,15,14,1,93.4,0,1
2025-02-12,10,2,2,C,15,11,4,77.7,0,1
2025-02-12,10,2,2,D,15,10,5,68.2,0,1
2025-02-12,11,2,2,A,15,12,3,83.4,0,1
2025-02-12,11,2,2,B,15,13,2,87.5,0,1
2025-02-12,11,2,2,C,15,9,6,61.0,0,1
2025-02-12,11,2,2,D,15,10,5,72.3,0,1
2025-02-12,12,2,2,A,15,13,2,90.2,0,1
2025-02-12,12,2,2,B,15,9,6,63.8,0,1
2025-02-12,12,2,2,C,15,10,5,70.4,0,1
2025-02-12,12,2,2,D,15,6,9,43.2,0,1
2025-02-12,13,2,2,A,15,13,2,91.3,0,1
2025-02-12,13,2,2,B,15,12,3,82.1,0,1
2025-02-12,13,2,2,C,15,9,6,62.8,0,1
2025-02-12,13,2,2,D,15,9,6,61.0,0,1
2025-02-12,14,2,2,A,15,14,1,96.1,0,1
2025-02-12,14,2,2,B,15,9,6,66.0,0,1
2025-02-12,14,2,2,C,15,8,7,54.5,0,1
2025-02-12,14,2,2,D,15,10,5,67.9,0,1
2025-02-12,15,2,2,A,15,14,1,96.2,0,1
2025-02-12,15,2,2,B,15,10,5,70.0,0,1
2025-02-12,15,2,2,C,15,10,5,71.1,0,1
2025-02-12,15,2,2,D,15,10,5,66.7,0,1
2025-02-12,16,2,2,A,15,11,4,74.6,0,1
2025-02-12,16,2,2,B,15,9,6,66.1,0,1
2025-02-12,16,2,2,C,15,10,5,72.8,0,1
2025-02-12,16,2,2,D,15,10,5,69.5,0,1
2025-02-12,17,2,2,A,15,11,4,73.5,0,1
2025-02-12,17,2,2,B,15,7,8,53.0,0,1
2025-02-12,17,2,2,C,15,10,5,69.9,0,1
2025-02-12,17,2,2,D,15,6,9,43.8,0,1
2025-02-12,18,2,2,A,15,9,6,66.3,0,1
2025-02-12,18,2,2,B,15,9,6,62.7,0,1
2025-02-12,18,2,2,C,15,9,6,66.4,0,1
2025-02-12,18,2,2,D,15,8,7,54.8,0,1
2025-02-12,19,2,2,A,15,10,5,72.3,0,1
2025-02-12,19,2,2,B,15,9,6,63.7,0,1
2025-02-12,19,2,2,C,15,8,7,54.3,0,1
2025-02-12,19,2,2,D,15,7,8,52.5,0,1
2025-02-12,20,2,2,A,15,1,14,8.5,0,1
2025-02-12,20,2,2,B,15,3,12,22.6,0,1
2025-02-12,20,2,2,C,15,3,12,24.4,0,1
2025-02-12,20,2,2,D,15,1,14,10.8,0,1
2025-02-12,21,2,2,A,15,4,11,31.8,0,1
2025-02-12,21,2,2,B,15,3,12,23.4,0,1
2025-02-12,21,2,2,C,15,5,10,36.5,0,1
2025-02-12,21,2,2,D,15,4,11,32.6,0,1
2025-02-13,6,3,2,A,15,5,10,36.5,0,1
2025-02-13,6,3,2,B,15,5,10,33.8,0,1
2025-02-13,6,3,2,C,15,4,11,30.9,0,1
2025-02-13,6,3,2,D,15,3,12,24.4,0,1
2025-02-13,7,3,2,A,15,6,9,41.8,0,1
2025-02-13,7,3,2,B,15,4,11,28.9,0,1
2025-02-13,7,3,2,C,15,3,12,22.5,0,1
2025-02-13,7,3,2,D,15,4,11,33.0,0,1
2025-02-13,8,3,2,A,15,14,1,98.0,0,1
2025-02-13,8,3,2,B,15,11,4,78.6,0,1
2025-02-13,8,3,2,C,15,12,3,83.7,0,1
2025-02-13,8,3,2,D,15,9,6,62.9,0,1
2025-02-13,9,3,2,A,15,14,1,98.0,0,1
2025-02-13,9,3,2,B,15,13,2,91.6,0,1
2025-02-13,9,3,2,C,15,11,4,76.2,0,1
2025-02-13,9,3,2,D,15,10,5,71.6,0,1
2025-02-13,10,3,2,A,15,14,1,93.6,0,1
2025-02-13,10,3,2,B,15,12,3,83.4,0,1
2025-02-13,10,3,2,C,15,11,4,74.9,0,1
2025-02-13,10,3,2,D,15,9,6,62.0,0,1
2025-02-13,11,3,2,A,15,12,3,84.8,0,1
2025-02-13,11,3,2,B,15,9,6,62.6,0,1
2025-02-13,11,3,2,C,15,9,6,63.6,0,1
2025-02-13,11,3,2,D,15,8,7,57.7,0,1
2025-02-13,12,3,2,A,15,12,3,84.2,0,1
2025-02-13,12,3,2,B,15,10,5,73.1,0,1
2025-02-13,12,3,2,C,15,10,5,67.0,0,1
2025-02-13,12,3,2,D,15,9,6,63.8,0,1
2025-02-13,13,3,2,A,15,13,2,93.2,0,1
2025-02-13,13,3,2,B,15,10,5,69.8,0,1
2025-02-13,13,3,2,C,15,8,7,57.9,0,1
2025-02-13,13,3,2,D,15,7,8,51.7,0,1
2025-02-13,14,3,2,A,15,11,4,76.6,0,1
2025-02-13,14,3,2,B,15,10,5,67.2,0,1
2025-02-13,14,3,2,C,15,8,7,56.8,0,1
2025-02-13,14,3,2,D,15,6,9,45.6,0,1
2025-02-13,15,3,2,A,15,11,4,76.9,0,1
2025-02-13,15,3,2,B,15,10,5,71.5,0,1
2025-02-13,15,3,2,C,15,10,5,67.8,0,1
2025-02-13,15,3,2,D,15,7,8,51.5,0,1
2025-02-13,16,3,2,A,15,11,4,77.2,0,1
2025-02-13,16,3,2,B,15,9,6,62.6,0,1
2025-02-13,16,3,2,C,15,9,6,62.7,0,1
2025-02-13,16,3,2,D,15,7,8,49.2,0,1
2025-02-13,17,3,2,A,15,11,4,73.6,0,1
2025-02-13,17,3,2,B,15,6,9,45.7,0,1
2025-02-13,17,3,2,C,15,7,8,51.1,0,1
2025-02-13,17,3,2,D,15,7,8,50.4,0,1
2025-02-13,18,3,2,A,15,10,5,70.5,0,1
2025-02-13,18,3,2,B,15,12,3,81.5,0,1
2025-02-13,18,3,2,C,15,8,7,56.8,0,1
2025-02-13,18,3,2,D,15,5,10,40.0,0,1
2025-02-13,19,3,2,A,15,10,5,68.2,0,1
2025-02-13,19,3,2,B,15,6,9,45.8,0,1
2025-02-13,19,3,2,C,15,8,7,53.4,0,1
2025-02-13,19,3,2,D,15,6,9,41.3,0,1
2025-02-13,20,3,2,A,15,5,10,36.1,0,1
2025-02-13,20,3,2,B,15,3,12,20.6,0,1
2025-02-13,20,3,2,C,15,3,12,21.6,0,1
2025-02-13,20,3,2,D,15,2,13,14.9,0,1
2025-02-13,21,3,2,A,15,6,9,42.7,0,1
2025-02-13,21,3,2,B,15,3,12,22.4,0,1
2025-02-13,21,3,2,C,15,5,10,37.2,0,1
2025-02-13,21,3,2,D,15,3,12,26.5,0,1
2025-02-14,6,4,2,A,15,6,9,44.1,0,1
2025-02-14,6,4,2,B,15,5,10,37.9,0,1
2025-02-14,6,4,2,C,15,5,10,34.7,0,1
2025-02-14,6,4,2,D,15,1,14,12.6,0,1
2025-02-14,7,4,2,A,15,5,10,38.0,0,1
2025-02-14,7,4,2,B,15,6,9,41.8,0,1
2025-02-14,7,4,2,C,15,4,11,31.1,0,1
2025-02-14,7,4,2,D,15,2,13,16.8,0,1
2025-02-14,8,4,2,A,15,14,1,97.3,0,1
2025-02-14,8,4,2,B,15,14,1,98.0,0,1
2025-02-14,8,4,2,C,15,12,3,86.5,0,1
2025-02-14,8,4,2,D,15,10,5,67.5,0,1
2025-02-14,9,4,2,A,15,14,1,98.0,0,1
2025-02-14,9,4,2,B,15,12,3,82.1,0,1
2025-02-14,9,4,2,C,15,9,6,62.9,0,1
2025-02-14,9,4,2,D,15,9,6,60.6,0,1
2025-02-14,10,4,2,A,15,14,1,98.0,0,1
2025-02-14,10,4,2,B,15,12,3,82.8,0,1
2025-02-14,10,4,2,C,15,11,4,74.6,0,1
2025-02-14,10,4,2,D,15,9,6,65.6,0,1
2025-02-14,11,4,2,A,15,14,1,98.0,0,1
2025-02-14,11,4,2,B,15,13,2,88.0,0,1
2025-02-14,11,4,2,C,15,12,3,85.3,0,1
2025-02-14,11,4,2,D,15,8,7,58.7,0,1
2025-02-14,12,4,2,A,15,13,2,88.6,0,1
2025-02-14,12,4,2,B,15,9,6,62.9,0,1
2025-02-14,12,4,2,C,15,11,4,79.3,0,1
2025-02-14,12,4,2,D,15,7,8,50.7,0,1
2025-02-14,13,4,2,A,15,13,2,88.0,0,1
2025-02-14,13,4,2,B,15,9,6,66.2,0,1
2025-02-14,13,4,2,C,15,9,6,62.8,0,1
2025-02-14,13,4,2,D,15,7,8,53.3,0,1
2025-02-14,14,4,2,A,15,11,4,75.6,0,1
2025-02-14,14,4,2,B,15,9,6,65.7,0,1
2025-02-14,14,4,2,C,15,8,7,58.6,0,1
2025-02-14,14,4,2,D,15,9,6,62.7,0,1
2025-02-14,15,4,2,A,15,10,5,71.7,0,1
2025-02-14,15,4,2,B,15,10,5,71.8,0,1
2025-02-14,15,4,2,C,15,10,5,72.7,0,1
2025-02-14,15,4,2,D,15,7,8,51.9,0,1
2025-02-14,16,4,2,A,15,11,4,74.8,0,1
2025-02-14,16,4,2,B,15,10,5,68.2,0,1
2025-02-14,16,4,2,C,15,10,5,72.4,0,1
2025-02-14,16,4,2,D,15,8,7,57.6,0,1
2025-02-14,17,4,2,A,15,9,6,64.8,0,1
2025-02-14,17,4,2,B,15,9,6,63.9,0,1
2025-02-14,17,4,2,C,15,6,9,45.2,0,1
2025-02-14,17,4,2,D,15,8,7,53.5,0,1
2025-02-14,18,4,2,A,15,10,5,72.3,0,1
2025-02-14,18,4,2,B,15,8,7,57.5,0,1
2025-02-14,18,4,2,C,15,7,8,47.3,0,1
2025-02-14,18,4,2,D,15,6,9,40.9,0,1
2025-02-14,19,4,2,A,15,10,5,73.3,0,1
2025-02-14,19,4,2,B,15,10,5,69.8,0,1
2025-02-14,19,4,2,C,15,7,8,48.9,0,1
2025-02-14,19,4,2,D,15,7,8,51.7,0,1
2025-02-14,20,4,2,A,15,1,14,12.1,0,1
2025-02-14,20,4,2,B,15,3,12,20.3,0,1
2025-02-14,20,4,2,C,15,3,12,22.3,0,1
2025-02-14,20,4,2,D,15,1,14,12.7,0,1
2025-02-14,21,4,2,A,15,3,12,21.3,0,1
2025-02-14,21,4,2,B,15,2,13,19.7,0,1
2025-02-14,21,4,2,C,15,3,12,24.8,0,1
2025-02-14,21,4,2,D,15,2,13,18.5,0,1
2025-02-15,6,5,2,A,15,0,15,5.0,1,1
2025-02-15,6,5,2,B,15,0,15,5.0,1,1
2025-02-15,6,5,2,C,15,0,15,6.2,1,1
2025-02-15,6,5,2,D,15,2,13,13.5,1,1
2025-02-15,7,5,2,A,15,0,15,5.0,1,1
2025-02-15,7,5,2,B,15,1,14,8.3,1,1
2025-02-15,7,5,2,C,15,1,14,6.8,1,1
2025-02-15,7,5,2,D,15,3,12,20.9,1,1
2025-02-15,8,5,2,A,15,4,11,31.1,1,1
2025-02-15,8,5,2,B,15,4,11,32.8,1,1
2025-02-15,8,5,2,C,15,4,11,27.9,1,1
2025-02-15,8,5,2,D,15,1,14,6.8,1,1
2025-02-15,9,5,2,A,15,6,9,40.4,1,1
2025-02-15,9,5,2,B,15,4,11,31.5,1,1
2025-02-15,9,5,2,C,15,4,11,30.8,1,1
2025-02-15,9,5,2,D,15,8,7,55.2,1,1
2025-02-15,10,5,2,A,15,2,13,17.5,1,1
2025-02-15,10,5,2,B,15,6,9,43.5,1,1
2025-02-15,10,5,2,C,15,3,12,24.5,1,1
2025-02-15,10,5,2,D,15,3,12,26.1,1,1
2025-02-15,11,5,2,A,15,4,11,29.8,1,1
2025-02-15,11,5,2,B,15,3,12,22.9,1,1
2025-02-15,11,5,2,C,15,2,13,19.1,1,1
2025-02-15,11,5,2,D,15,3,12,23.6,1,1
2025-02-15,12,5,2,A,15,2,13,18.1,1,1
2025-02-15,12,5,2,B,15,4,11,32.3,1,1
2025-02-15,12,5,2,C,15,3,12,20.3,1,1
2025-02-15,12,5,2,D,15,1,14,12.0,1,1
2025-02-15,13,5,2,A,15,3,12,26.6,1,1
2025-02-15,13,5,2,B,15,5,10,36.3,1,1
2025-02-15,13,5,2,C,15,2,13,19.3,1,1
2025-02-15,13,5,2,D,15,3,12,23.9,1,1
2025-02-15,14,5,2,A,15,3,12,22.3,1,1
2025-02-15,14,5,2,B,15,4,11,30.6,1,1
2025-02-15,14,5,2,C,15,4,11,27.5,1,1
2025-02-15,14,5,2,D,15,5,10,34.4,1,1
2025-02-15,15,5,2,A,15,4,11,26.8,1,1
2025-02-15,15,5,2,B,15,4,11,29.8,1,1
2025-02-15,15,5,2,C,15,3,12,22.8,1,1
2025-02-15,15,5,2,D,15,4,11,30.0,1,1
2025-02-15,16,5,2,A,15,3,12,22.4,1,1
2025-02-15,16,5,2,B,15,4,11,30.5,1,1
2025-02-15,16,5,2,C,15,3,12,20.5,1,1
2025-02-15,16,5,2,D,15,2,13,19.1,1,1
2025-02-15,17,5,2,A,15,3,12,24.9,1,1
2025-02-15,17,5,2,B,15,3,12,23.0,1,1
2025-02-15,17,5,2,C,15,2,13,18.0,1,1
2025-02-15,17,5,2,D,15,2,13,18.5,1,1
2025-02-15,18,5,2,A,15,5,10,36.8,1,1
2025-02-15,18,5,2,B,15,4,11,28.9,1,1
2025-02-15,18,5,2,C,15,3,12,25.9,1,1
2025-02-15,18,5,2,D,15,1,14,13.2,1,1
2025-02-15,19,5,2,A,15,2,13,17.0,1,1
2025-02-15,19,5,2,B,15,4,11,28.6,1,1
2025-02-15,19,5,2,C,15,3,12,25.9,1,1
2025-02-15,19,5,2,D,15,4,11,28.6,1,1
2025-02-15,20,5,2,A,15,0,15,5.2,1,1
2025-02-15,20,5,2,B,15,1,14,6.9,1,1
2025-02-15,20,5,2,C,15,0,15,5.0,1,1
2025-02-15,20,5,2,D,15,0,15,5.0,1,1
2025-02-15,21,5,2,A,15,2,13,18.0,1,1
2025-02-15,21,5,2,B,15,0,15,5.0,1,1
2025-02-15,21,5,2,C,15,1,14,13.0,1,1
2025-02-15,21,5,2,D,15,0,15,5.5,1,1
2025-02-16,6,6,2,A,15,2,13,16.7,1,1
2025-02-16,6,6,2,B,15,0,15,5.0,1,1
2025-02-16,6,6,2,C,15,1,14,11.7,1,1
2025-02-16,6,6,2,D,15,0,15,5.0,1,1
2025-02-16,7,6,2,A,15,1,14,12.6,1,1
2025-02-16,7,6,2,B,15,0,15,5.0,1,1
2025-02-16,7,6,2,C,15,3,12,20.7,1,1
2025-02-16,7,6,2,D,15,2,13,16.0,1,1
2025-02-16,8,6,2,A,15,5,10,37.9,1,1
2025-02-16,8,6,2,B,15,6,9,41.9,1,1
2025-02-16,8,6,2,C,15,2,13,19.2,1,1
2025-02-16,8,6,2,D,15,5,10,37.8,1,1
2025-02-16,9,6,2,A,15,6,9,41.7,1,1
2025-02-16,9,6,2,B,15,4,11,27.9,1,1
2025-02-16,9,6,2,C,15,5,10,35.9,1,1
2025-02-16,9,6,2,D,15,2,13,14.9,1,1
2025-02-16,10,6,2,A,15,4,11,27.6,1,1
2025-02-16,10,6,2,B,15,3,12,24.9,1,1
2025-02-16,10,6,2,C,15,3,12,22.5,1,1
2025-02-16,10,6,2,D,15,2,13,15.3,1,1
2025-02-16,11,6,2,A,15,5,10,40.0,1,1
2025-02-16,11,6,2,B,15,3,12,24.2,1,1
2025-02-16,11,6,2,C,15,3,12,26.4,1,1
2025-02-16,11,6,2,D,15,2,13,16.4,1,1
2025-02-16,12,6,2,A,15,2,13,15.6,1,1
2025-02-16,12,6,2,B,15,4,11,28.4,1,1
2025-02-16,12,6,2,C,15,1,14,8.3,1,1
2025-02-16,12,6,2,D,15,3,12,20.5,1,1
2025-02-16,13,6,2,A,15,2,13,19.2,1,1
2025-02-16,13,6,2,B,15,6,9,42.1,1,1
2025-02-16,13,6,2,C,15,4,11,30.9,1,1
2025-02-16,13,6,2,D,15,3,12,21.8,1,1
2025-02-16,14,6,2,A,15,5,10,38.3,1,1
2025-02-16,14,6,2,B,15,2,13,17.7,1,1
2025-02-16,14,6,2,C,15,3,12,26.4,1,1
2025-02-16,14,6,2,D,15,3,12,21.2,1,1
2025-02-16,15,6,2,A,15,4,11,30.3,1,1
2025-02-16,15,6,2,B,15,5,10,34.7,1,1
2025-02-16,15,6,2,C,15,4,11,27.9,1,1
2025-02-16,15,6,2,D,15,3,12,21.9,1,1
2025-02-16,16,6,2,A,15,2,13,14.9,1,1
2025-02-16,16,6,2,B,15,2,13,16.8,1,1
2025-02-16,16,6,2,C,15,3,12,21.1,1,1
2025-02-16,16,6,2,D,15,3,12,20.3,1,1
2025-02-16,17,6,2,A,15,2,13,15.1,1,1
2025-02-16,17,6,2,B,15,6,9,40.3,1,1
2025-02-16,17,6,2,C,15,4,11,31.0,1,1
2025-02-16,17,6,2,D,15,3,12,21.6,1,1
2025-02-16,18,6,2,A,15,3,12,24.7,1,1
2025-02-16,18,6,2,B,15,2,13,19.3,1,1
2025-02-16,18,6,2,C,15,1,14,11.3,1,1
2025-02-16,18,6,2,D,15,2,13,17.4,1,1
2025-02-16,19,6,2,A,15,3,12,26.2,1,1
2025-02-16,19,6,2,B,15,1,14,11.1,1,1
2025-02-16,19,6,2,C,15,3,12,21.6,1,1
2025-02-16,19,6,2,D,15,2,13,15.6,1,1
2025-02-16,20,6,2,A,15,0,15,5.0,1,1
2025-02-16,20,6,2,B,15,0,15,5.0,1,1
2025-02-16,20,6,2,C,15,0,15,5.0,1,1
2025-02-16,20,6,2,D,15,3,12,22.1,1,1
2025-02-16,21,6,2,A,15,2,13,14.5,1,1
2025-02-16,21,6,2,B,15,0,15,5.0,1,1
2025-02-16,21,6,2,C,15,1,14,11.8,1,1
2025-02-16,21,6,2,D,15,0,15,5.0,1,1
2025-02-17,6,0,2,A,15,7,8,48.9,0,1
2025-02-17,6,0,2,B,15,4,11,31.2,0,1
2025-02-17,6,0,2,C,15,4,11,30.8,0,1
2025-02-17,6,0,2,D,15,5,10,38.6,0,1
2025-02-17,7,0,2,A,15,4,11,30.0,0,1
2025-02-17,7,0,2,B,15,3,12,23.8,0,1
2025-02-17,7,0,2,C,15,4,11,26.8,0,1
2025-02-17,7,0,2,D,15,5,10,36.3,0,1
2025-02-17,8,0,2,A,15,12,3,85.6,0,1
2025-02-17,8,0,2,B,15,9,6,62.3,0,1
2025-02-17,8,0,2,C,15,10,5,72.9,0,1
2025-02-17,8,0,2,D,15,10,5,72.4,0,1
2025-02-17,9,0,2,A,15,14,1,98.0,0,1
2025-02-17,9,0,2,B,15,12,3,81.3,0,1
2025-02-17,9,0,2,C,15,10,5,73.2,0,1
2025-02-17,9,0,2,D,15,11,4,77.2,0,1
2025-02-17,10,0,2,A,15,12,3,82.8,0,1
2025-02-17,10,0,2,B,15,12,3,81.9,0,1
2025-02-17,10,0,2,C,15,11,4,78.0,0,1
2025-02-17,10,0,2,D,15,10,5,71.6,0,1
2025-02-17,11,0,2,A,15,12,3,82.2,0,1
2025-02-17,11,0,2,B,15,11,4,75.3,0,1
2025-02-17,11,0,2,C,15,7,8,47.6,0,1
2025-02-17,11,0,2,D,15,8,7,54.7,0,1
2025-02-17,12,0,2,A,15,13,2,89.9,0,1
2025-02-17,12,0,2,B,15,10,5,67.1,0,1
2025-02-17,12,0,2,C,15,10,5,68.0,0,1
2025-02-17,12,0,2,D,15,9,6,63.6,0,1
2025-02-17,13,0,2,A,15,12,3,83.5,0,1
2025-02-17,13,0,2,B,15,11,4,76.4,0,1
2025-02-17,13,0,2,C,15,8,7,59.8,0,1
2025-02-17,13,0,2,D,15,8,7,58.3,0,1
2025-02-17,14,0,2,A,15,12,3,85.4,0,1
2025-02-17,14,0,2,B,15,10,5,71.3,0,1
2025-02-17,14,0,2,C,15,8,7,58.3,0,1
2025-02-17,14,0,2,D,15,8,7,57.8,0,1
2025-02-17,15,0,2,A,15,12,3,86.2,0,1
2025-02-17,15,0,2,B,15,8,7,53.6,0,1
2025-02-17,15,0,2,C,15,10,5,72.3,0,1
2025-02-17,15,0,2,D,15,7,8,53.3,0,1
2025-02-17,16,0,2,A,15,12,3,83.9,0,1
2025-02-17,16,0,2,B,15,11,4,79.6,0,1
2025-02-17,16,0,2,C,15,7,8,52.0,0,1
2025-02-17,16,0,2,D,15,7,8,50.3,0,1
2025-02-17,17,0,2,A,15,10,5,66.7,0,1
2025-02-17,17,0,2,B,15,8,7,53.7,0,1
2025-02-17,17,0,2,C,15,10,5,67.9,0,1
2025-02-17,17,0,2,D,15,6,9,41.1,0,1
2025-02-17,18,0,2,A,15,9,6,64.6,0,1
2025-02-17,18,0,2,B,15,9,6,61.6,0,1
2025-02-17,18,0,2,C,15,6,9,44.4,0,1
2025-02-17,18,0,2,D,15,6,9,44.8,0,1
2025-02-17,19,0,2,A,15,10,5,71.5,0,1
2025-02-17,19,0,2,B,15,8,7,57.3,0,1
2025-02-17,19,0,2,C,15,7,8,53.3,0,1
2025-02-17,19,0,2,D,15,6,9,43.8,0,1
2025-02-17,20,0,2,A,15,2,13,16.6,0,1
2025-02-17,20,0,2,B,15,4,11,27.6,0,1
2025-02-17,20,0,2,C,15,5,10,36.5,0,1
2025-02-17,20,0,2,D,15,3,12,20.1,0,1
2025-02-17,21,0,2,A,15,4,11,30.6,0,1
2025-02-17,21,0,2,B,15,4,11,30.5,0,1
2025-02-17,21,0,2,C,15,1,14,12.3,0,1
2025-02-17,21,0,2,D,15,5,10,33.6,0,1
2025-02-18,6,1,2,A,15,6,9,41.9,0,1
2025-02-18,6,1,2,B,15,7,8,48.1,0,1
2025-02-18,6,1,2,C,15,3,12,25.6,0,1
2025-02-18,6,1,2,D,15,6,9,42.5,0,1
2025-02-18,7,1,2,A,15,6,9,46.5,0,1
2025-02-18,7,1,2,B,15,5,10,39.4,0,1
2025-02-18,7,1,2,C,15,5,10,33.4,0,1
2025-02-18,7,1,2,D,15,3,12,26.0,0,1
2025-02-18,8,1,2,A,15,14,1,98.0,0,1
2025-02-18,8,1,2,B,15,12,3,86.1,0,1
2025-02-18,8,1,2,C,15,9,6,60.8,0,1
2025-02-18,8,1,2,D,15,8,7,59.1,0,1
2025-02-18,9,1,2,A,15,14,1,96.3,0,1
2025-02-18,9,1,2,B,15,13,2,87.5,0,1
2025-02-18,9,1,2,C,15,11,4,76.0,0,1
2025-02-18,9,1,2,D,15,11,4,77.8,0,1
2025-02-18,10,1,2,A,15,12,3,82.1,0,1
2025-02-18,10,1,2,B,15,12,3,86.1,0,1
2025-02-18,10,1,2,C,15,9,6,62.0,0,1
2025-02-18,10,1,2,D,15,11,4,74.1,0,1
2025-02-18,11,1,2,A,15,12,3,85.5,0,1
2025-02-18,11,1,2,B,15,11,4,78.4,0,1
2025-02-18,11,1,2,C,15,9,6,60.6,0,1
2025-02-18,11,1,2,D,15,10,5,70.2,0,1
2025-02-18,12,1,2,A,15,14,1,94.6,0,1
2025-02-18,12,1,2,B,15,11,4,79.7,0,1
2025-02-18,12,1,2,C,15,9,6,66.5,0,1
2025-02-18,12,1,2,D,15,9,6,64.6,0,1
2025-02-18,13,1,2,A,15,12,3,80.6,0,1
2025-02-18,13,1,2,B,15,12,3,81.8,0,1
2025-02-18,13,1,2,C,15,12,3,80.7,0,1
2025-02-18,13,1,2,D,15,10,5,68.6,0,1
2025-02-18,14,1,2,A,15,11,4,74.7,0,1
2025-02-18,14,1,2,B,15,10,5,72.9,0,1
2025-02-18,14,1,2,C,15,7,8,52.7,0,1
2025-02-18,14,1,2,D,15,9,6,60.6,0,1
2025-02-18,15,1,2,A,15,12,3,84.1,0,1
2025-02-18,15,1,2,B,15,8,7,55.0,0,1
2025-02-18,15,1,2,C,15,8,7,53.7,0,1
2025-02-18,15,1,2,D,15,8,7,53.7,0,1
2025-02-18,16,1,2,A,15,11,4,78.1,0,1
2025-02-18,16,1,2,B,15,9,6,60.3,0,1
2025-02-18,16,1,2,C,15,9,6,66.1,0,1
2025-02-18,16,1,2,D,15,8,7,58.0,0,1
2025-02-18,17,1,2,A,15,10,5,67.4,0,1
2025-02-18,17,1,2,B,15,8,7,54.0,0,1
2025-02-18,17,1,2,C,15,9,6,62.4,0,1
2025-02-18,17,1,2,D,15,9,6,61.2,0,1
2025-02-18,18,1,2,A,15,9,6,65.1,0,1
2025-02-18,18,1,2,B,15,8,7,55.1,0,1
2025-02-18,18,1,2,C,15,8,7,57.9,0,1
2025-02-18,18,1,2,D,15,6,9,45.1,0,1
2025-02-18,19,1,2,A,15,10,5,67.9,0,1
2025-02-18,19,1,2,B,15,9,6,65.9,0,1
2025-02-18,19,1,2,C,15,5,10,38.7,0,1
2025-02-18,19,1,2,D,15,8,7,58.5,0,1
2025-02-18,20,1,2,A,15,4,11,29.3,0,1
2025-02-18,20,1,2,B,15,3,12,21.7,0,1
2025-02-18,20,1,2,C,15,3,12,21.8,0,1
2025-02-18,20,1,2,D,15,2,13,19.7,0,1
2025-02-18,21,1,2,A,15,2,13,14.9,0,1
2025-02-18,21,1,2,B,15,5,10,37.0,0,1
2025-02-18,21,1,2,C,15,3,12,22.8,0,1
2025-02-18,21,1,2,D,15,3,12,23.5,0,1
2025-02-19,6,2,2,A,15,7,8,47.9,0,1
2025-02-19,6,2,2,B,15,4,11,26.8,0,1
2025-02-19,6,2,2,C,15,5,10,35.3,0,1
2025-02-19,6,2,2,D,15,3,12,25.9,0,1
2025-02-19,7,2,2,A,15,7,8,47.0,0,1
2025-02-19,7,2,2,B,15,2,13,18.0,0,1
2025-02-19,7,2,2,C,15,4,11,30.7,0,1
2025-02-19,7,2,2,D,15,3,12,23.2,0,1
2025-02-19,8,2,2,A,15,14,1,98.0,0,1
2025-02-19,8,2,2,B,15,13,2,88.8,0,1
2025-02-19,8,2,2,C,15,10,5,70.8,0,1
2025-02-19,8,2,2,D,15,9,6,62.3,0,1
2025-02-19,9,2,2,A,15,14,1,96.9,0,1
2025-02-19,9,2,2,B,15,11,4,77.8,0,1
2025-02-19,9,2,2,C,15,12,3,83.2,0,1
2025-02-19,9,2,2,D,15,9,6,65.0,0,1
2025-02-19,10,2,2,A,15,11,4,74.5,0,1
2025-02-19,10,2,2,B,15,12,3,82.0,0,1
2025-02-19,10,2,2,C,15,10,5,68.2,0,1
2025-02-19,10,2,2,D,15,8,7,54.9,0,1
2025-02-19,11,2,2,A,15,11,4,76.4,0,1
2025-02-19,11,2,2,B,15,11,4,75.9,0,1
2025-02-19,11,2,2,C,15,11,4,78.1,0,1
2025-02-19,11,2,2,D,15,9,6,62.5,0,1
2025-02-19,12,2,2,A,15,12,3,81.4,0,1
2025-02-19,12,2,2,B,15,11,4,78.6,0,1
2025-02-19,12,2,2,C,15,9,6,63.8,0,1
2025-02-19,12,2,2,D,15,8,7,54.4,0,1
2025-02-19,13,2,2,A,15,11,4,77.0,0,1
2025-02-19,13,2,2,B,15,9,6,61.0,0,1
2025-02-19,13,2,2,C,15,9,6,64.4,0,1
2025-02-19,13,2,2,D,15,9,6,61.3,0,1
2025-02-19,14,2,2,A,15,11,4,79.7,0,1
2025-02-19,14,2,2,B,15,10,5,66.7,0,1
2025-02-19,14,2,2,C,15,8,7,55.4,0,1
2025-02-19,14,2,2,D,15,9,6,60.9,0,1
2025-02-19,15,2,2,A,15,10,5,70.0,0,1
2025-02-19,15,2,2,B,15,11,4,76.2,0,1
2025-02-19,15,2,2,C,15,8,7,55.0,0,1
2025-02-19,15,2,2,D,15,7,8,50.0,0,1
2025-02-19,16,2,2,A,15,10,5,68.8,0,1
2025-02-19,16,2,2,B,15,9,6,66.0,0,1
2025-02-19,16,2,2,C,15,10,5,70.8,0,1
2025-02-19,16,2,2,D,15,9,6,60.1,0,1
2025-02-19,17,2,2,A,15,11,4,76.8,0,1
2025-02-19,17,2,2,B,15,9,6,64.2,0,1
2025-02-19,17,2,2,C,15,6,9,45.2,0,1
2025-02-19,17,2,2,D,15,6,9,45.4,0,1
2025-02-19,18,2,2,A,15,9,6,62.8,0,1
2025-02-19,18,2,2,B,15,10,5,70.6,0,1
2025-02-19,18,2,2,C,15,6,9,44.4,0,1
2025-02-19,18,2,2,D,15,8,7,55.1,0,1
2025-02-19,19,2,2,A,15,11,4,76.1,0,1
2025-02-19,19,2,2,B,15,11,4,74.6,0,1
2025-02-19,19,2,2,C,15,7,8,50.7,0,1
2025-02-19,19,2,2,D,15,8,7,53.7,0,1
2025-02-19,20,2,2,A,15,7,8,47.0,0,1
2025-02-19,20,2,2,B,15,3,12,20.1,0,1
2025-02-19,20,2,2,C,15,1,14,10.2,0,1
2025-02-19,20,2,2,D,15,0,15,5.0,0,1
2025-02-19,21,2,2,A,15,5,10,34.5,0,1
2025-02-19,21,2,2,B,15,1,14,9.9,0,1
2025-02-19,21,2,2,C,15,2,13,19.5,0,1
2025-02-19,21,2,2,D,15,3,12,23.5,0,1
2025-02-20,6,3,2,A,15,6,9,41.7,0,1
2025-02-20,6,3,2,B,15,5,10,38.4,0,1
2025-02-20,6,3,2,C,15,4,11,33.3,0,1
2025-02-20,6,3,2,D,15,5,10,38.2,0,1
2025-02-20,7,3,2,A,15,4,11,32.6,0,1
2025-02-20,7,3,2,B,15,4,11,29.6,0,1
2025-02-20,7,3,2,C,15,3,12,25.3,0,1
2025-02-20,7,3,2,D,15,5,10,34.6,0,1
2025-02-20,8,3,2,A,15,14,1,98.0,0,1
2025-02-20,8,3,2,B,15,13,2,88.6,0,1
2025-02-20,8,3,2,C,15,12,3,86.0,0,1
2025-02-20,8,3,2,D,15,8,7,58.6,0,1
2025-02-20,9,3,2,A,15,14,1,98.0,0,1
2025-02-20,9,3,2,B,15,14,1,97.2,0,1
2025-02-20,9,3,2,C,15,12,3,82.4,0,1
2025-02-20,9,3,2,D,15,12,3,82.3,0,1
2025-02-20,10,3,2,A,15,12,3,84.5,0,1
2025-02-20,10,3,2,B,15,12,3,80.8,0,1
2025-02-20,10,3,2,C,15,10,5,70.6,0,1
2025-02-20,10,3,2,D,15,11,4,73.8,0,1
2025-02-20,11,3,2,A,15,11,4,77.8,0,1
2025-02-20,11,3,2,B,15,12,3,81.1,0,1
2025-02-20,11,3,2,C,15,11,4,78.5,0,1
2025-02-20,11,3,2,D,15,9,6,65.6,0,1
2025-02-20,12,3,2,A,15,13,2,88.5,0,1
2025-02-20,12,3,2,B,15,10,5,67.1,0,1
2025-02-20,12,3,2,C,15,9,6,60.7,0,1
2025-02-20,12,3,2,D,15,10,5,70.0,0,1
2025-02-20,13,3,2,A,15,13,2,92.5,0,1
2025-02-20,13,3,2,B,15,11,4,74.7,0,1
2025-02-20,13,3,2,C,15,9,6,64.2,0,1
2025-02-20,13,3,2,D,15,6,9,43.8,0,1
2025-02-20,14,3,2,A,15,10,5,71.9,0,1
2025-02-20,14,3,2,B,15,12,3,85.3,0,1
2025-02-20,14,3,2,C,15,7,8,52.8,0,1
2025-02-20,14,3,2,D,15,8,7,57.5,0,1
2025-02-20,15,3,2,A,15,13,2,88.6,0,1
2025-02-20,15,3,2,B,15,8,7,60.0,0,1
2025-02-20,15,3,2,C,15,9,6,64.5,0,1
2025-02-20,15,3,2,D,15,9,6,63.5,0,1
2025-02-20,16,3,2,A,15,12,3,80.6,0,1
2025-02-20,16,3,2,B,15,13,2,92.9,0,1
2025-02-20,16,3,2,C,15,7,8,49.7,0,1
2025-02-20,16,3,2,D,15,9,6,64.5,0,1
2025-02-20,17,3,2,A,15,10,5,67.6,0,1
2025-02-20,17,3,2,B,15,9,6,66.2,0,1
2025-02-20,17,3,2,C,15,8,7,57.5,0,1
2025-02-20,17,3,2,D,15,6,9,42.1,0,1
2025-02-20,18,3,2,A,15,10,5,70.8,0,1
2025-02-20,18,3,2,B,15,6,9,45.1,0,1
2025-02-20,18,3,2,C,15,8,7,58.8,0,1
2025-02-20,18,3,2,D,15,7,8,50.4,0,1
2025-02-20,19,3,2,A,15,11,4,74.1,0,1
2025-02-20,19,3,2,B,15,10,5,68.5,0,1
2025-02-20,19,3,2,C,15,8,7,56.9,0,1
2025-02-20,19,3,2,D,15,7,8,49.2,0,1
2025-02-20,20,3,2,A,15,3,12,21.7,0,1
2025-02-20,20,3,2,B,15,2,13,19.3,0,1
2025-02-20,20,3,2,C,15,4,11,32.0,0,1
2025-02-20,20,3,2,D,15,4,11,31.5,0,1
2025-02-20,21,3,2,A,15,4,11,26.8,0,1
2025-02-20,21,3,2,B,15,3,12,25.4,0,1
2025-02-20,21,3,2,C,15,2,13,15.3,0,1
2025-02-20,21,3,2,D,15,4,11,29.4,0,1
2025-02-21,6,4,2,A,15,6,9,45.6,0,1
2025-02-21,6,4,2,B,15,7,8,50.5,0,1
2025-02-21,6,4,2,C,15,3,12,24.5,0,1
2025-02-21,6,4,2,D,15,3,12,25.0,0,1
2025-02-21,7,4,2,A,15,6,9,42.1,0,1
2025-02-21,7,4,2,B,15,6,9,40.2,0,1
2025-02-21,7,4,2,C,15,4,11,29.8,0,1
2025-02-21,7,4,2,D,15,3,12,21.0,0,1
2025-02-21,8,4,2,A,15,14,1,98.0,0,1
2025-02-21,8,4,2,B,15,13,2,90.8,0,1
2025-02-21,8,4,2,C,15,10,5,69.2,0,1
2025-02-21,8,4,2,D,15,11,4,78.8,0,1
2025-02-21,9,4,2,A,15,14,1,98.0,0,1
2025-02-21,9,4,2,B,15,12,3,86.1,0,1
2025-02-21,9,4,2,C,15,11,4,77.1,0,1
2025-02-21,9,4,2,D,15,10,5,72.4,0,1
2025-02-21,10,4,2,A,15,13,2,90.9,0,1
2025-02-21,10,4,2,B,15,12,3,85.2,0,1
2025-02-21,10,4,2,C,15,8,7,59.3,0,1
2025-02-21,10,4,2,D,15,11,4,75.0,0,1
2025-02-21,11,4,2,A,15,11,4,73.8,0,1
2025-02-21,11,4,2,B,15,13,2,87.0,0,1
2025-02-21,11,4,2,C,15,9,6,64.9,0,1
2025-02-21,11,4,2,D,15,8,7,58.3,0,1
2025-02-21,12,4,2,A,15,12,3,81.2,0,1
2025-02-21,12,4,2,B,15,10,5,72.7,0,1
2025-02-21,12,4,2,C,15,11,4,78.8,0,1
2025-02-21,12,4,2,D,15,6,9,40.1,0,1
2025-02-21,13,4,2,A,15,14,1,96.5,0,1
2025-02-21,13,4,2,B,15,11,4,77.7,0,1
2025-02-21,13,4,2,C,15,8,7,57.8,0,1
2025-02-21,13,4,2,D,15,7,8,51.4,0,1
2025-02-21,14,4,2,A,15,14,1,93.9,0,1
2025-02-21,14,4,2,B,15,9,6,62.4,0,1
2025-02-21,14,4,2,C,15,8,7,53.8,0,1
2025-02-21,14,4,2,D,15,9,6,65.1,0,1
2025-02-21,15,4,2,A,15,12,3,83.2,0,1
2025-02-21,15,4,2,B,15,9,6,62.5,0,1
2025-02-21,15,4,2,C,15,9,6,64.7,0,1
2025-02-21,15,4,2,D,15,7,8,47.8,0,1
2025-02-21,16,4,2,A,15,13,2,89.3,0,1
2025-02-21,16,4,2,B,15,11,4,78.5,0,1
2025-02-21,16,4,2,C,15,10,5,67.3,0,1
2025-02-21,16,4,2,D,15,8,7,58.9,0,1
2025-02-21,17,4,2,A,15,12,3,83.1,0,1
2025-02-21,17,4,2,B,15,8,7,60.0,0,1
2025-02-21,17,4,2,C,15,6,9,44.5,0,1
2025-02-21,17,4,2,D,15,7,8,51.6,0,1
2025-02-21,18,4,2,A,15,12,3,85.7,0,1
2025-02-21,18,4,2,B,15,7,8,51.9,0,1
2025-02-21,18,4,2,C,15,7,8,51.1,0,1
2025-02-21,18,4,2,D,15,7,8,51.3,0,1
2025-02-21,19,4,2,A,15,10,5,68.6,0,1
2025-02-21,19,4,2,B,15,7,8,52.1,0,1
2025-02-21,19,4,2,C,15,9,6,63.0,0,1
2025-02-21,19,4,2,D,15,9,6,66.6,0,1
2025-02-21,20,4,2,A,15,4,11,30.3,0,1
2025-02-21,20,4,2,B,15,2,13,17.8,0,1
2025-02-21,20,4,2,C,15,1,14,10.1,0,1
2025-02-21,20,4,2,D,15,3,12,22.1,0,1
2025-02-21,21,4,2,A,15,5,10,37.6,0,1
2025-02-21,21,4,2,B,15,4,11,28.8,0,1
2025-02-21,21,4,2,C,15,3,12,22.5,0,1
2025-02-21,21,4,2,D,15,2,13,15.3,0,1
2025-02-22,6,5,2,A,15,0,15,5.4,1,1
2025-02-22,6,5,2,B,15,2,13,18.9,1,1
2025-02-22,6,5,2,C,15,2,13,18.3,1,1
2025-02-22,6,5,2,D,15,0,15,5.0,1,1
2025-02-22,7,5,2,A,15,4,11,26.8,1,1
2025-02-22,7,5,2,B,15,2,13,16.8,1,1
2025-02-22,7,5,2,C,15,3,12,22.2,1,1
2025-02-22,7,5,2,D,15,0,15,5.0,1,1
2025-02-22,8,5,2,A,15,3,12,23.3,1,1
2025-02-22,8,5,2,B,15,4,11,28.6,1,1
2025-02-22,8,5,2,C,15,4,11,30.8,1,1
2025-02-22,8,5,2,D,15,5,10,38.2,1,1
2025-02-22,9,5,2,A,15,5,10,39.9,1,1
2025-02-22,9,5,2,B,15,4,11,27.8,1,1
2025-02-22,9,5,2,C,15,2,13,18.6,1,1
2025-02-22,9,5,2,D,15,5,10,33.6,1,1
2025-02-22,10,5,2,A,15,3,12,26.5,1,1
2025-02-22,10,5,2,B,15,6,9,42.8,1,1
2025-02-22,10,5,2,C,15,3,12,24.5,1,1
2025-02-22,10,5,2,D,15,5,10,36.5,1,1
2025-02-22,11,5,2,A,15,5,10,35.6,1,1
2025-02-22,11,5,2,B,15,3,12,25.2,1,1
2025-02-22,11,5,2,C,15,2,13,19.5,1,1
2025-02-22,11,5,2,D,15,2,13,18.3,1,1
2025-02-22,12,5,2,A,15,5,10,33.6,1,1
2025-02-22,12,5,2,B,15,4,11,26.9,1,1
2025-02-22,12,5,2,C,15,2,13,18.9,1,1
2025-02-22,12,5,2,D,15,2,13,19.7,1,1
2025-02-22,13,5,2,A,15,4,11,30.8,1,1
2025-02-22,13,5,2,B,15,1,14,9.2,1,1
2025-02-22,13,5,2,C,15,4,11,27.3,1,1
2025-02-22,13,5,2,D,15,1,14,13.2,1,1
2025-02-22,14,5,2,A,15,2,13,18.9,1,1
2025-02-22,14,5,2,B,15,1,14,11.0,1,1
2025-02-22,14,5,2,C,15,1,14,7.7,1,1
2025-02-22,14,5,2,D,15,1,14,8.8,1,1
2025-02-22,15,5,2,A,15,3,12,22.5,1,1
2025-02-22,15,5,2,B,15,6,9,40.1,1,1
2025-02-22,15,5,2,C,15,2,13,17.8,1,1
2025-02-22,15,5,2,D,15,3,12,21.0,1,1
2025-02-22,16,5,2,A,15,4,11,31.4,1,1
2025-02-22,16,5,2,B,15,3,12,25.5,1,1
2025-02-22,16,5,2,C,15,3,12,21.4,1,1
2025-02-22,16,5,2,D,15,1,14,10.0,1,1
2025-02-22,17,5,2,A,15,5,10,35.8,1,1
2025-02-22,17,5,2,B,15,5,10,35.5,1,1
2025-02-22,17,5,2,C,15,0,15,5.4,1,1
2025-02-22,17,5,2,D,15,1,14,8.6,1,1
2025-02-22,18,5,2,A,15,3,12,21.9,1,1
2025-02-22,18,5,2,B,15,1,14,13.3,1,1
2025-02-22,18,5,2,C,15,3,12,22.9,1,1
2025-02-22,18,5,2,D,15,1,14,11.0,1,1
2025-02-22,19,5,2,A,15,6,9,41.5,1,1
2025-02-22,19,5,2,B,15,4,11,30.5,1,1
2025-02-22,19,5,2,C,15,3,12,20.6,1,1
2025-02-22,19,5,2,D,15,3,12,25.0,1,1
2025-02-22,20,5,2,A,15,2,13,18.9,1,1
2025-02-22,20,5,2,B,15,0,15,5.0,1,1
2025-02-22,20,5,2,C,15,0,15,5.0,1,1
2025-02-22,20,5,2,D,15,1,14,7.6,1,1
2025-02-22,21,5,2,A,15,2,13,17.0,1,1
2025-02-22,21,5,2,B,15,1,14,9.9,1,1
2025-02-22,21,5,2,C,15,0,15,5.0,1,1
2025-02-22,21,5,2,D,15,0,15,5.0,1,1
2025-02-23,6,6,2,A,15,2,13,13.5,1,1
2025-02-23,6,6,2,B,15,1,14,11.6,1,1
2025-02-23,6,6,2,C,15,4,11,26.8,1,1
2025-02-23,6,6,2,D,15,0,15,5.0,1,1
2025-02-23,7,6,2,A,15,2,13,18.1,1,1
2025-02-23,7,6,2,B,15,3,12,24.2,1,1
2025-02-23,7,6,2,C,15,4,11,29.2,1,1
2025-02-23,7,6,2,D,15,0,15,6.6,1,1
2025-02-23,8,6,2,A,15,5,10,38.1,1,1
2025-02-23,8,6,2,B,15,5,10,34.3,1,1
2025-02-23,8,6,2,C,15,4,11,28.3,1,1
2025-02-23,8,6,2,D,15,3,12,23.0,1,1
2025-02-23,9,6,2,A,15,5,10,37.7,1,1
2025-02-23,9,6,2,B,15,1,14,9.5,1,1
2025-02-23,9,6,2,C,15,4,11,32.2,1,1
2025-02-23,9,6,2,D,15,3,12,24.8,1,1
2025-02-23,10,6,2,A,15,4,11,32.4,1,1
2025-02-23,10,6,2,B,15,6,9,46.1,1,1
2025-02-23,10,6,2,C,15,3,12,21.4,1,1
2025-02-23,10,6,2,D,15,3,12,20.6,1,1
2025-02-23,11,6,2,A,15,6,9,46.1,1,1
2025-02-23,11,6,2,B,15,2,13,19.6,1,1
2025-02-23,11,6,2,C,15,2,13,19.2,1,1
2025-02-23,11,6,2,D,15,2,13,19.8,1,1
2025-02-23,12,6,2,A,15,5,10,36.9,1,1
2025-02-23,12,6,2,B,15,4,11,27.9,1,1
2025-02-23,12,6,2,C,15,1,14,13.3,1,1
2025-02-23,12,6,2,D,15,2,13,16.7,1,1
2025-02-23,13,6,2,A,15,3,12,25.3,1,1
2025-02-23,13,6,2,B,15,3,12,25.6,1,1
2025-02-23,13,6,2,C,15,4,11,27.0,1,1
2025-02-23,13,6,2,D,15,3,12,24.3,1,1
2025-02-23,14,6,2,A,15,2,13,14.0,1,1
2025-02-23,14,6,2,B,15,4,11,33.0,1,1
2025-02-23,14,6,2,C,15,3,12,24.1,1,1
2025-02-23,14,6,2,D,15,4,11,30.7,1,1
2025-02-23,15,6,2,A,15,4,11,31.7,1,1
2025-02-23,15,6,2,B,15,4,11,33.3,1,1
2025-02-23,15,6,2,C,15,3,12,25.8,1,1
2025-02-23,15,6,2,D,15,4,11,30.4,1,1
2025-02-23,16,6,2,A,15,4,11,32.4,1,1
2025-02-23,16,6,2,B,15,3,12,23.7,1,1
2025-02-23,16,6,2,C,15,6,9,40.2,1,1
2025-02-23,16,6,2,D,15,4,11,26.7,1,1
2025-02-23,17,6,2,A,15,4,11,28.7,1,1
2025-02-23,17,6,2,B,15,1,14,10.8,1,1
2025-02-23,17,6,2,C,15,1,14,8.6,1,1
2025-02-23,17,6,2,D,15,2,13,19.1,1,1
2025-02-23,18,6,2,A,15,3,12,25.3,1,1
2025-02-23,18,6,2,B,15,2,13,16.1,1,1
2025-02-23,18,6,2,C,15,3,12,20.0,1,1
2025-02-23,18,6,2,D,15,4,11,29.5,1,1
2025-02-23,19,6,2,A,15,4,11,29.7,1,1
2025-02-23,19,6,2,B,15,1,14,11.9,1,1
2025-02-23,19,6,2,C,15,2,13,18.0,1,1
2025-02-23,19,6,2,D,15,1,14,10.4,1,1
2025-02-23,20,6,2,A,15,1,14,7.0,1,1
2025-02-23,20,6,2,B,15,0,15,5.4,1,1
2025-02-23,20,6,2,C,15,0,15,5.0,1,1
2025-02-23,20,6,2,D,15,0,15,5.0,1,1
2025-02-23,21,6,2,A,15,1,14,9.0,1,1
2025-02-23,21,6,2,B,15,0,15,5.0,1,1
2025-02-23,21,6,2,C,15,0,15,5.0,1,1
2025-02-23,21,6,2,D,15,3,12,23.4,1,1
2025-02-24,6,0,2,A,15,7,8,49.0,0,1
2025-02-24,6,0,2,B,15,4,11,32.0,0,1
2025-02-24,6,0,2,C,15,4,11,31.7,0,1
2025-02-24,6,0,2,D,15,2,13,18.6,0,1
2025-02-24,7,0,2,A,15,8,7,53.8,0,1
2025-02-24,7,0,2,B,15,7,8,50.2,0,1
2025-02-24,7,0,2,C,15,4,11,32.8,0,1
2025-02-24,7,0,2,D,15,5,10,36.2,0,1
2025-02-24,8,0,2,A,15,14,1,98.0,0,1
2025-02-24,8,0,2,B,15,11,4,74.3,0,1
2025-02-24,8,0,2,C,15,10,5,73.2,0,1
2025-02-24,8,0,2,D,15,10,5,69.1,0,1
2025-02-24,9,0,2,A,15,14,1,94.1,0,1
2025-02-24,9,0,2,B,15,12,3,83.3,0,1
2025-02-24,9,0,2,C,15,11,4,75.8,0,1
2025-02-24,9,0,2,D,15,10,5,67.4,0,1
2025-02-24,10,0,2,A,15,14,1,98.0,0,1
2025-02-24,10,0,2,B,15,11,4,76.5,0,1
2025-02-24,10,0,2,C,15,10,5,70.8,0,1
2025-02-24,10,0,2,D,15,8,7,57.7,0,1
2025-02-24,11,0,2,A,15,14,1,94.1,0,1
2025-02-24,11,0,2,B,15,8,7,58.2,0,1
2025-02-24,11,0,2,C,15,11,4,76.7,0,1
2025-02-24,11,0,2,D,15,10,5,71.1,0,1
2025-02-24,12,0,2,A,15,12,3,83.8,0,1
2025-02-24,12,0,2,B,15,8,7,54.2,0,1
2025-02-24,12,0,2,C,15,9,6,64.6,0,1
2025-02-24,12,0,2,D,15,8,7,59.5,0,1
2025-02-24,13,0,2,A,15,11,4,78.2,0,1
2025-02-24,13,0,2,B,15,10,5,70.9,0,1
2025-02-24,13,0,2,C,15,11,4,79.7,0,1
2025-02-24,13,0,2,D,15,9,6,65.3,0,1
2025-02-24,14,0,2,A,15,10,5,73.1,0,1
2025-02-24,14,0,2,B,15,8,7,57.2,0,1
2025-02-24,14,0,2,C,15,9,6,60.4,0,1
2025-02-24,14,0,2,D,15,8,7,54.3,0,1
2025-02-24,15,0,2,A,15,12,3,84.5,0,1
2025-02-24,15,0,2,B,15,9,6,65.7,0,1
2025-02-24,15,0,2,C,15,10,5,67.1,0,1
2025-02-24,15,0,2,D,15,10,5,71.5,0,1
2025-02-24,16,0,2,A,15,13,2,87.0,0,1
2025-02-24,16,0,2,B,15,10,5,69.6,0,1
2025-02-24,16,0,2,C,15,9,6,61.5,0,1
2025-02-24,16,0,2,D,15,7,8,53.1,0,1
2025-02-24,17,0,2,A,15,11,4,78.4,0,1
2025-02-24,17,0,2,B,15,8,7,55.0,0,1
2025-02-24,17,0,2,C,15,8,7,54.4,0,1
2025-02-24,17,0,2,D,15,7,8,48.4,0,1
2025-02-24,18,0,2,A,15,9,6,65.0,0,1
2025-02-24,18,0,2,B,15,7,8,49.0,0,1
2025-02-24,18,0,2,C,15,8,7,56.6,0,1
2025-02-24,18,0,2,D,15,7,8,47.5,0,1
2025-02-24,19,0,2,A,15,10,5,73.0,0,1
2025-02-24,19,0,2,B,15,8,7,55.7,0,1
2025-02-24,19,0,2,C,15,9,6,63.8,0,1
2025-02-24,19,0,2,D,15,6,9,41.0,0,1
2025-02-24,20,0,2,A,15,6,9,42.4,0,1
2025-02-24,20,0,2,B,15,1,14,11.0,0,1
2025-02-24,20,0,2,C,15,3,12,26.0,0,1
2025-02-24,20,0,2,D,15,3,12,23.8,0,1
2025-02-24,21,0,2,A,15,3,12,22.4,0,1
2025-02-24,21,0,2,B,15,4,11,28.4,0,1
2025-02-24,21,0,2,C,15,4,11,32.7,0,1
2025-02-24,21,0,2,D,15,0,15,5.0,0,1
2025-02-25,6,1,2,A,15,6,9,44.3,0,1
2025-02-25,6,1,2,B,15,2,13,15.1,0,1
2025-02-25,6,1,2,C,15,3,12,23.8,0,1
2025-02-25,6,1,2,D,15,6,9,41.0,0,1
2025-02-25,7,1,2,A,15,5,10,35.6,0,1
2025-02-25,7,1,2,B,15,3,12,25.6,0,1
2025-02-25,7,1,2,C,15,4,11,29.9,0,1
2025-02-25,7,1,2,D,15,6,9,44.5,0,1
2025-02-25,8,1,2,A,15,12,3,83.1,0,1
2025-02-25,8,1,2,B,15,11,4,76.6,0,1
2025-02-25,8,1,2,C,15,13,2,88.5,0,1
2025-02-25,8,1,2,D,15,12,3,82.9,0,1
2025-02-25,9,1,2,A,15,14,1,96.9,0,1
2025-02-25,9,1,2,B,15,11,4,75.1,0,1
2025-02-25,9,1,2,C,15,13,2,93.3,0,1
2025-02-25,9,1,2,D,15,12,3,80.8,0,1
2025-02-25,10,1,2,A,15,14,1,98.0,0,1
2025-02-25,10,1,2,B,15,11,4,78.5,0,1
2025-02-25,10,1,2,C,15,11,4,76.1,0,1
2025-02-25,10,1,2,D,15,10,5,66.7,0,1
2025-02-25,11,1,2,A,15,13,2,88.9,0,1
2025-02-25,11,1,2,B,15,12,3,86.6,0,1
2025-02-25,11,1,2,C,15,11,4,74.5,0,1
2025-02-25,11,1,2,D,15,7,8,51.4,0,1
2025-02-25,12,1,2,A,15,14,1,97.3,0,1
2025-02-25,12,1,2,B,15,11,4,77.5,0,1
2025-02-25,12,1,2,C,15,10,5,73.0,0,1
2025-02-25,12,1,2,D,15,10,5,71.7,0,1
2025-02-25,13,1,2,A,15,11,4,77.4,0,1
2025-02-25,13,1,2,B,15,11,4,74.7,0,1
2025-02-25,13,1,2,C,15,9,6,63.2,0,1
2025-02-25,13,1,2,D,15,7,8,47.5,0,1
2025-02-25,14,1,2,A,15,12,3,83.3,0,1
2025-02-25,14,1,2,B,15,13,2,90.1,0,1
2025-02-25,14,1,2,C,15,7,8,48.3,0,1
2025-02-25,14,1,2,D,15,8,7,55.7,0,1
2025-02-25,15,1,2,A,15,12,3,85.6,0,1
2025-02-25,15,1,2,B,15,10,5,71.0,0,1
2025-02-25,15,1,2,C,15,9,6,62.1,0,1
2025-02-25,15,1,2,D,15,6,9,45.6,0,1
2025-02-25,16,1,2,A,15,12,3,82.4,0,1
2025-02-25,16,1,2,B,15,9,6,63.9,0,1
2025-02-25,16,1,2,C,15,6,9,45.5,0,1
2025-02-25,16,1,2,D,15,9,6,65.6,0,1
2025-02-25,17,1,2,A,15,11,4,76.7,0,1
2025-02-25,17,1,2,B,15,9,6,60.4,0,1
2025-02-25,17,1,2,C,15,8,7,55.8,0,1
2025-02-25,17,1,2,D,15,8,7,56.6,0,1
2025-02-25,18,1,2,A,15,10,5,70.8,0,1
2025-02-25,18,1,2,B,15,10,5,67.2,0,1
2025-02-25,18,1,2,C,15,7,8,51.6,0,1
2025-02-25,18,1,2,D,15,8,7,58.5,0,1
2025-02-25,19,1,2,A,15,10,5,71.6,0,1
2025-02-25,19,1,2,B,15,9,6,61.6,0,1
2025-02-25,19,1,2,C,15,6,9,43.8,0,1
2025-02-25,19,1,2,D,15,7,8,50.3,0,1
2025-02-25,20,1,2,A,15,3,12,22.1,0,1
2025-02-25,20,1,2,B,15,2,13,19.9,0,1
2025-02-25,20,1,2,C,15,2,13,16.0,0,1
2025-02-25,20,1,2,D,15,1,14,11.5,0,1
2025-02-25,21,1,2,A,15,6,9,45.7,0,1
2025-02-25,21,1,2,B,15,5,10,35.7,0,1
2025-02-25,21,1,2,C,15,5,10,37.9,0,1
2025-02-25,21,1,2,D,15,1,14,10.2,0,1
2025-02-26,6,2,2,A,15,6,9,40.8,0,1
2025-02-26,6,2,2,B,15,3,12,24.7,0,1
2025-02-26,6,2,2,C,15,3,12,25.9,0,1
2025-02-26,6,2,2,D,15,3,12,20.7,0,1
2025-02-26,7,2,2,A,15,7,8,50.2,0,1
2025-02-26,7,2,2,B,15,4,11,31.8,0,1
2025-02-26,7,2,2,C,15,6,9,40.0,0,1
2025-02-26,7,2,2,D,15,4,11,32.8,0,1
2025-02-26,8,2,2,A,15,14,1,98.0,0,1
2025-02-26,8,2,2,B,15,10,5,73.2,0,1
2025-02-26,8,2,2,C,15,12,3,86.6,0,1
2025-02-26,8,2,2,D,15,11,4,77.2,0,1
2025-02-26,9,2,2,A,15,13,2,90.0,0,1
2025-02-26,9,2,2,B,15,13,2,93.1,0,1
2025-02-26,9,2,2,C,15,11,4,79.2,0,1
2025-02-26,9,2,2,D,15,9,6,66.2,0,1
2025-02-26,10,2,2,A,15,13,2,91.2,0,1
2025-02-26,10,2,2,B,15,11,4,79.2,0,1
2025-02-26,10,2,2,C,15,13,2,92.9,0,1
2025-02-26,10,2,2,D,15,10,5,68.0,0,1
2025-02-26,11,2,2,A,15,13,2,92.5,0,1
2025-02-26,11,2,2,B,15,10,5,68.7,0,1
2025-02-26,11,2,2,C,15,9,6,61.3,0,1
2025-02-26,11,2,2,D,15,10,5,68.7,0,1
2025-02-26,12,2,2,A,15,11,4,75.5,0,1
2025-02-26,12,2,2,B,15,10,5,71.7,0,1
2025-02-26,12,2,2,C,15,10,5,67.8,0,1
2025-02-26,12,2,2,D,15,9,6,60.9,0,1
2025-02-26,13,2,2,A,15,12,3,84.8,0,1
2025-02-26,13,2,2,B,15,11,4,78.2,0,1
2025-02-26,13,2,2,C,15,10,5,73.0,0,1
2025-02-26,13,2,2,D,15,9,6,65.9,0,1
2025-02-26,14,2,2,A,15,10,5,72.6,0,1
2025-02-26,14,2,2,B,15,10,5,67.7,0,1
2025-02-26,14,2,2,C,15,10,5,72.6,0,1
2025-02-26,14,2,2,D,15,9,6,63.2,0,1
2025-02-26,15,2,2,A,15,10,5,69.5,0,1
2025-02-26,15,2,2,B,15,10,5,72.8,0,1
2025-02-26,15,2,2,C,15,7,8,47.2,0,1
2025-02-26,15,2,2,D,15,8,7,56.4,0,1
2025-02-26,16,2,2,A,15,14,1,95.7,0,1
2025-02-26,16,2,2,B,15,9,6,62.4,0,1
2025-02-26,16,2,2,C,15,8,7,56.3,0,1
2025-02-26,16,2,2,D,15,9,6,62.1,0,1
2025-02-26,17,2,2,A,15,8,7,56.7,0,1
2025-02-26,17,2,2,B,15,8,7,54.9,0,1
2025-02-26,17,2,2,C,15,8,7,58.8,0,1
2025-02-26,17,2,2,D,15,6,9,42.9,0,1
2025-02-26,18,2,2,A,15,10,5,67.1,0,1
2025-02-26,18,2,2,B,15,9,6,66.0,0,1
2025-02-26,18,2,2,C,15,8,7,57.4,0,1
2025-02-26,18,2,2,D,15,7,8,50.1,0,1
2025-02-26,19,2,2,A,15,9,6,66.3,0,1
2025-02-26,19,2,2,B,15,9,6,63.0,0,1
2025-02-26,19,2,2,C,15,7,8,53.0,0,1
2025-02-26,19,2,2,D,15,7,8,51.7,0,1
2025-02-26,20,2,2,A,15,3,12,24.8,0,1
2025-02-26,20,2,2,B,15,3,12,23.5,0,1
2025-02-26,20,2,2,C,15,2,13,14.6,0,1
2025-02-26,20,2,2,D,15,2,13,19.7,0,1
2025-02-26,21,2,2,A,15,3,12,22.3,0,1
2025-02-26,21,2,2,B,15,2,13,16.1,0,1
2025-02-26,21,2,2,C,15,3,12,24.6,0,1
2025-02-26,21,2,2,D,15,3,12,21.7,0,1
2025-02-27,6,3,2,A,15,6,9,46.5,0,1
2025-02-27,6,3,2,B,15,4,11,31.6,0,1
2025-02-27,6,3,2,C,15,5,10,34.8,0,1
2025-02-27,6,3,2,D,15,4,11,32.4,0,1
2025-02-27,7,3,2,A,15,6,9,43.8,0,1
2025-02-27,7,3,2,B,15,4,11,28.4,0,1
2025-02-27,7,3,2,C,15,4,11,32.7,0,1
2025-02-27,7,3,2,D,15,4,11,30.9,0,1
2025-02-27,8,3,2,A,15,14,1,97.8,0,1
2025-02-27,8,3,2,B,15,10,5,68.3,0,1
2025-02-27,8,3,2,C,15,11,4,77.8,0,1
2025-02-27,8,3,2,D,15,12,3,85.7,0,1
2025-02-27,9,3,2,A,15,14,1,94.9,0,1
2025-02-27,9,3,2,B,15,11,4,79.2,0,1
2025-02-27,9,3,2,C,15,11,4,79.5,0,1
2025-02-27,9,3,2,D,15,10,5,70.5,0,1
2025-02-27,10,3,2,A,15,14,1,98.0,0,1
2025-02-27,10,3,2,B,15,11,4,74.9,0,1
2025-02-27,10,3,2,C,15,12,3,82.4,0,1
2025-02-27,10,3,2,D,15,10,5,72.7,0,1
2025-02-27,11,3,2,A,15,12,3,85.1,0,1
2025-02-27,11,3,2,B,15,11,4,77.7,0,1
2025-02-27,11,3,2,C,15,11,4,75.7,0,1
2025-02-27,11,3,2,D,15,10,5,67.0,0,1
2025-02-27,12,3,2,A,15,11,4,77.1,0,1
2025-02-27,12,3,2,B,15,12,3,81.6,0,1
2025-02-27,12,3,2,C,15,10,5,67.0,0,1
2025-02-27,12,3,2,D,15,9,6,60.6,0,1
2025-02-27,13,3,2,A,15,13,2,86.8,0,1
2025-02-27,13,3,2,B,15,11,4,73.8,0,1
2025-02-27,13,3,2,C,15,11,4,77.0,0,1
2025-02-27,13,3,2,D,15,8,7,59.3,0,1
2025-02-27,14,3,2,A,15,10,5,71.5,0,1
2025-02-27,14,3,2,B,15,10,5,66.9,0,1
2025-02-27,14,3,2,C,15,9,6,64.4,0,1
2025-02-27,14,3,2,D,15,9,6,65.8,0,1
2025-02-27,15,3,2,A,15,12,3,85.3,0,1
2025-02-27,15,3,2,B,15,9,6,63.2,0,1
2025-02-27,15,3,2,C,15,12,3,82.9,0,1
2025-02-27,15,3,2,D,15,8,7,58.1,0,1
2025-02-27,16,3,2,A,15,13,2,90.7,0,1
2025-02-27,16,3,2,B,15,10,5,68.8,0,1
2025-02-27,16,3,2,C,15,10,5,67.3,0,1
2025-02-27,16,3,2,D,15,9,6,62.7,0,1
2025-02-27,17,3,2,A,15,11,4,78.7,0,1
2025-02-27,17,3,2,B,15,10,5,68.5,0,1
2025-02-27,17,3,2,C,15,9,6,61.0,0,1
2025-02-27,17,3,2,D,15,6,9,45.5,0,1
2025-02-27,18,3,2,A,15,9,6,64.4,0,1
2025-02-27,18,3,2,B,15,9,6,62.7,0,1
2025-02-27,18,3,2,C,15,9,6,61.5,0,1
2025-02-27,18,3,2,D,15,6,9,46.2,0,1
2025-02-27,19,3,2,A,15,11,4,77.5,0,1
2025-02-27,19,3,2,B,15,10,5,71.6,0,1
2025-02-27,19,3,2,C,15,7,8,46.7,0,1
2025-02-27,19,3,2,D,15,6,9,41.3,0,1
2025-02-27,20,3,2,A,15,4,11,27.6,0,1
2025-02-27,20,3,2,B,15,4,11,27.5,0,1
2025-02-27,20,3,2,C,15,2,13,18.3,0,1
2025-02-27,20,3,2,D,15,4,11,30.8,0,1
2025-02-27,21,3,2,A,15,4,11,32.1,0,1
2025-02-27,21,3,2,B,15,3,12,25.3,0,1
2025-02-27,21,3,2,C,15,1,14,11.0,0,1
2025-02-27,21,3,2,D,15,1,14,9.5,0,1
2025-02-28,6,4,2,A,15,6,9,42.5,0,1
2025-02-28,6,4,2,B,15,2,13,17.9,0,1
2025-02-28,6,4,2,C,15,5,10,39.6,0,1
2025-02-28,6,4,2,D,15,4,11,26.7,0,1
2025-02-28,7,4,2,A,15,9,6,66.2,0,1
2025-02-28,7,4,2,B,15,8,7,53.5,0,1
2025-02-28,7,4,2,C,15,4,11,30.0,0,1
2025-02-28,7,4,2,D,15,4,11,27.1,0,1
2025-02-28,8,4,2,A,15,14,1,98.0,0,1
2025-02-28,8,4,2,B,15,14,1,98.0,0,1
2025-02-28,8,4,2,C,15,9,6,63.4,0,1
2025-02-28,8,4,2,D,15,8,7,53.7,0,1
2025-02-28,9,4,2,A,15,13,2,92.8,0,1
2025-02-28,9,4,2,B,15,13,2,89.7,0,1
2025-02-28,9,4,2,C,15,12,3,80.5,0,1
2025-02-28,9,4,2,D,15,11,4,76.6,0,1
2025-02-28,10,4,2,A,15,13,2,88.2,0,1
2025-02-28,10,4,2,B,15,9,6,66.5,0,1
2025-02-28,10,4,2,C,15,12,3,83.4,0,1
2025-02-28,10,4,2,D,15,9,6,61.4,0,1
2025-02-28,11,4,2,A,15,10,5,70.1,0,1
2025-02-28,11,4,2,B,15,11,4,76.2,0,1
2025-02-28,11,4,2,C,15,11,4,73.8,0,1
2025-02-28,11,4,2,D,15,8,7,59.0,0,1
2025-02-28,12,4,2,A,15,12,3,82.6,0,1
2025-02-28,12,4,2,B,15,11,4,73.7,0,1
2025-02-28,12,4,2,C,15,9,6,64.5,0,1
2025-02-28,12,4,2,D,15,7,8,49.2,0,1
2025-02-28,13,4,2,A,15,12,3,80.5,0,1
2025-02-28,13,4,2,B,15,11,4,79.2,0,1
2025-02-28,13,4,2,C,15,10,5,70.1,0,1
2025-02-28,13,4,2,D,15,9,6,61.3,0,1
2025-02-28,14,4,2,A,15,10,5,72.5,0,1
2025-02-28,14,4,2,B,15,10,5,68.5,0,1
2025-02-28,14,4,2,C,15,6,9,45.6,0,1
2025-02-28,14,4,2,D,15,8,7,57.4,0,1
2025-02-28,15,4,2,A,15,13,2,91.9,0,1
2025-02-28,15,4,2,B,15,8,7,58.2,0,1
2025-02-28,15,4,2,C,15,8,7,58.3,0,1
2025-02-28,15,4,2,D,15,8,7,58.6,0,1
2025-02-28,16,4,2,A,15,13,2,90.5,0,1
2025-02-28,16,4,2,B,15,9,6,66.4,0,1
2025-02-28,16,4,2,C,15,8,7,57.5,0,1
2025-02-28,16,4,2,D,15,6,9,40.2,0,1
2025-02-28,17,4,2,A,15,10,5,69.8,0,1
2025-02-28,17,4,2,B,15,11,4,76.3,0,1
2025-02-28,17,4,2,C,15,8,7,56.2,0,1
2025-02-28,17,4,2,D,15,7,8,47.8,0,1
2025-02-28,18,4,2,A,15,10,5,71.6,0,1
2025-02-28,18,4,2,B,15,8,7,59.9,0,1
2025-02-28,18,4,2,C,15,7,8,47.5,0,1
2025-02-28,18,4,2,D,15,8,7,54.6,0,1
2025-02-28,19,4,2,A,15,10,5,70.8,0,1
2025-02-28,19,4,2,B,15,9,6,60.1,0,1
2025-02-28,19,4,2,C,15,6,9,46.2,0,1
2025-02-28,19,4,2,D,15,8,7,58.4,0,1
2025-02-28,20,4,2,A,15,5,10,34.1,0,1
2025-02-28,20,4,2,B,15,3,12,20.6,0,1
2025-02-28,20,4,2,C,15,4,11,30.5,0,1
2025-02-28,20,4,2,D,15,2,13,16.0,0,1
2025-02-28,21,4,2,A,15,3,12,22.5,0,1
2025-02-28,21,4,2,B,15,2,13,18.9,0,1
2025-02-28,21,4,2,C,15,1,14,8.3,0,1
2025-02-28,21,4,2,D,15,3,12,23.8,0,1
2025-03-01,6,5,3,A,15,0,15,5.0,1,1
2025-03-01,6,5,3,B,15,0,15,5.0,1,1
2025-03-01,6,5,3,C,15,0,15,5.0,1,1
2025-03-01,6,5,3,D,15,1,14,9.1,1,1
2025-03-01,7,5,3,A,15,1,14,12.9,1,1
2025-03-01,7,5,3,B,15,1,14,9.6,1,1
2025-03-01,7,5,3,C,15,0,15,5.0,1,1
2025-03-01,7,5,3,D,15,0,15,5.0,1,1
2025-03-01,8,5,3,A,15,5,10,37.9,1,1
2025-03-01,8,5,3,B,15,3,12,25.3,1,1
2025-03-01,8,5,3,C,15,4,11,29.3,1,1
2025-03-01,8,5,3,D,15,2,13,16.7,1,1
2025-03-01,9,5,3,A,15,5,10,35.7,1,1
2025-03-01,9,5,3,B,15,6,9,40.2,1,1
2025-03-01,9,5,3,C,15,4,11,31.5,1,1
2025-03-01,9,5,3,D,15,3,12,20.5,1,1
2025-03-01,10,5,3,A,15,5,10,36.3,1,1
2025-03-01,10,5,3,B,15,4,11,27.8,1,1
2025-03-01,10,5,3,C,15,4,11,26.8,1,1
2025-03-01,10,5,3,D,15,3,12,21.2,1,1
2025-03-01,11,5,3,A,15,4,11,28.9,1,1
2025-03-01,11,5,3,B,15,4,11,27.9,1,1
2025-03-01,11,5,3,C,15,2,13,15.7,1,1
2025-03-01,11,5,3,D,15,1,14,12.9,1,1
2025-03-01,12,5,3,A,15,2,13,19.1,1,1
2025-03-01,12,5,3,B,15,2,13,13.4,1,1
2025-03-01,12,5,3,C,15,2,13,13.9,1,1
2025-03-01,12,5,3,D,15,3,12,22.3,1,1
2025-03-01,13,5,3,A,15,3,12,23.0,1,1
2025-03-01,13,5,3,B,15,4,11,30.4,1,1
2025-03-01,13,5,3,C,15,3,12,23.9,1,1
2025-03-01,13,5,3,D,15,0,15,5.3,1,1
2025-03-01,14,5,3,A,15,5,10,33.4,1,1
2025-03-01,14,5,3,B,15,4,11,31.0,1,1
2025-03-01,14,5,3,C,15,2,13,14.1,1,1
2025-03-01,14,5,3,D,15,3,12,23.0,1,1
2025-03-01,15,5,3,A,15,3,12,21.3,1,1
2025-03-01,15,5,3,B,15,3,12,25.3,1,1
2025-03-01,15,5,3,C,15,1,14,11.9,1,1
2025-03-01,15,5,3,D,15,0,15,5.3,1,1
2025-03-01,16,5,3,A,15,3,12,25.1,1,1
2025-03-01,16,5,3,B,15,3,12,23.5,1,1
2025-03-01,16,5,3,C,15,2,13,18.9,1,1
2025-03-01,16,5,3,D,15,1,14,10.1,1,1
2025-03-01,17,5,3,A,15,3,12,21.0,1,1
2025-03-01,17,5,3,B,15,3,12,23.2,1,1
2025-03-01,17,5,3,C,15,2,13,18.5,1,1
2025-03-01,17,5,3,D,15,2,13,18.3,1,1
2025-03-01,18,5,3,A,15,2,13,18.8,1,1
2025-03-01,18,5,3,B,15,4,11,30.4,1,1
2025-03-01,18,5,3,C,15,1,14,9.5,1,1
2025-03-01,18,5,3,D,15,3,12,20.7,1,1
2025-03-01,19,5,3,A,15,5,10,33.6,1,1
2025-03-01,19,5,3,B,15,3,12,24.8,1,1
2025-03-01,19,5,3,C,15,2,13,17.3,1,1
2025-03-01,19,5,3,D,15,1,14,12.6,1,1
2025-03-01,20,5,3,A,15,2,13,18.4,1,1
2025-03-01,20,5,3,B,15,0,15,5.0,1,1
2025-03-01,20,5,3,C,15,0,15,5.0,1,1
2025-03-01,20,5,3,D,15,0,15,5.0,1,1
2025-03-01,21,5,3,A,15,2,13,20.0,1,1
2025-03-01,21,5,3,B,15,1,14,11.8,1,1
2025-03-01,21,5,3,C,15,0,15,5.0,1,1
2025-03-01,21,5,3,D,15,0,15,5.0,1,1
2025-03-02,6,6,3,A,15,1,14,9.2,1,1
2025-03-02,6,6,3,B,15,0,15,6.6,1,1
2025-03-02,6,6,3,C,15,2,13,18.9,1,1
2025-03-02,6,6,3,D,15,0,15,5.0,1,1
2025-03-02,7,6,3,A,15,4,11,27.0,1,1
2025-03-02,7,6,3,B,15,2,13,18.9,1,1
2025-03-02,7,6,3,C,15,2,13,19.8,1,1
2025-03-02,7,6,3,D,15,0,15,6.1,1,1
2025-03-02,8,6,3,A,15,4,11,33.0,1,1
2025-03-02,8,6,3,B,15,2,13,18.3,1,1
2025-03-02,8,6,3,C,15,3,12,22.6,1,1
2025-03-02,8,6,3,D,15,4,11,27.7,1,1
2025-03-02,9,6,3,A,15,6,9,44.6,1,1
2025-03-02,9,6,3,B,15,3,12,20.9,1,1
2025-03-02,9,6,3,C,15,3,12,23.9,1,1
2025-03-02,9,6,3,D,15,3,12,22.6,1,1
2025-03-02,10,6,3,A,15,3,12,23.0,1,1
2025-03-02,10,6,3,B,15,5,10,34.5,1,1
2025-03-02,10,6,3,C,15,3,12,21.0,1,1
2025-03-02,10,6,3,D,15,3,12,22.2,1,1
2025-03-02,11,6,3,A,15,3,12,26.6,1,1
2025-03-02,11,6,3,B,15,2,13,19.9,1,1
2025-03-02,11,6,3,C,15,3,12,23.6,1,1
2025-03-02,11,6,3,D,15,2,13,19.3,1,1
2025-03-02,12,6,3,A,15,4,11,27.2,1,1
2025-03-02,12,6,3,B,15,3,12,20.4,1,1
2025-03-02,12,6,3,C,15,3,12,26.2,1,1
2025-03-02,12,6,3,D,15,5,10,34.2,1,1
2025-03-02,13,6,3,A,15,4,11,31.3,1,1
2025-03-02,13,6,3,B,15,5,10,34.2,1,1
2025-03-02,13,6,3,C,15,1,14,12.5,1,1
2025-03-02,13,6,3,D,15,3,12,22.3,1,1
2025-03-02,14,6,3,A,15,2,13,19.4,1,1
2025-03-02,14,6,3,B,15,1,14,12.7,1,1
2025-03-02,14,6,3,C,15,2,13,16.1,1,1
2025-03-02,14,6,3,D,15,4,11,29.1,1,1
2025-03-02,15,6,3,A,15,5,10,35.8,1,1
2025-03-02,15,6,3,B,15,3,12,26.4,1,1
2025-03-02,15,6,3,C,15,1,14,9.8,1,1
2025-03-02,15,6,3,D,15,2,13,18.0,1,1
2025-03-02,16,6,3,A,15,4,11,30.6,1,1
2025-03-02,16,6,3,B,15,3,12,25.9,1,1
2025-03-02,16,6,3,C,15,1,14,7.3,1,1
2025-03-02,16,6,3,D,15,1,14,12.5,1,1
2025-03-02,17,6,3,A,15,3,12,23.6,1,1
2025-03-02,17,6,3,B,15,3,12,25.3,1,1
2025-03-02,17,6,3,C,15,0,15,5.0,1,1
2025-03-02,17,6,3,D,15,2,13,15.5,1,1
2025-03-02,18,6,3,A,15,3,12,25.3,1,1
2025-03-02,18,6,3,B,15,4,11,27.8,1,1
2025-03-02,18,6,3,C,15,3,12,24.4,1,1
2025-03-02,18,6,3,D,15,3,12,21.5,1,1
2025-03-02,19,6,3,A,15,2,13,17.8,1,1
2025-03-02,19,6,3,B,15,0,15,5.7,1,1
2025-03-02,19,6,3,C,15,2,13,15.8,1,1
2025-03-02,19,6,3,D,15,3,12,24.8,1,1
2025-03-02,20,6,3,A,15,3,12,21.2,1,1
2025-03-02,20,6,3,B,15,2,13,14.4,1,1
2025-03-02,20,6,3,C,15,1,14,11.3,1,1
2025-03-02,20,6,3,D,15,1,14,10.0,1,1
2025-03-02,21,6,3,A,15,0,15,5.6,1,1
2025-03-02,21,6,3,B,15,1,14,7.7,1,1
2025-03-02,21,6,3,C,15,3,12,21.2,1,1
2025-03-02,21,6,3,D,15,0,15,5.0,1,1
2025-03-03,6,0,3,A,15,7,8,53.2,0,1
2025-03-03,6,0,3,B,15,4,11,32.4,0,1
2025-03-03,6,0,3,C,15,6,9,42.1,0,1
2025-03-03,6,0,3,D,15,2,13,16.7,0,1
2025-03-03,7,0,3,A,15,6,9,44.9,0,1
2025-03-03,7,0,3,B,15,4,11,29.1,0,1
2025-03-03,7,0,3,C,15,3,12,20.2,0,1
2025-03-03,7,0,3,D,15,4,11,29.7,0,1
2025-03-03,8,0,3,A,15,14,1,98.0,0,1
2025-03-03,8,0,3,B,15,11,4,78.2,0,1
2025-03-03,8,0,3,C,15,9,6,64.5,0,1
2025-03-03,8,0,3,D,15,10,5,67.3,0,1
2025-03-03,9,0,3,A,15,14,1,97.1,0,1
2025-03-03,9,0,3,B,15,13,2,89.4,0,1
2025-03-03,9,0,3,C,15,12,3,84.1,0,1
2025-03-03,9,0,3,D,15,10,5,67.5,0,1
2025-03-03,10,0,3,A,15,14,1,98.0,0,1
2025-03-03,10,0,3,B,15,13,2,86.8,0,1
2025-03-03,10,0,3,C,15,11,4,73.7,0,1
2025-03-03,10,0,3,D,15,8,7,55.1,0,1
2025-03-03,11,0,3,A,15,12,3,84.1,0,1
2025-03-03,11,0,3,B,15,10,5,72.3,0,1
2025-03-03,11,0,3,C,15,11,4,75.2,0,1
2025-03-03,11,0,3,D,15,9,6,63.7,0,1
2025-03-03,12,0,3,A,15,11,4,76.8,0,1
2025-03-03,12,0,3,B,15,11,4,76.4,0,1
2025-03-03,12,0,3,C,15,10,5,72.9,0,1
2025-03-03,12,0,3,D,15,10,5,72.2,0,1
2025-03-03,13,0,3,A,15,14,1,93.4,0,1
2025-03-03,13,0,3,B,15,12,3,81.1,0,1
2025-03-03,13,0,3,C,15,10,5,68.0,0,1
2025-03-03,13,0,3,D,15,9,6,63.1,0,1
2025-03-03,14,0,3,A,15,13,2,90.5,0,1
2025-03-03,14,0,3,B,15,8,7,59.3,0,1
2025-03-03,14,0,3,C,15,9,6,60.2,0,1
2025-03-03,14,0,3,D,15,7,8,49.8,0,1
2025-03-03,15,0,3,A,15,12,3,83.5,0,1
2025-03-03,15,0,3,B,15,11,4,79.8,0,1
2025-03-03,15,0,3,C,15,8,7,58.2,0,1
2025-03-03,15,0,3,D,15,5,10,36.9,0,1
2025-03-03,16,0,3,A,15,11,4,77.2,0,1
2025-03-03,16,0,3,B,15,11,4,77.3,0,1
2025-03-03,16,0,3,C,15,10,5,67.3,0,1
2025-03-03,16,0,3,D,15,8,7,59.4,0,1
2025-03-03,17,0,3,A,15,10,5,66.8,0,1
2025-03-03,17,0,3,B,15,7,8,49.8,0,1
2025-03-03,17,0,3,C,15,8,7,58.1,0,1
2025-03-03,17,0,3,D,15,6,9,41.3,0,1
2025-03-03,18,0,3,A,15,12,3,86.5,0,1
2025-03-03,18,0,3,B,15,9,6,64.6,0,1
2025-03-03,18,0,3,C,15,7,8,49.4,0,1
2025-03-03,18,0,3,D,15,6,9,43.1,0,1
2025-03-03,19,0,3,A,15,10,5,68.3,0,1
2025-03-03,19,0,3,B,15,8,7,58.1,0,1
2025-03-03,19,0,3,C,15,9,6,62.9,0,1
2025-03-03,19,0,3,D,15,7,8,49.5,0,1
2025-03-03,20,0,3,A,15,3,12,22.9,0,1
2025-03-03,20,0,3,B,15,6,9,40.1,0,1
2025-03-03,20,0,3,C,15,3,12,22.9,0,1
2025-03-03,20,0,3,D,15,3,12,26.2,0,1
2025-03-03,21,0,3,A,15,3,12,23.9,0,1
2025-03-03,21,0,3,B,15,4,11,27.9,0,1
2025-03-03,21,0,3,C,15,3,12,25.0,0,1
2025-03-03,21,0,3,D,15,0,15,5.0,0,1
2025-03-04,6,1,3,A,15,8,7,56.4,0,1
2025-03-04,6,1,3,B,15,6,9,45.3,0,1
2025-03-04,6,1,3,C,15,4,11,28.3,0,1
2025-03-04,6,1,3,D,15,2,13,19.2,0,1
2025-03-04,7,1,3,A,15,6,9,43.0,0,1
2025-03-04,7,1,3,B,15,5,10,35.7,0,1
2025-03-04,7,1,3,C,15,5,10,34.3,0,1
2025-03-04,7,1,3,D,15,4,11,29.5,0,1
2025-03-04,8,1,3,A,15,14,1,98.0,0,1
2025-03-04,8,1,3,B,15,14,1,96.6,0,1
2025-03-04,8,1,3,C,15,12,3,81.0,0,1
2025-03-04,8,1,3,D,15,8,7,59.6,0,1
2025-03-04,9,1,3,A,15,14,1,98.0,0,1
2025-03-04,9,1,3,B,15,14,1,98.0,0,1
2025-03-04,9,1,3,C,15,14,1,98.0,0,1
2025-03-04,9,1,3,D,15,8,7,59.0,0,1
2025-03-04,10,1,3,A,15,14,1,98.0,0,1
2025-03-04,10,1,3,B,15,10,5,68.3,0,1
2025-03-04,10,1,3,C,15,12,3,80.9,0,1
2025-03-04,10,1,3,D,15,9,6,63.6,0,1
2025-03-04,11,1,3,A,15,14,1,98.0,0,1
2025-03-04,11,1,3,B,15,10,5,68.8,0,1
2025-03-04,11,1,3,C,15,8,7,54.0,0,1
2025-03-04,11,1,3,D,15,8,7,56.2,0,1
2025-03-04,12,1,3,A,15,10,5,70.4,0,1
2025-03-04,12,1,3,B,15,12,3,81.0,0,1
2025-03-04,12,1,3,C,15,7,8,51.0,0,1
2025-03-04,12,1,3,D,15,9,6,60.2,0,1
2025-03-04,13,1,3,A,15,10,5,69.6,0,1
2025-03-04,13,1,3,B,15,10,5,72.4,0,1
2025-03-04,13,1,3,C,15,12,3,80.6,0,1
2025-03-04,13,1,3,D,15,9,6,62.9,0,1
2025-03-04,14,1,3,A,15,11,4,73.6,0,1
2025-03-04,14,1,3,B,15,10,5,69.8,0,1
2025-03-04,14,1,3,C,15,9,6,63.1,0,1
2025-03-04,14,1,3,D,15,8,7,59.8,0,1
2025-03-04,15,1,3,A,15,10,5,69.6,0,1
2025-03-04,15,1,3,B,15,11,4,74.7,0,1
2025-03-04,15,1,3,C,15,6,9,41.4,0,1
2025-03-04,15,1,3,D,15,7,8,51.0,0,1
2025-03-04,16,1,3,A,15,11,4,76.6,0,1
2025-03-04,16,1,3,B,15,11,4,75.1,0,1
2025-03-04,16,1,3,C,15,9,6,63.2,0,1
2025-03-04,16,1,3,D,15,6,9,44.8,0,1
2025-03-04,17,1,3,A,15,9,6,61.1,0,1
2025-03-04,17,1,3,B,15,9,6,61.6,0,1
2025-03-04,17,1,3,C,15,8,7,53.4,0,1
2025-03-04,17,1,3,D,15,6,9,43.4,0,1
2025-03-04,18,1,3,A,15,9,6,65.2,0,1
2025-03-04,18,1,3,B,15,9,6,65.6,0,1
2025-03-04,18,1,3,C,15,7,8,49.9,0,1
2025-03-04,18,1,3,D,15,7,8,47.3,0,1
2025-03-04,19,1,3,A,15,12,3,86.4,0,1
2025-03-04,19,1,3,B,15,7,8,48.6,0,1
2025-03-04,19,1,3,C,15,5,10,39.2,0,1
2025-03-04,19,1,3,D,15,8,7,54.3,0,1
2025-03-04,20,1,3,A,15,3,12,23.3,0,1
2025-03-04,20,1,3,B,15,3,12,22.5,0,1
2025-03-04,20,1,3,C,15,2,13,16.3,0,1
2025-03-04,20,1,3,D,15,2,13,17.9,0,1
2025-03-04,21,1,3,A,15,6,9,41.5,0,1
2025-03-04,21,1,3,B,15,4,11,31.4,0,1
2025-03-04,21,1,3,C,15,4,11,29.4,0,1
2025-03-04,21,1,3,D,15,1,14,8.7,0,1
2025-03-05,6,2,3,A,15,4,11,31.0,0,1
2025-03-05,6,2,3,B,15,1,14,12.3,0,1
2025-03-05,6,2,3,C,15,3,12,25.0,0,1
2025-03-05,6,2,3,D,15,5,10,35.7,0,1
2025-03-05,7,2,3,A,15,6,9,44.4,0,1
2025-03-05,7,2,3,B,15,4,11,33.2,0,1
2025-03-05,7,2,3,C,15,4,11,31.3,0,1
2025-03-05,7,2,3,D,15,3,12,22.5,0,1
2025-03-05,8,2,3,A,15,14,1,98.0,0,1
2025-03-05,8,2,3,B,15,13,2,91.1,0,1
2025-03-05,8,2,3,C,15,9,6,63.6,0,1
2025-03-05,8,2,3,D,15,10,5,70.4,0,1
2025-03-05,9,2,3,A,15,14,1,98.0,0,1
2025-03-05,9,2,3,B,15,12,3,81.7,0,1
2025-03-05,9,2,3,C,15,12,3,82.1,0,1
2025-03-05,9,2,3,D,15,13,2,90.5,0,1
2025-03-05,10,2,3,A,15,14,1,96.9,0,1
2025-03-05,10,2,3,B,15,13,2,88.1,0,1
2025-03-05,10,2,3,C,15,10,5,70.6,0,1
2025-03-05,10,2,3,D,15,10,5,69.5,0,1
2025-03-05,11,2,3,A,15,13,2,89.9,0,1
2025-03-05,11,2,3,B,15,11,4,76.6,0,1
2025-03-05,11,2,3,C,15,8,7,59.3,0,1
2025-03-05,11,2,3,D,15,9,6,61.7,0,1
2025-03-05,12,2,3,A,15,14,1,97.9,0,1
2025-03-05,12,2,3,B,15,11,4,78.6,0,1
2025-03-05,12,2,3,C,15,11,4,75.2,0,1
2025-03-05,12,2,3,D,15,8,7,58.1,0,1
2025-03-05,13,2,3,A,15,13,2,92.2,0,1
2025-03-05,13,2,3,B,15,11,4,77.2,0,1
2025-03-05,13,2,3,C,15,8,7,59.9,0,1
2025-03-05,13,2,3,D,15,9,6,62.5,0,1
2025-03-05,14,2,3,A,15,10,5,72.6,0,1
2025-03-05,14,2,3,B,15,9,6,64.9,0,1
2025-03-05,14,2,3,C,15,9,6,64.5,0,1
2025-03-05,14,2,3,D,15,8,7,58.4,0,1
2025-03-05,15,2,3,A,15,10,5,71.0,0,1
2025-03-05,15,2,3,B,15,11,4,78.4,0,1
2025-03-05,15,2,3,C,15,10,5,67.6,0,1
2025-03-05,15,2,3,D,15,7,8,50.4,0,1
2025-03-05,16,2,3,A,15,10,5,68.2,0,1
2025-03-05,16,2,3,B,15,10,5,68.8,0,1
2025-03-05,16,2,3,C,15,8,7,59.4,0,1
2025-03-05,16,2,3,D,15,8,7,56.9,0,1
2025-03-05,17,2,3,A,15,9,6,66.1,0,1
2025-03-05,17,2,3,B,15,6,9,43.9,0,1
2025-03-05,17,2,3,C,15,7,8,50.9,0,1
2025-03-05,17,2,3,D,15,6,9,45.6,0,1
2025-03-05,18,2,3,A,15,11,4,74.1,0,1
2025-03-05,18,2,3,B,15,8,7,54.4,0,1
2025-03-05,18,2,3,C,15,10,5,67.4,0,1
2025-03-05,18,2,3,D,15,4,11,32.7,0,1
2025-03-05,19,2,3,A,15,11,4,79.5,0,1
2025-03-05,19,2,3,B,15,8,7,58.2,0,1
2025-03-05,19,2,3,C,15,9,6,60.9,0,1
2025-03-05,19,2,3,D,15,7,8,48.6,0,1
2025-03-05,20,2,3,A,15,5,10,37.9,0,1
2025-03-05,20,2,3,B,15,3,12,21.9,0,1
2025-03-05,20,2,3,C,15,2,13,13.7,0,1
2025-03-05,20,2,3,D,15,4,11,31.4,0,1
2025-03-05,21,2,3,A,15,4,11,27.8,0,1
2025-03-05,21,2,3,B,15,4,11,26.8,0,1
2025-03-05,21,2,3,C,15,4,11,32.4,0,1
2025-03-05,21,2,3,D,15,1,14,11.7,0,1
2025-03-06,6,3,3,A,15,6,9,45.0,0,1
2025-03-06,6,3,3,B,15,4,11,30.3,0,1
2025-03-06,6,3,3,C,15,4,11,30.4,0,1
2025-03-06,6,3,3,D,15,4,11,28.6,0,1
2025-03-06,7,3,3,A,15,4,11,28.2,0,1
2025-03-06,7,3,3,B,15,4,11,28.8,0,1
2025-03-06,7,3,3,C,15,6,9,42.3,0,1
2025-03-06,7,3,3,D,15,5,10,35.1,0,1
2025-03-06,8,3,3,A,15,14,1,97.2,0,1
2025-03-06,8,3,3,B,15,13,2,86.9,0,1
2025-03-06,8,3,3,C,15,11,4,74.1,0,1
2025-03-06,8,3,3,D,15,11,4,78.9,0,1
2025-03-06,9,3,3,A,15,14,1,96.1,0,1
2025-03-06,9,3,3,B,15,13,2,86.9,0,1
2025-03-06,9,3,3,C,15,12,3,85.7,0,1
2025-03-06,9,3,3,D,15,9,6,61.8,0,1
2025-03-06,10,3,3,A,15,14,1,98.0,0,1
2025-03-06,10,3,3,B,15,10,5,72.8,0,1
2025-03-06,10,3,3,C,15,13,2,89.5,0,1
2025-03-06,10,3,3,D,15,9,6,65.0,0,1
2025-03-06,11,3,3,A,15,12,3,84.3,0,1
2025-03-06,11,3,3,B,15,8,7,59.9,0,1
2025-03-06,11,3,3,C,15,9,6,63.9,0,1
2025-03-06,11,3,3,D,15,7,8,51.7,0,1
2025-03-06,12,3,3,A,15,12,3,81.4,0,1
2025-03-06,12,3,3,B,15,11,4,73.9,0,1
2025-03-06,12,3,3,C,15,11,4,75.2,0,1
2025-03-06,12,3,3,D,15,9,6,61.7,0,1
2025-03-06,13,3,3,A,15,13,2,88.7,0,1
2025-03-06,13,3,3,B,15,9,6,66.2,0,1
2025-03-06,13,3,3,C,15,9,6,60.5,0,1
2025-03-06,13,3,3,D,15,11,4,74.4,0,1
2025-03-06,14,3,3,A,15,11,4,74.6,0,1
2025-03-06,14,3,3,B,15,12,3,83.2,0,1
2025-03-06,14,3,3,C,15,9,6,61.1,0,1
2025-03-06,14,3,3,D,15,8,7,56.0,0,1
2025-03-06,15,3,3,A,15,13,2,89.1,0,1
2025-03-06,15,3,3,B,15,12,3,80.2,0,1
2025-03-06,15,3,3,C,15,9,6,62.1,0,1
2025-03-06,15,3,3,D,15,7,8,52.9,0,1
2025-03-06,16,3,3,A,15,12,3,80.1,0,1
2025-03-06,16,3,3,B,15,10,5,72.7,0,1
2025-03-06,16,3,3,C,15,10,5,70.1,0,1
2025-03-06,16,3,3,D,15,8,7,56.0,0,1
2025-03-06,17,3,3,A,15,11,4,74.0,0,1
2025-03-06,17,3,3,B,15,10,5,73.1,0,1
2025-03-06,17,3,3,C,15,8,7,57.1,0,1
2025-03-06,17,3,3,D,15,7,8,50.5,0,1
2025-03-06,18,3,3,A,15,8,7,56.8,0,1
2025-03-06,18,3,3,B,15,5,10,39.0,0,1
2025-03-06,18,3,3,C,15,8,7,57.1,0,1
2025-03-06,18,3,3,D,15,7,8,47.2,0,1
2025-03-06,19,3,3,A,15,9,6,64.9,0,1
2025-03-06,19,3,3,B,15,9,6,61.9,0,1
2025-03-06,19,3,3,C,15,8,7,53.5,0,1
2025-03-06,19,3,3,D,15,8,7,57.0,0,1
2025-03-06,20,3,3,A,15,4,11,29.4,0,1
2025-03-06,20,3,3,B,15,2,13,19.0,0,1
2025-03-06,20,3,3,C,15,4,11,30.4,0,1
2025-03-06,20,3,3,D,15,2,13,18.3,0,1
2025-03-06,21,3,3,A,15,4,11,33.0,0,1
2025-03-06,21,3,3,B,15,3,12,21.2,0,1
2025-03-06,21,3,3,C,15,2,13,17.3,0,1
2025-03-06,21,3,3,D,15,3,12,20.7,0,1
2025-03-07,6,4,3,A,15,6,9,40.4,0,1
2025-03-07,6,4,3,B,15,5,10,38.8,0,1
2025-03-07,6,4,3,C,15,4,11,29.4,0,1
2025-03-07,6,4,3,D,15,1,14,13.3,0,1
2025-03-07,7,4,3,A,15,5,10,36.8,0,1
2025-03-07,7,4,3,B,15,6,9,41.4,0,1
2025-03-07,7,4,3,C,15,4,11,29.1,0,1
2025-03-07,7,4,3,D,15,3,12,26.0,0,1
2025-03-07,8,4,3,A,15,14,1,98.0,0,1
2025-03-07,8,4,3,B,15,11,4,79.3,0,1
2025-03-07,8,4,3,C,15,9,6,64.2,0,1
2025-03-07,8,4,3,D,15,10,5,66.7,0,1
2025-03-07,9,4,3,A,15,14,1,93.9,0,1
2025-03-07,9,4,3,B,15,11,4,77.3,0,1
2025-03-07,9,4,3,C,15,11,4,75.1,0,1
2025-03-07,9,4,3,D,15,10,5,71.9,0,1
2025-03-07,10,4,3,A,15,14,1,97.7,0,1
2025-03-07,10,4,3,B,15,13,2,87.5,0,1
2025-03-07,10,4,3,C,15,13,2,91.0,0,1
2025-03-07,10,4,3,D,15,9,6,65.3,0,1
2025-03-07,11,4,3,A,15,13,2,88.5,0,1
2025-03-07,11,4,3,B,15,10,5,70.9,0,1
2025-03-07,11,4,3,C,15,9,6,60.7,0,1
2025-03-07,11,4,3,D,15,8,7,55.3,0,1
2025-03-07,12,4,3,A,15,12,3,82.4,0,1
2025-03-07,12,4,3,B,15,11,4,77.9,0,1
2025-03-07,12,4,3,C,15,12,3,86.3,0,1
2025-03-07,12,4,3,D,15,8,7,54.3,0,1
2025-03-07,13,4,3,A,15,12,3,82.9,0,1
2025-03-07,13,4,3,B,15,11,4,74.5,0,1
2025-03-07,13,4,3,C,15,10,5,70.7,0,1
2025-03-07,13,4,3,D,15,9,6,62.1,0,1
2025-03-07,14,4,3,A,15,13,2,90.8,0,1
2025-03-07,14,4,3,B,15,7,8,50.6,0,1
2025-03-07,14,4,3,C,15,6,9,43.9,0,1
2025-03-07,14,4,3,D,15,7,8,52.0,0,1
2025-03-07,15,4,3,A,15,13,2,89.3,0,1
2025-03-07,15,4,3,B,15,8,7,57.5,0,1
2025-03-07,15,4,3,C,15,5,10,38.9,0,1
2025-03-07,15,4,3,D,15,9,6,60.6,0,1
2025-03-07,16,4,3,A,15,12,3,82.4,0,1
2025-03-07,16,4,3,B,15,9,6,61.3,0,1
2025-03-07,16,4,3,C,15,8,7,55.1,0,1
2025-03-07,16,4,3,D,15,7,8,48.2,0,1
2025-03-07,17,4,3,A,15,10,5,69.9,0,1
2025-03-07,17,4,3,B,15,8,7,55.0,0,1
2025-03-07,17,4,3,C,15,8,7,58.0,0,1
2025-03-07,17,4,3,D,15,3,12,25.2,0,1
2025-03-07,18,4,3,A,15,9,6,62.1,0,1
2025-03-07,18,4,3,B,15,7,8,51.0,0,1
2025-03-07,18,4,3,C,15,7,8,51.9,0,1
2025-03-07,18,4,3,D,15,6,9,43.7,0,1
2025-03-07,19,4,3,A,15,11,4,75.4,0,1
2025-03-07,19,4,3,B,15,6,9,45.1,0,1
2025-03-07,19,4,3,C,15,8,7,54.4,0,1
2025-03-07,19,4,3,D,15,7,8,52.5,0,1
2025-03-07,20,4,3,A,15,6,9,43.6,0,1
2025-03-07,20,4,3,B,15,3,12,21.1,0,1
2025-03-07,20,4,3,C,15,3,12,25.1,0,1
2025-03-07,20,4,3,D,15,0,15,5.6,0,1
2025-03-07,21,4,3,A,15,1,14,9.6,0,1
2025-03-07,21,4,3,B,15,4,11,31.8,0,1
2025-03-07,21,4,3,C,15,3,12,22.5,0,1
2025-03-07,21,4,3,D,15,4,11,29.4,0,1
2025-03-08,6,5,3,A,15,0,15,5.0,1,1
2025-03-08,6,5,3,B,15,2,13,16.4,1,1
2025-03-08,6,5,3,C,15,3,12,26.0,1,1
2025-03-08,6,5,3,D,15,1,14,13.2,1,1
2025-03-08,7,5,3,A,15,2,13,16.3,1,1
2025-03-08,7,5,3,B,15,1,14,12.3,1,1
2025-03-08,7,5,3,C,15,0,15,5.0,1,1
2025-03-08,7,5,3,D,15,3,12,20.6,1,1
2025-03-08,8,5,3,A,15,4,11,29.3,1,1
2025-03-08,8,5,3,B,15,5,10,33.8,1,1
2025-03-08,8,5,3,C,15,2,13,14.3,1,1
2025-03-08,8,5,3,D,15,2,13,14.4,1,1
2025-03-08,9,5,3,A,15,6,9,45.7,1,1
2025-03-08,9,5,3,B,15,4,11,27.0,1,1
2025-03-08,9,5,3,C,15,5,10,38.4,1,1
2025-03-08,9,5,3,D,15,3,12,23.2,1,1
2025-03-08,10,5,3,A,15,2,13,19.5,1,1
2025-03-08,10,5,3,B,15,5,10,36.9,1,1
2025-03-08,10,5,3,C,15,3,12,22.1,1,1
2025-03-08,10,5,3,D,15,4,11,29.4,1,1
2025-03-08,11,5,3,A,15,4,11,30.4,1,1
2025-03-08,11,5,3,B,15,2,13,13.9,1,1
2025-03-08,11,5,3,C,15,3,12,24.9,1,1
2025-03-08,11,5,3,D,15,5,10,38.6,1,1
2025-03-08,12,5,3,A,15,5,10,34.1,1,1
2025-03-08,12,5,3,B,15,3,12,25.8,1,1
2025-03-08,12,5,3,C,15,4,11,32.2,1,1
2025-03-08,12,5,3,D,15,3,12,22.7,1,1
2025-03-08,13,5,3,A,15,4,11,31.9,1,1
2025-03-08,13,5,3,B,15,2,13,17.5,1,1
2025-03-08,13,5,3,C,15,3,12,25.5,1,1
2025-03-08,13,5,3,D,15,4,11,29.3,1,1
2025-03-08,14,5,3,A,15,3,12,21.5,1,1
2025-03-08,14,5,3,B,15,5,10,35.9,1,1
2025-03-08,14,5,3,C,15,3,12,21.3,1,1
2025-03-08,14,5,3,D,15,1,14,12.5,1,1
2025-03-08,15,5,3,A,15,5,10,36.2,1,1
2025-03-08,15,5,3,B,15,3,12,22.2,1,1
2025-03-08,15,5,3,C,15,4,11,28.1,1,1
2025-03-08,15,5,3,D,15,2,13,17.3,1,1
2025-03-08,16,5,3,A,15,4,11,27.7,1,1
2025-03-08,16,5,3,B,15,4,11,28.4,1,1
2025-03-08,16,5,3,C,15,3,12,24.4,1,1
2025-03-08,16,5,3,D,15,0,15,5.0,1,1
2025-03-08,17,5,3,A,15,2,13,15.2,1,1
2025-03-08,17,5,3,B,15,4,11,28.4,1,1
2025-03-08,17,5,3,C,15,2,13,17.8,1,1
2025-03-08,17,5,3,D,15,1,14,12.6,1,1
2025-03-08,18,5,3,A,15,1,14,13.3,1,1
2025-03-08,18,5,3,B,15,1,14,12.4,1,1
2025-03-08,18,5,3,C,15,0,15,5.0,1,1
2025-03-08,18,5,3,D,15,2,13,16.0,1,1
2025-03-08,19,5,3,A,15,2,13,19.4,1,1
2025-03-08,19,5,3,B,15,1,14,13.3,1,1
2025-03-08,19,5,3,C,15,2,13,18.4,1,1
2025-03-08,19,5,3,D,15,2,13,19.7,1,1
2025-03-08,20,5,3,A,15,4,11,26.8,1,1
2025-03-08,20,5,3,B,15,0,15,5.0,1,1
2025-03-08,20,5,3,C,15,2,13,17.2,1,1
2025-03-08,20,5,3,D,15,2,13,14.8,1,1
2025-03-08,21,5,3,A,15,0,15,5.0,1,1
2025-03-08,21,5,3,B,15,1,14,10.4,1,1
2025-03-08,21,5,3,C,15,0,15,5.0,1,1
2025-03-08,21,5,3,D,15,1,14,8.5,1,1
2025-03-09,6,6,3,A,15,3,12,26.2,1,1
2025-03-09,6,6,3,B,15,2,13,17.1,1,1
2025-03-09,6,6,3,C,15,2,13,15.1,1,1
2025-03-09,6,6,3,D,15,0,15,6.4,1,1
2025-03-09,7,6,3,A,15,0,15,5.0,1,1
2025-03-09,7,6,3,B,15,1,14,10.6,1,1
2025-03-09,7,6,3,C,15,3,12,20.7,1,1
2025-03-09,7,6,3,D,15,0,15,5.0,1,1
2025-03-09,8,6,3,A,15,3,12,25.8,1,1
2025-03-09,8,6,3,B,15,4,11,30.8,1,1
2025-03-09,8,6,3,C,15,2,13,18.9,1,1
2025-03-09,8,6,3,D,15,2,13,17.5,1,1
2025-03-09,9,6,3,A,15,4,11,30.8,1,1
2025-03-09,9,6,3,B,15,2,13,18.8,1,1
2025-03-09,9,6,3,C,15,2,13,19.0,1,1
2025-03-09,9,6,3,D,15,4,11,29.4,1,1
2025-03-09,10,6,3,A,15,3,12,23.8,1,1
2025-03-09,10,6,3,B,15,2,13,17.0,1,1
2025-03-09,10,6,3,C,15,3,12,21.7,1,1
2025-03-09,10,6,3,D,15,4,11,29.7,1,1
2025-03-09,11,6,3,A,15,4,11,28.6,1,1
2025-03-09,11,6,3,B,15,3,12,22.5,1,1
2025-03-09,11,6,3,C,15,3,12,24.0,1,1
2025-03-09,11,6,3,D,15,1,14,7.0,1,1
2025-03-09,12,6,3,A,15,5,10,34.1,1,1
2025-03-09,12,6,3,B,15,4,11,29.3,1,1
2025-03-09,12,6,3,C,15,3,12,20.4,1,1
2025-03-09,12,6,3,D,15,4,11,29.0,1,1
2025-03-09,13,6,3,A,15,3,12,21.2,1,1
2025-03-09,13,6,3,B,15,5,10,35.3,1,1
2025-03-09,13,6,3,C,15,3,12,24.9,1,1
2025-03-09,13,6,3,D,15,2,13,18.3,1,1
2025-03-09,14,6,3,A,15,4,11,28.0,1,1
2025-03-09,14,6,3,B,15,3,12,23.6,1,1
2025-03-09,14,6,3,C,15,4,11,31.8,1,1
2025-03-09,14,6,3,D,15,1,14,11.0,1,1
2025-03-09,15,6,3,A,15,3,12,22.1,1,1
2025-03-09,15,6,3,B,15,4,11,32.8,1,1
2025-03-09,15,6,3,C,15,2,13,17.3,1,1
2025-03-09,15,6,3,D,15,4,11,26.8,1,1
2025-03-09,16,6,3,A,15,6,9,41.8,1,1
2025-03-09,16,6,3,B,15,3,12,21.3,1,1
2025-03-09,16,6,3,C,15,4,11,27.5,1,1
2025-03-09,16,6,3,D,15,1,14,10.4,1,1
2025-03-09,17,6,3,A,15,4,11,30.2,1,1
2025-03-09,17,6,3,B,15,3,12,22.6,1,1
2025-03-09,17,6,3,C,15,3,12,22.7,1,1
2025-03-09,17,6,3,D,15,1,14,11.6,1,1
2025-03-09,18,6,3,A,15,1,14,10.9,1,1
2025-03-09,18,6,3,B,15,3,12,25.0,1,1
2025-03-09,18,6,3,C,15,0,15,5.0,1,1
2025-03-09,18,6,3,D,15,2,13,14.3,1,1
2025-03-09,19,6,3,A,15,4,11,31.7,1,1
2025-03-09,19,6,3,B,15,3,12,22.5,1,1
2025-03-09,19,6,3,C,15,5,10,34.5,1,1
2025-03-09,19,6,3,D,15,3,12,25.0,1,1
2025-03-09,20,6,3,A,15,0,15,5.0,1,1
2025-03-09,20,6,3,B,15,1,14,9.0,1,1
2025-03-09,20,6,3,C,15,1,14,7.5,1,1
2025-03-09,20,6,3,D,15,0,15,5.0,1,1
2025-03-09,21,6,3,A,15,0,15,5.0,1,1
2025-03-09,21,6,3,B,15,0,15,5.0,1,1
2025-03-09,21,6,3,C,15,0,15,5.0,1,1
2025-03-09,21,6,3,D,15,1,14,7.4,1,1
2025-03-10,6,0,3,A,15,5,10,38.3,0,1
2025-03-10,6,0,3,B,15,3,12,21.6,0,1
2025-03-10,6,0,3,C,15,5,10,34.7,0,1
2025-03-10,6,0,3,D,15,5,10,33.7,0,1
2025-03-10,7,0,3,A,15,6,9,42.1,0,1
2025-03-10,7,0,3,B,15,4,11,32.4,0,1
2025-03-10,7,0,3,C,15,5,10,36.2,0,1
2025-03-10,7,0,3,D,15,5,10,33.4,0,1
2025-03-10,8,0,3,A,15,14,1,98.0,0,1
2025-03-10,8,0,3,B,15,11,4,78.4,0,1
2025-03-10,8,0,3,C,15,11,4,78.7,0,1
2025-03-10,8,0,3,D,15,11,4,77.6,0,1
2025-03-10,9,0,3,A,15,13,2,93.0,0,1
2025-03-10,9,0,3,B,15,14,1,98.0,0,1
2025-03-10,9,0,3,C,15,10,5,72.3,0,1
2025-03-10,9,0,3,D,15,10,5,68.3,0,1
2025-03-10,10,0,3,A,15,13,2,92.4,0,1
2025-03-10,10,0,3,B,15,13,2,86.8,0,1
2025-03-10,10,0,3,C,15,9,6,62.6,0,1
2025-03-10,10,0,3,D,15,9,6,63.6,0,1
2025-03-10,11,0,3,A,15,11,4,77.5,0,1
2025-03-10,11,0,3,B,15,11,4,76.1,0,1
2025-03-10,11,0,3,C,15,11,4,75.5,0,1
2025-03-10,11,0,3,D,15,9,6,65.2,0,1
2025-03-10,12,0,3,A,15,10,5,67.3,0,1
2025-03-10,12,0,3,B,15,13,2,91.3,0,1
2025-03-10,12,0,3,C,15,10,5,69.9,0,1
2025-03-10,12,0,3,D,15,8,7,53.8,0,1
2025-03-10,13,0,3,A,15,13,2,87.5,0,1
2025-03-10,13,0,3,B,15,11,4,76.4,0,1
2025-03-10,13,0,3,C,15,9,6,62.2,0,1
2025-03-10,13,0,3,D,15,9,6,61.6,0,1
2025-03-10,14,0,3,A,15,11,4,75.6,0,1
2025-03-10,14,0,3,B,15,10,5,66.8,0,1
2025-03-10,14,0,3,C,15,8,7,57.5,0,1
2025-03-10,14,0,3,D,15,6,9,44.5,0,1
2025-03-10,15,0,3,A,15,12,3,81.7,0,1
2025-03-10,15,0,3,B,15,11,4,74.7,0,1
2025-03-10,15,0,3,C,15,10,5,67.1,0,1
2025-03-10,15,0,3,D,15,9,6,62.6,0,1
2025-03-10,16,0,3,A,15,12,3,83.1,0,1
2025-03-10,16,0,3,B,15,9,6,65.7,0,1
2025-03-10,16,0,3,C,15,10,5,69.7,0,1
2025-03-10,16,0,3,D,15,6,9,45.1,0,1
2025-03-10,17,0,3,A,15,9,6,61.8,0,1
2025-03-10,17,0,3,B,15,7,8,52.3,0,1
2025-03-10,17,0,3,C,15,9,6,62.6,0,1
2025-03-10,17,0,3,D,15,8,7,55.5,0,1
2025-03-10,18,0,3,A,15,10,5,72.9,0,1
2025-03-10,18,0,3,B,15,10,5,68.6,0,1
2025-03-10,18,0,3,C,15,7,8,47.0,0,1
2025-03-10,18,0,3,D,15,7,8,50.8,0,1
2025-03-10,19,0,3,A,15,10,5,68.0,0,1
2025-03-10,19,0,3,B,15,10,5,66.8,0,1
2025-03-10,19,0,3,C,15,7,8,53.1,0,1
2025-03-10,19,0,3,D,15,6,9,44.9,0,1
2025-03-10,20,0,3,A,15,4,11,33.1,0,1
2025-03-10,20,0,3,B,15,4,11,32.0,0,1
2025-03-10,20,0,3,C,15,2,13,17.2,0,1
2025-03-10,20,0,3,D,15,2,13,19.5,0,1
2025-03-10,21,0,3,A,15,3,12,20.3,0,1
2025-03-10,21,0,3,B,15,0,15,5.0,0,1
2025-03-10,21,0,3,C,15,3,12,24.1,0,1
2025-03-10,21,0,3,D,15,3,12,24.9,0,1
2025-03-11,6,1,3,A,15,6,9,42.3,0,1
2025-03-11,6,1,3,B,15,2,13,19.4,0,1
2025-03-11,6,1,3,C,15,4,11,28.7,0,1
2025-03-11,6,1,3,D,15,1,14,10.3,0,1
2025-03-11,7,1,3,A,15,7,8,51.2,0,1
2025-03-11,7,1,3,B,15,3,12,26.3,0,1
2025-03-11,7,1,3,C,15,6,9,41.5,0,1
2025-03-11,7,1,3,D,15,5,10,35.6,0,1
2025-03-11,8,1,3,A,15,13,2,90.5,0,1
2025-03-11,8,1,3,B,15,11,4,75.9,0,1
2025-03-11,8,1,3,C,15,11,4,79.3,0,1
2025-03-11,8,1,3,D,15,9,6,61.2,0,1
2025-03-11,9,1,3,A,15,14,1,98.0,0,1
2025-03-11,9,1,3,B,15,12,3,81.1,0,1
2025-03-11,9,1,3,C,15,9,6,62.3,0,1
2025-03-11,9,1,3,D,15,7,8,50.2,0,1
2025-03-11,10,1,3,A,15,14,1,98.0,0,1
2025-03-11,10,1,3,B,15,12,3,80.5,0,1
2025-03-11,10,1,3,C,15,10,5,72.1,0,1
2025-03-11,10,1,3,D,15,11,4,73.6,0,1
2025-03-11,11,1,3,A,15,14,1,95.6,0,1
2025-03-11,11,1,3,B,15,10,5,72.8,0,1
2025-03-11,11,1,3,C,15,9,6,64.8,0,1
2025-03-11,11,1,3,D,15,9,6,64.0,0,1
2025-03-11,12,1,3,A,15,11,4,75.4,0,1
2025-03-11,12,1,3,B,15,11,4,76.8,0,1
2025-03-11,12,1,3,C,15,10,5,71.9,0,1
2025-03-11,12,1,3,D,15,9,6,65.4,0,1
2025-03-11,13,1,3,A,15,10,5,70.8,0,1
2025-03-11,13,1,3,B,15,10,5,68.9,0,1
2025-03-11,13,1,3,C,15,9,6,60.5,0,1
2025-03-11,13,1,3,D,15,9,6,60.8,0,1
2025-03-11,14,1,3,A,15,12,3,84.3,0,1
2025-03-11,14,1,3,B,15,12,3,82.0,0,1
2025-03-11,14,1,3,C,15,8,7,59.0,0,1
2025-03-11,14,1,3,D,15,7,8,52.0,0,1
2025-03-11,15,1,3,A,15,13,2,89.7,0,1
2025-03-11,15,1,3,B,15,10,5,72.4,0,1
2025-03-11,15,1,3,C,15,10,5,73.1,0,1
2025-03-11,15,1,3,D,15,8,7,58.3,0,1
2025-03-11,16,1,3,A,15,10,5,71.2,0,1
2025-03-11,16,1,3,B,15,8,7,59.3,0,1
2025-03-11,16,1,3,C,15,7,8,50.6,0,1
2025-03-11,16,1,3,D,15,9,6,61.3,0,1
2025-03-11,17,1,3,A,15,11,4,78.5,0,1
2025-03-11,17,1,3,B,15,11,4,74.8,0,1
2025-03-11,17,1,3,C,15,9,6,60.7,0,1
2025-03-11,17,1,3,D,15,8,7,57.3,0,1
2025-03-11,18,1,3,A,15,9,6,64.4,0,1
2025-03-11,18,1,3,B,15,7,8,50.7,0,1
2025-03-11,18,1,3,C,15,9,6,60.8,0,1
2025-03-11,18,1,3,D,15,7,8,51.3,0,1
2025-03-11,19,1,3,A,15,10,5,69.9,0,1
2025-03-11,19,1,3,B,15,9,6,63.1,0,1
2025-03-11,19,1,3,C,15,8,7,56.6,0,1
2025-03-11,19,1,3,D,15,8,7,58.3,0,1
2025-03-11,20,1,3,A,15,5,10,39.1,0,1
2025-03-11,20,1,3,B,15,4,11,29.4,0,1
2025-03-11,20,1,3,C,15,4,11,29.3,0,1
2025-03-11,20,1,3,D,15,3,12,24.1,0,1
2025-03-11,21,1,3,A,15,3,12,25.1,0,1
2025-03-11,21,1,3,B,15,4,11,31.1,0,1
2025-03-11,21,1,3,C,15,1,14,11.3,0,1
2025-03-11,21,1,3,D,15,4,11,28.4,0,1
2025-03-12,6,2,3,A,15,4,11,30.7,0,1
2025-03-12,6,2,3,B,15,5,10,37.3,0,1
2025-03-12,6,2,3,C,15,3,12,24.7,0,1
2025-03-12,6,2,3,D,15,4,11,32.4,0,1
2025-03-12,7,2,3,A,15,5,10,40.0,0,1
2025-03-12,7,2,3,B,15,3,12,22.2,0,1
2025-03-12,7,2,3,C,15,5,10,34.9,0,1
2025-03-12,7,2,3,D,15,3,12,23.4,0,1
2025-03-12,8,2,3,A,15,14,1,98.0,0,1
2025-03-12,8,2,3,B,15,12,3,85.0,0,1
2025-03-12,8,2,3,C,15,11,4,79.7,0,1
2025-03-12,8,2,3,D,15,9,6,60.3,0,1
2025-03-12,9,2,3,A,15,13,2,93.0,0,1
2025-03-12,9,2,3,B,15,12,3,81.3,0,1
2025-03-12,9,2,3,C,15,12,3,83.4,0,1
2025-03-12,9,2,3,D,15,12,3,81.4,0,1
2025-03-12,10,2,3,A,15,13,2,91.3,0,1
2025-03-12,10,2,3,B,15,14,1,93.6,0,1
2025-03-12,10,2,3,C,15,8,7,59.1,0,1
2025-03-12,10,2,3,D,15,8,7,58.4,0,1
2025-03-12,11,2,3,A,15,11,4,78.6,0,1
2025-03-12,11,2,3,B,15,9,6,64.2,0,1
2025-03-12,11,2,3,C,15,8,7,54.8,0,1
2025-03-12,11,2,3,D,15,9,6,63.3,0,1
2025-03-12,12,2,3,A,15,12,3,84.5,0,1
2025-03-12,12,2,3,B,15,11,4,78.0,0,1
2025-03-12,12,2,3,C,15,10,5,73.0,0,1
2025-03-12,12,2,3,D,15,9,6,62.1,0,1
2025-03-12,13,2,3,A,15,13,2,91.5,0,1
2025-03-12,13,2,3,B,15,11,4,74.4,0,1
2025-03-12,13,2,3,C,15,8,7,58.0,0,1
2025-03-12,13,2,3,D,15,10,5,68.5,0,1
2025-03-12,14,2,3,A,15,11,4,75.8,0,1
2025-03-12,14,2,3,B,15,9,6,62.5,0,1
2025-03-12,14,2,3,C,15,9,6,61.6,0,1
2025-03-12,14,2,3,D,15,7,8,48.7,0,1
2025-03-12,15,2,3,A,15,11,4,77.2,0,1
2025-03-12,15,2,3,B,15,10,5,72.8,0,1
2025-03-12,15,2,3,C,15,9,6,65.8,0,1
2025-03-12,15,2,3,D,15,7,8,48.8,0,1
2025-03-12,16,2,3,A,15,11,4,76.6,0,1
2025-03-12,16,2,3,B,15,11,4,78.6,0,1
2025-03-12,16,2,3,C,15,10,5,67.0,0,1
2025-03-12,16,2,3,D,15,10,5,72.6,0,1
2025-03-12,17,2,3,A,15,11,4,78.4,0,1
2025-03-12,17,2,3,B,15,10,5,69.2,0,1
2025-03-12,17,2,3,C,15,6,9,42.9,0,1
2025-03-12,17,2,3,D,15,8,7,54.1,0,1
2025-03-12,18,2,3,A,15,10,5,68.6,0,1
2025-03-12,18,2,3,B,15,8,7,55.6,0,1
2025-03-12,18,2,3,C,15,8,7,55.3,0,1
2025-03-12,18,2,3,D,15,8,7,55.6,0,1
2025-03-12,19,2,3,A,15,10,5,73.0,0,1
2025-03-12,19,2,3,B,15,7,8,53.0,0,1
2025-03-12,19,2,3,C,15,8,7,59.9,0,1
2025-03-12,19,2,3,D,15,6,9,42.9,0,1
2025-03-12,20,2,3,A,15,4,11,30.5,0,1
2025-03-12,20,2,3,B,15,3,12,22.6,0,1
2025-03-12,20,2,3,C,15,3,12,20.7,0,1
2025-03-12,20,2,3,D,15,3,12,26.1,0,1
2025-03-12,21,2,3,A,15,3,12,20.4,0,1
2025-03-12,21,2,3,B,15,6,9,40.6,0,1
2025-03-12,21,2,3,C,15,1,14,7.9,0,1
2025-03-12,21,2,3,D,15,2,13,15.2,0,1
2025-03-13,6,3,3,A,15,6,9,43.2,0,1
2025-03-13,6,3,3,B,15,5,10,39.7,0,1
2025-03-13,6,3,3,C,15,4,11,30.7,0,1
2025-03-13,6,3,3,D,15,4,11,27.5,0,1
2025-03-13,7,3,3,A,15,6,9,43.5,0,1
2025-03-13,7,3,3,B,15,4,11,33.2,0,1
2025-03-13,7,3,3,C,15,6,9,42.6,0,1
2025-03-13,7,3,3,D,15,5,10,34.7,0,1
2025-03-13,8,3,3,A,15,14,1,98.0,0,1
2025-03-13,8,3,3,B,15,11,4,77.3,0,1
2025-03-13,8,3,3,C,15,11,4,75.9,0,1
2025-03-13,8,3,3,D,15,9,6,65.6,0,1
2025-03-13,9,3,3,A,15,13,2,89.7,0,1
2025-03-13,9,3,3,B,15,13,2,87.9,0,1
2025-03-13,9,3,3,C,15,10,5,72.2,0,1
2025-03-13,9,3,3,D,15,10,5,73.2,0,1
2025-03-13,10,3,3,A,15,13,2,89.2,0,1
2025-03-13,10,3,3,B,15,14,1,98.0,0,1
2025-03-13,10,3,3,C,15,10,5,69.3,0,1
2025-03-13,10,3,3,D,15,10,5,69.8,0,1
2025-03-13,11,3,3,A,15,13,2,92.6,0,1
2025-03-13,11,3,3,B,15,10,5,70.4,0,1
2025-03-13,11,3,3,C,15,11,4,74.3,0,1
2025-03-13,11,3,3,D,15,7,8,50.2,0,1
2025-03-13,12,3,3,A,15,14,1,97.9,0,1
2025-03-13,12,3,3,B,15,11,4,75.1,0,1
2025-03-13,12,3,3,C,15,9,6,62.7,0,1
2025-03-13,12,3,3,D,15,8,7,57.6,0,1
2025-03-13,13,3,3,A,15,13,2,92.7,0,1
2025-03-13,13,3,3,B,15,10,5,70.3,0,1
2025-03-13,13,3,3,C,15,9,6,61.5,0,1
2025-03-13,13,3,3,D,15,8,7,58.2,0,1
2025-03-13,14,3,3,A,15,10,5,71.1,0,1
2025-03-13,14,3,3,B,15,12,3,84.6,0,1
2025-03-13,14,3,3,C,15,8,7,58.5,0,1
2025-03-13,14,3,3,D,15,9,6,62.7,0,1
2025-03-13,15,3,3,A,15,12,3,82.2,0,1
2025-03-13,15,3,3,B,15,9,6,62.1,0,1
2025-03-13,15,3,3,C,15,9,6,63.0,0,1
2025-03-13,15,3,3,D,15,9,6,62.3,0,1
2025-03-13,16,3,3,A,15,11,4,79.0,0,1
2025-03-13,16,3,3,B,15,11,4,79.5,0,1
2025-03-13,16,3,3,C,15,10,5,71.2,0,1
2025-03-13,16,3,3,D,15,9,6,63.4,0,1
2025-03-13,17,3,3,A,15,9,6,65.3,0,1
2025-03-13,17,3,3,B,15,7,8,51.4,0,1
2025-03-13,17,3,3,C,15,7,8,49.1,0,1
2025-03-13,17,3,3,D,15,7,8,49.6,0,1
2025-03-13,18,3,3,A,15,11,4,73.4,0,1
2025-03-13,18,3,3,B,15,6,9,42.6,0,1
2025-03-13,18,3,3,C,15,8,7,53.9,0,1
2025-03-13,18,3,3,D,15,7,8,49.3,0,1
2025-03-13,19,3,3,A,15,10,5,66.8,0,1
2025-03-13,19,3,3,B,15,10,5,70.3,0,1
2025-03-13,19,3,3,C,15,8,7,57.4,0,1
2025-03-13,19,3,3,D,15,8,7,58.5,0,1
2025-03-13,20,3,3,A,15,4,11,27.0,0,1
2025-03-13,20,3,3,B,15,4,11,32.5,0,1
2025-03-13,20,3,3,C,15,5,10,35.6,0,1
2025-03-13,20,3,3,D,15,4,11,30.5,0,1
2025-03-13,21,3,3,A,15,3,12,20.0,0,1
2025-03-13,21,3,3,B,15,3,12,23.0,0,1
2025-03-13,21,3,3,C,15,2,13,19.7,0,1
2025-03-13,21,3,3,D,15,3,12,23.9,0,1
2025-03-14,6,4,3,A,15,6,9,45.7,0,1
2025-03-14,6,4,3,B,15,4,11,28.3,0,1
2025-03-14,6,4,3,C,15,4,11,32.0,0,1
2025-03-14,6,4,3,D,15,1,14,11.8,0,1
2025-03-14,7,4,3,A,15,7,8,51.8,0,1
2025-03-14,7,4,3,B,15,4,11,30.9,0,1
2025-03-14,7,4,3,C,15,4,11,31.9,0,1
2025-03-14,7,4,3,D,15,3,12,25.5,0,1
2025-03-14,8,4,3,A,15,14,1,98.0,0,1
2025-03-14,8,4,3,B,15,9,6,62.3,0,1
2025-03-14,8,4,3,C,15,11,4,76.4,0,1
2025-03-14,8,4,3,D,15,10,5,67.2,0,1
2025-03-14,9,4,3,A,15,14,1,94.1,0,1
2025-03-14,9,4,3,B,15,14,1,98.0,0,1
2025-03-14,9,4,3,C,15,10,5,69.4,0,1
2025-03-14,9,4,3,D,15,11,4,74.2,0,1
2025-03-14,10,4,3,A,15,14,1,98.0,0,1
2025-03-14,10,4,3,B,15,14,1,95.1,0,1
2025-03-14,10,4,3,C,15,10,5,71.2,0,1
2025-03-14,10,4,3,D,15,9,6,62.1,0,1
2025-03-14,11,4,3,A,15,14,1,95.0,0,1
2025-03-14,11,4,3,B,15,11,4,78.4,0,1
2025-03-14,11,4,3,C,15,8,7,55.1,0,1
2025-03-14,11,4,3,D,15,8,7,55.7,0,1
2025-03-14,12,4,3,A,15,13,2,89.3,0,1
2025-03-14,12,4,3,B,15,12,3,81.7,0,1
2025-03-14,12,4,3,C,15,9,6,62.1,0,1
2025-03-14,12,4,3,D,15,5,10,36.7,0,1
2025-03-14,13,4,3,A,15,13,2,90.4,0,1
2025-03-14,13,4,3,B,15,9,6,65.2,0,1
2025-03-14,13,4,3,C,15,7,8,51.4,0,1
2025-03-14,13,4,3,D,15,5,10,37.3,0,1
2025-03-14,14,4,3,A,15,13,2,87.0,0,1
2025-03-14,14,4,3,B,15,10,5,71.0,0,1
2025-03-14,14,4,3,C,15,9,6,61.2,0,1
2025-03-14,14,4,3,D,15,10,5,67.1,0,1
2025-03-14,15,4,3,A,15,12,3,85.6,0,1
2025-03-14,15,4,3,B,15,12,3,82.9,0,1
2025-03-14,15,4,3,C,15,7,8,51.9,0,1
2025-03-14,15,4,3,D,15,8,7,55.7,0,1
2025-03-14,16,4,3,A,15,10,5,67.6,0,1
2025-03-14,16,4,3,B,15,10,5,68.2,0,1
2025-03-14,16,4,3,C,15,9,6,61.0,0,1
2025-03-14,16,4,3,D,15,9,6,61.0,0,1
2025-03-14,17,4,3,A,15,10,5,69.4,0,1
2025-03-14,17,4,3,B,15,9,6,65.0,0,1
2025-03-14,17,4,3,C,15,8,7,59.6,0,1
2025-03-14,17,4,3,D,15,9,6,65.2,0,1
2025-03-14,18,4,3,A,15,9,6,66.5,0,1
2025-03-14,18,4,3,B,15,7,8,52.5,0,1
2025-03-14,18,4,3,C,15,8,7,56.0,0,1
2025-03-14,18,4,3,D,15,6,9,41.6,0,1
2025-03-14,19,4,3,A,15,12,3,80.9,0,1
2025-03-14,19,4,3,B,15,8,7,57.7,0,1
2025-03-14,19,4,3,C,15,7,8,49.5,0,1
2025-03-14,19,4,3,D,15,6,9,44.2,0,1
2025-03-14,20,4,3,A,15,5,10,34.5,0,1
2025-03-14,20,4,3,B,15,3,12,23.7,0,1
2025-03-14,20,4,3,C,15,2,13,17.4,0,1
2025-03-14,20,4,3,D,15,4,11,33.3,0,1
2025-03-14,21,4,3,A,15,3,12,21.9,0,1
2025-03-14,21,4,3,B,15,3,12,25.3,0,1
2025-03-14,21,4,3,C,15,4,11,27.7,0,1
2025-03-14,21,4,3,D,15,1,14,6.9,0,1
2025-03-15,6,5,3,A,15,2,13,17.9,1,1
2025-03-15,6,5,3,B,15,0,15,5.0,1,1
2025-03-15,6,5,3,C,15,2,13,17.6,1,1
2025-03-15,6,5,3,D,15,0,15,5.0,1,1
2025-03-15,7,5,3,A,15,2,13,19.6,1,1
2025-03-15,7,5,3,B,15,3,12,21.1,1,1
2025-03-15,7,5,3,C,15,2,13,17.9,1,1
2025-03-15,7,5,3,D,15,1,14,11.8,1,1
2025-03-15,8,5,3,A,15,4,11,32.4,1,1
2025-03-15,8,5,3,B,15,3,12,25.1,1,1
2025-03-15,8,5,3,C,15,5,10,38.5,1,1
2025-03-15,8,5,3,D,15,2,13,18.2,1,1
2025-03-15,9,5,3,A,15,3,12,25.9,1,1
2025-03-15,9,5,3,B,15,5,10,35.1,1,1
2025-03-15,9,5,3,C,15,3,12,20.4,1,1
2025-03-15,9,5,3,D,15,2,13,16.2,1,1
2025-03-15,10,5,3,A,15,3,12,22.7,1,1
2025-03-15,10,5,3,B,15,3,12,25.9,1,1
2025-03-15,10,5,3,C,15,3,12,26.1,1,1
2025-03-15,10,5,3,D,15,3,12,25.7,1,1
2025-03-15,11,5,3,A,15,5,10,37.8,1,1
2025-03-15,11,5,3,B,15,4,11,30.5,1,1
2025-03-15,11,5,3,C,15,3,12,22.1,1,1
2025-03-15,11,5,3,D,15,2,13,19.4,1,1
2025-03-15,12,5,3,A,15,5,10,34.3,1,1
2025-03-15,12,5,3,B,15,5,10,36.4,1,1
2025-03-15,12,5,3,C,15,3,12,24.6,1,1
2025-03-15,12,5,3,D,15,2,13,17.2,1,1
2025-03-15,13,5,3,A,15,3,12,22.2,1,1
2025-03-15,13,5,3,B,15,2,13,14.7,1,1
2025-03-15,13,5,3,C,15,4,11,29.0,1,1
2025-03-15,13,5,3,D,15,3,12,25.6,1,1
2025-03-15,14,5,3,A,15,4,11,32.8,1,1
2025-03-15,14,5,3,B,15,3,12,23.5,1,1
2025-03-15,14,5,3,C,15,4,11,33.3,1,1
2025-03-15,14,5,3,D,15,2,13,15.7,1,1
2025-03-15,15,5,3,A,15,5,10,35.8,1,1
2025-03-15,15,5,3,B,15,3,12,24.2,1,1
2025-03-15,15,5,3,C,15,2,13,17.2,1,1
2025-03-15,15,5,3,D,15,3,12,24.3,1,1
2025-03-15,16,5,3,A,15,4,11,31.5,1,1
2025-03-15,16,5,3,B,15,4,11,27.4,1,1
2025-03-15,16,5,3,C,15,3,12,22.7,1,1
2025-03-15,16,5,3,D,15,2,13,19.3,1,1
2025-03-15,17,5,3,A,15,6,9,43.3,1,1
2025-03-15,17,5,3,B,15,4,11,30.5,1,1
2025-03-15,17,5,3,C,15,3,12,24.7,1,1
2025-03-15,17,5,3,D,15,2,13,17.7,1,1
2025-03-15,18,5,3,A,15,4,11,32.2,1,1
2025-03-15,18,5,3,B,15,3,12,25.1,1,1
2025-03-15,18,5,3,C,15,2,13,19.1,1,1
2025-03-15,18,5,3,D,15,2,13,14.4,1,1
2025-03-15,19,5,3,A,15,3,12,23.5,1,1
2025-03-15,19,5,3,B,15,0,15,5.0,1,1
2025-03-15,19,5,3,C,15,3,12,20.6,1,1
2025-03-15,19,5,3,D,15,1,14,12.9,1,1
2025-03-15,20,5,3,A,15,3,12,22.8,1,1
2025-03-15,20,5,3,B,15,1,14,8.9,1,1
2025-03-15,20,5,3,C,15,0,15,5.0,1,1
2025-03-15,20,5,3,D,15,0,15,6.6,1,1
2025-03-15,21,5,3,A,15,0,15,5.0,1,1
2025-03-15,21,5,3,B,15,1,14,12.5,1,1
2025-03-15,21,5,3,C,15,1,14,10.2,1,1
2025-03-15,21,5,3,D,15,2,13,14.7,1,1
2025-03-16,6,6,3,A,15,1,14,7.8,1,1
2025-03-16,6,6,3,B,15,1,14,12.5,1,1
2025-03-16,6,6,3,C,15,0,15,5.0,1,1
2025-03-16,6,6,3,D,15,2,13,15.4,1,1
2025-03-16,7,6,3,A,15,2,13,18.2,1,1
2025-03-16,7,6,3,B,15,2,13,16.2,1,1
2025-03-16,7,6,3,C,15,1,14,11.0,1,1
2025-03-16,7,6,3,D,15,1,14,13.1,1,1
2025-03-16,8,6,3,A,15,7,8,47.0,1,1
2025-03-16,8,6,3,B,15,4,11,27.5,1,1
2025-03-16,8,6,3,C,15,4,11,27.9,1,1
2025-03-16,8,6,3,D,15,2,13,15.1,1,1
2025-03-16,9,6,3,A,15,4,11,27.3,1,1
2025-03-16,9,6,3,B,15,4,11,30.5,1,1
2025-03-16,9,6,3,C,15,5,10,35.6,1,1
2025-03-16,9,6,3,D,15,3,12,21.7,1,1
2025-03-16,10,6,3,A,15,4,11,32.3,1,1
2025-03-16,10,6,3,B,15,3,12,26.5,1,1
2025-03-16,10,6,3,C,15,3,12,22.5,1,1
2025-03-16,10,6,3,D,15,3,12,26.2,1,1
2025-03-16,11,6,3,A,15,2,13,18.2,1,1
2025-03-16,11,6,3,B,15,5,10,36.5,1,1
2025-03-16,11,6,3,C,15,2,13,18.3,1,1
2025-03-16,11,6,3,D,15,4,11,26.8,1,1
2025-03-16,12,6,3,A,15,3,12,20.0,1,1
2025-03-16,12,6,3,B,15,4,11,31.6,1,1
2025-03-16,12,6,3,C,15,4,11,29.0,1,1
2025-03-16,12,6,3,D,15,3,12,24.1,1,1
2025-03-16,13,6,3,A,15,3,12,22.2,1,1
2025-03-16,13,6,3,B,15,4,11,28.2,1,1
2025-03-16,13,6,3,C,15,2,13,14.2,1,1
2025-03-16,13,6,3,D,15,2,13,19.0,1,1
2025-03-16,14,6,3,A,15,5,10,36.4,1,1
2025-03-16,14,6,3,B,15,4,11,30.9,1,1
2025-03-16,14,6,3,C,15,3,12,22.2,1,1
2025-03-16,14,6,3,D,15,1,14,11.8,1,1
2025-03-16,15,6,3,A,15,5,10,33.3,1,1
2025-03-16,15,6,3,B,15,3,12,24.7,1,1
2025-03-16,15,6,3,C,15,0,15,5.0,1,1
2025-03-16,15,6,3,D,15,3,12,25.9,1,1
2025-03-16,16,6,3,A,15,4,11,28.0,1,1
2025-03-16,16,6,3,B,15,5,10,34.1,1,1
2025-03-16,16,6,3,C,15,1,14,13.3,1,1
2025-03-16,16,6,3,D,15,0,15,5.0,1,1
2025-03-16,17,6,3,A,15,3,12,26.4,1,1
2025-03-16,17,6,3,B,15,3,12,23.3,1,1
2025-03-16,17,6,3,C,15,0,15,5.4,1,1
2025-03-16,17,6,3,D,15,1,14,9.0,1,1
2025-03-16,18,6,3,A,15,6,9,46.2,1,1
2025-03-16,18,6,3,B,15,2,13,18.6,1,1
2025-03-16,18,6,3,C,15,3,12,24.7,1,1
2025-03-16,18,6,3,D,15,1,14,11.6,1,1
2025-03-16,19,6,3,A,15,1,14,7.4,1,1
2025-03-16,19,6,3,B,15,2,13,19.6,1,1
2025-03-16,19,6,3,C,15,2,13,16.8,1,1
2025-03-16,19,6,3,D,15,2,13,13.6,1,1
2025-03-16,20,6,3,A,15,1,14,9.1,1,1
2025-03-16,20,6,3,B,15,1,14,10.9,1,1
2025-03-16,20,6,3,C,15,1,14,6.7,1,1
2025-03-16,20,6,3,D,15,0,15,5.0,1,1
2025-03-16,21,6,3,A,15,2,13,14.0,1,1
2025-03-16,21,6,3,B,15,0,15,5.0,1,1
2025-03-16,21,6,3,C,15,0,15,5.0,1,1
2025-03-16,21,6,3,D,15,1,14,12.9,1,1
2025-03-17,6,0,3,A,15,6,9,44.3,0,1
2025-03-17,6,0,3,B,15,5,10,34.5,0,1
2025-03-17,6,0,3,C,15,3,12,20.3,0,1
2025-03-17,6,0,3,D,15,3,12,22.3,0,1
2025-03-17,7,0,3,A,15,5,10,38.1,0,1
2025-03-17,7,0,3,B,15,3,12,22.2,0,1
2025-03-17,7,0,3,C,15,3,12,25.6,0,1
2025-03-17,7,0,3,D,15,4,11,33.2,0,1
2025-03-17,8,0,3,A,15,14,1,98.0,0,1
2025-03-17,8,0,3,B,15,12,3,81.6,0,1
2025-03-17,8,0,3,C,15,12,3,82.6,0,1
2025-03-17,8,0,3,D,15,7,8,52.7,0,1
2025-03-17,9,0,3,A,15,14,1,98.0,0,1
2025-03-17,9,0,3,B,15,11,4,78.6,0,1
2025-03-17,9,0,3,C,15,11,4,79.0,0,1
2025-03-17,9,0,3,D,15,9,6,66.0,0,1
2025-03-17,10,0,3,A,15,14,1,98.0,0,1
2025-03-17,10,0,3,B,15,11,4,78.0,0,1
2025-03-17,10,0,3,C,15,12,3,81.5,0,1
2025-03-17,10,0,3,D,15,9,6,65.8,0,1
2025-03-17,11,0,3,A,15,12,3,85.0,0,1
2025-03-17,11,0,3,B,15,11,4,73.5,0,1
2025-03-17,11,0,3,C,15,9,6,60.7,0,1
2025-03-17,11,0,3,D,15,8,7,59.9,0,1
2025-03-17,12,0,3,A,15,12,3,85.7,0,1
2025-03-17,12,0,3,B,15,11,4,76.9,0,1
2025-03-17,12,0,3,C,15,10,5,68.2,0,1
2025-03-17,12,0,3,D,15,9,6,66.4,0,1
2025-03-17,13,0,3,A,15,14,1,93.6,0,1
2025-03-17,13,0,3,B,15,9,6,66.6,0,1
2025-03-17,13,0,3,C,15,11,4,74.5,0,1
2025-03-17,13,0,3,D,15,7,8,50.5,0,1
2025-03-17,14,0,3,A,15,12,3,85.2,0,1
2025-03-17,14,0,3,B,15,11,4,75.0,0,1
2025-03-17,14,0,3,C,15,7,8,47.7,0,1
2025-03-17,14,0,3,D,15,8,7,56.7,0,1
2025-03-17,15,0,3,A,15,11,4,76.8,0,1
2025-03-17,15,0,3,B,15,9,6,63.9,0,1
2025-03-17,15,0,3,C,15,11,4,73.8,0,1
2025-03-17,15,0,3,D,15,7,8,50.8,0,1
2025-03-17,16,0,3,A,15,11,4,74.0,0,1
2025-03-17,16,0,3,B,15,10,5,70.6,0,1
2025-03-17,16,0,3,C,15,10,5,68.5,0,1
2025-03-17,16,0,3,D,15,8,7,54.9,0,1
2025-03-17,17,0,3,A,15,11,4,78.3,0,1
2025-03-17,17,0,3,B,15,9,6,64.2,0,1
2025-03-17,17,0,3,C,15,5,10,36.6,0,1
2025-03-17,17,0,3,D,15,6,9,43.8,0,1
2025-03-17,18,0,3,A,15,9,6,64.5,0,1
2025-03-17,18,0,3,B,15,9,6,63.8,0,1
2025-03-17,18,0,3,C,15,4,11,33.0,0,1
2025-03-17,18,0,3,D,15,10,5,68.4,0,1
2025-03-17,19,0,3,A,15,10,5,73.2,0,1
2025-03-17,19,0,3,B,15,9,6,61.2,0,1
2025-03-17,19,0,3,C,15,9,6,63.5,0,1
2025-03-17,19,0,3,D,15,10,5,66.7,0,1
2025-03-17,20,0,3,A,15,5,10,35.7,0,1
2025-03-17,20,0,3,B,15,4,11,32.6,0,1
2025-03-17,20,0,3,C,15,3,12,23.5,0,1
2025-03-17,20,0,3,D,15,2,13,18.9,0,1
2025-03-17,21,0,3,A,15,3,12,24.9,0,1
2025-03-17,21,0,3,B,15,2,13,18.4,0,1
2025-03-17,21,0,3,C,15,2,13,17.0,0,1
2025-03-17,21,0,3,D,15,1,14,9.2,0,1
2025-03-18,6,1,3,A,15,5,10,39.6,0,1
2025-03-18,6,1,3,B,15,3,12,21.5,0,1
2025-03-18,6,1,3,C,15,4,11,33.0,0,1
2025-03-18,6,1,3,D,15,4,11,27.7,0,1
2025-03-18,7,1,3,A,15,6,9,41.4,0,1
2025-03-18,7,1,3,B,15,4,11,30.8,0,1
2025-03-18,7,1,3,C,15,8,7,56.1,0,1
2025-03-18,7,1,3,D,15,5,10,38.9,0,1
2025-03-18,8,1,3,A,15,13,2,87.8,0,1
2025-03-18,8,1,3,B,15,13,2,86.9,0,1
2025-03-18,8,1,3,C,15,10,5,71.6,0,1
2025-03-18,8,1,3,D,15,8,7,59.9,0,1
2025-03-18,9,1,3,A,15,13,2,87.0,0,1
2025-03-18,9,1,3,B,15,13,2,88.5,0,1
2025-03-18,9,1,3,C,15,10,5,71.0,0,1
2025-03-18,9,1,3,D,15,11,4,75.7,0,1
2025-03-18,10,1,3,A,15,14,1,98.0,0,1
2025-03-18,10,1,3,B,15,14,1,96.0,0,1
2025-03-18,10,1,3,C,15,10,5,69.7,0,1
2025-03-18,10,1,3,D,15,10,5,71.8,0,1
2025-03-18,11,1,3,A,15,13,2,91.3,0,1
2025-03-18,11,1,3,B,15,10,5,71.2,0,1
2025-03-18,11,1,3,C,15,9,6,61.3,0,1
2025-03-18,11,1,3,D,15,10,5,72.9,0,1
2025-03-18,12,1,3,A,15,13,2,88.1,0,1
2025-03-18,12,1,3,B,15,12,3,80.1,0,1
2025-03-18,12,1,3,C,15,9,6,60.9,0,1
2025-03-18,12,1,3,D,15,7,8,50.2,0,1
2025-03-18,13,1,3,A,15,12,3,81.7,0,1
2025-03-18,13,1,3,B,15,11,4,74.0,0,1
2025-03-18,13,1,3,C,15,8,7,59.0,0,1
2025-03-18,13,1,3,D,15,8,7,59.9,0,1
2025-03-18,14,1,3,A,15,10,5,67.0,0,1
2025-03-18,14,1,3,B,15,9,6,61.0,0,1
2025-03-18,14,1,3,C,15,10,5,68.4,0,1
2025-03-18,14,1,3,D,15,9,6,60.8,0,1
2025-03-18,15,1,3,A,15,11,4,77.4,0,1
2025-03-18,15,1,3,B,15,9,6,61.9,0,1
2025-03-18,15,1,3,C,15,8,7,54.8,0,1
2025-03-18,15,1,3,D,15,7,8,53.0,0,1
2025-03-18,16,1,3,A,15,12,3,85.7,0,1
2025-03-18,16,1,3,B,15,11,4,77.4,0,1
2025-03-18,16,1,3,C,15,8,7,59.0,0,1
2025-03-18,16,1,3,D,15,7,8,46.8,0,1
2025-03-18,17,1,3,A,15,10,5,71.1,0,1
2025-03-18,17,1,3,B,15,8,7,53.4,0,1
2025-03-18,17,1,3,C,15,7,8,49.9,0,1
2025-03-18,17,1,3,D,15,8,7,58.6,0,1
2025-03-18,18,1,3,A,15,11,4,75.6,0,1
2025-03-18,18,1,3,B,15,9,6,61.3,0,1
2025-03-18,18,1,3,C,15,6,9,43.8,0,1
2025-03-18,18,1,3,D,15,7,8,49.7,0,1
2025-03-18,19,1,3,A,15,11,4,77.5,0,1
2025-03-18,19,1,3,B,15,8,7,57.0,0,1
2025-03-18,19,1,3,C,15,9,6,64.8,0,1
2025-03-18,19,1,3,D,15,8,7,58.3,0,1
2025-03-18,20,1,3,A,15,6,9,42.1,0,1
2025-03-18,20,1,3,B,15,4,11,27.4,0,1
2025-03-18,20,1,3,C,15,4,11,27.2,0,1
2025-03-18,20,1,3,D,15,4,11,31.3,0,1
2025-03-18,21,1,3,A,15,4,11,32.3,0,1
2025-03-18,21,1,3,B,15,3,12,21.0,0,1
2025-03-18,21,1,3,C,15,2,13,18.9,0,1
2025-03-18,21,1,3,D,15,3,12,21.9,0,1
2025-03-19,6,2,3,A,15,4,11,29.9,0,1
2025-03-19,6,2,3,B,15,5,10,33.9,0,1
2025-03-19,6,2,3,C,15,6,9,40.3,0,1
2025-03-19,6,2,3,D,15,1,14,10.5,0,1
2025-03-19,7,2,3,A,15,7,8,52.5,0,1
2025-03-19,7,2,3,B,15,6,9,44.0,0,1
2025-03-19,7,2,3,C,15,4,11,27.8,0,1
2025-03-19,7,2,3,D,15,4,11,32.3,0,1
2025-03-19,8,2,3,A,15,14,1,97.8,0,1
2025-03-19,8,2,3,B,15,14,1,94.8,0,1
2025-03-19,8,2,3,C,15,12,3,84.4,0,1
2025-03-19,8,2,3,D,15,8,7,56.8,0,1
2025-03-19,9,2,3,A,15,14,1,98.0,0,1
2025-03-19,9,2,3,B,15,12,3,83.4,0,1
2025-03-19,9,2,3,C,15,11,4,77.2,0,1
2025-03-19,9,2,3,D,15,9,6,62.2,0,1
2025-03-19,10,2,3,A,15,14,1,98.0,0,1
2025-03-19,10,2,3,B,15,13,2,93.3,0,1
2025-03-19,10,2,3,C,15,10,5,70.6,0,1
2025-03-19,10,2,3,D,15,8,7,57.3,0,1
2025-03-19,11,2,3,A,15,12,3,83.2,0,1
2025-03-19,11,2,3,B,15,11,4,78.5,0,1
2025-03-19,11,2,3,C,15,10,5,69.4,0,1
2025-03-19,11,2,3,D,15,10,5,70.0,0,1
2025-03-19,12,2,3,A,15,13,2,92.6,0,1
2025-03-19,12,2,3,B,15,12,3,82.8,0,1
2025-03-19,12,2,3,C,15,10,5,70.1,0,1
2025-03-19,12,2,3,D,15,7,8,48.9,0,1
2025-03-19,13,2,3,A,15,12,3,84.7,0,1
2025-03-19,13,2,3,B,15,12,3,83.5,0,1
2025-03-19,13,2,3,C,15,10,5,67.1,0,1
2025-03-19,13,2,3,D,15,9,6,64.0,0,1
2025-03-19,14,2,3,A,15,11,4,78.0,0,1
2025-03-19,14,2,3,B,15,9,6,61.8,0,1
2025-03-19,14,2,3,C,15,9,6,62.0,0,1
2025-03-19,14,2,3,D,15,8,7,58.5,0,1
2025-03-19,15,2,3,A,15,11,4,75.3,0,1
2025-03-19,15,2,3,B,15,10,5,68.1,0,1
2025-03-19,15,2,3,C,15,8,7,55.5,0,1
2025-03-19,15,2,3,D,15,9,6,65.0,0,1
2025-03-19,16,2,3,A,15,11,4,78.1,0,1
2025-03-19,16,2,3,B,15,12,3,81.6,0,1
2025-03-19,16,2,3,C,15,11,4,75.2,0,1
2025-03-19,16,2,3,D,15,8,7,55.4,0,1
2025-03-19,17,2,3,A,15,9,6,60.9,0,1
2025-03-19,17,2,3,B,15,6,9,43.3,0,1
2025-03-19,17,2,3,C,15,6,9,42.2,0,1
2025-03-19,17,2,3,D,15,5,10,37.0,0,1
2025-03-19,18,2,3,A,15,12,3,80.0,0,1
2025-03-19,18,2,3,B,15,9,6,60.9,0,1
2025-03-19,18,2,3,C,15,8,7,57.1,0,1
2025-03-19,18,2,3,D,15,4,11,30.2,0,1
2025-03-19,19,2,3,A,15,8,7,59.4,0,1
2025-03-19,19,2,3,B,15,10,5,67.1,0,1
2025-03-19,19,2,3,C,15,8,7,56.3,0,1
2025-03-19,19,2,3,D,15,7,8,46.8,0,1
2025-03-19,20,2,3,A,15,4,11,33.3,0,1
2025-03-19,20,2,3,B,15,5,10,38.1,0,1
2025-03-19,20,2,3,C,15,3,12,20.7,0,1
2025-03-19,20,2,3,D,15,3,12,20.6,0,1
2025-03-19,21,2,3,A,15,4,11,30.3,0,1
2025-03-19,21,2,3,B,15,6,9,44.1,0,1
2025-03-19,21,2,3,C,15,0,15,5.7,0,1
2025-03-19,21,2,3,D,15,3,12,25.5,0,1
2025-03-20,6,3,3,A,15,5,10,39.3,0,1
2025-03-20,6,3,3,B,15,5,10,39.5,0,1
2025-03-20,6,3,3,C,15,3,12,26.2,0,1
2025-03-20,6,3,3,D,15,4,11,27.6,0,1
2025-03-20,7,3,3,A,15,6,9,45.9,0,1
2025-03-20,7,3,3,B,15,8,7,59.9,0,1
2025-03-20,7,3,3,C,15,5,10,38.0,0,1
2025-03-20,7,3,3,D,15,3,12,21.2,0,1
2025-03-20,8,3,3,A,15,14,1,94.4,0,1
2025-03-20,8,3,3,B,15,12,3,81.4,0,1
2025-03-20,8,3,3,C,15,9,6,62.1,0,1
2025-03-20,8,3,3,D,15,9,6,65.4,0,1
2025-03-20,9,3,3,A,15,14,1,98.0,0,1
2025-03-20,9,3,3,B,15,11,4,74.8,0,1
2025-03-20,9,3,3,C,15,12,3,84.9,0,1
2025-03-20,9,3,3,D,15,10,5,71.9,0,1
2025-03-20,10,3,3,A,15,13,2,91.9,0,1
2025-03-20,10,3,3,B,15,12,3,83.9,0,1
2025-03-20,10,3,3,C,15,13,2,89.3,0,1
2025-03-20,10,3,3,D,15,11,4,73.9,0,1
2025-03-20,11,3,3,A,15,12,3,86.3,0,1
2025-03-20,11,3,3,B,15,10,5,73.1,0,1
2025-03-20,11,3,3,C,15,10,5,68.1,0,1
2025-03-20,11,3,3,D,15,8,7,55.9,0,1
2025-03-20,12,3,3,A,15,10,5,69.4,0,1
2025-03-20,12,3,3,B,15,13,2,91.3,0,1
2025-03-20,12,3,3,C,15,10,5,68.7,0,1
2025-03-20,12,3,3,D,15,9,6,63.2,0,1
2025-03-20,13,3,3,A,15,12,3,85.8,0,1
2025-03-20,13,3,3,B,15,10,5,69.1,0,1
2025-03-20,13,3,3,C,15,9,6,66.0,0,1
2025-03-20,13,3,3,D,15,7,8,47.2,0,1
2025-03-20,14,3,3,A,15,14,1,98.0,0,1
2025-03-20,14,3,3,B,15,9,6,60.1,0,1
2025-03-20,14,3,3,C,15,8,7,54.7,0,1
2025-03-20,14,3,3,D,15,7,8,52.5,0,1
2025-03-20,15,3,3,A,15,13,2,90.8,0,1
2025-03-20,15,3,3,B,15,10,5,70.1,0,1
2025-03-20,15,3,3,C,15,7,8,53.1,0,1
2025-03-20,15,3,3,D,15,9,6,66.0,0,1
2025-03-20,16,3,3,A,15,12,3,86.3,0,1
2025-03-20,16,3,3,B,15,11,4,74.3,0,1
2025-03-20,16,3,3,C,15,10,5,68.7,0,1
2025-03-20,16,3,3,D,15,11,4,75.2,0,1
2025-03-20,17,3,3,A,15,12,3,86.5,0,1
2025-03-20,17,3,3,B,15,8,7,54.5,0,1
2025-03-20,17,3,3,C,15,10,5,67.0,0,1
2025-03-20,17,3,3,D,15,7,8,51.1,0,1
2025-03-20,18,3,3,A,15,10,5,73.0,0,1
2025-03-20,18,3,3,B,15,6,9,46.5,0,1
2025-03-20,18,3,3,C,15,7,8,52.6,0,1
2025-03-20,18,3,3,D,15,6,9,41.5,0,1
2025-03-20,19,3,3,A,15,11,4,75.6,0,1
2025-03-20,19,3,3,B,15,10,5,68.6,0,1
2025-03-20,19,3,3,C,15,5,10,37.4,0,1
2025-03-20,19,3,3,D,15,7,8,47.8,0,1
2025-03-20,20,3,3,A,15,5,10,37.7,0,1
2025-03-20,20,3,3,B,15,3,12,23.5,0,1
2025-03-20,20,3,3,C,15,4,11,28.3,0,1
2025-03-20,20,3,3,D,15,3,12,22.8,0,1
2025-03-20,21,3,3,A,15,4,11,31.5,0,1
2025-03-20,21,3,3,B,15,3,12,22.8,0,1
2025-03-20,21,3,3,C,15,1,14,12.8,0,1
2025-03-20,21,3,3,D,15,1,14,11.0,0,1
2025-03-21,6,4,3,A,15,6,9,45.9,0,1
2025-03-21,6,4,3,B,15,5,10,35.2,0,1
2025-03-21,6,4,3,C,15,4,11,30.4,0,1
2025-03-21,6,4,3,D,15,3,12,24.6,0,1
2025-03-21,7,4,3,A,15,5,10,37.8,0,1
2025-03-21,7,4,3,B,15,6,9,43.4,0,1
2025-03-21,7,4,3,C,15,4,11,28.8,0,1
2025-03-21,7,4,3,D,15,2,13,17.3,0,1
2025-03-21,8,4,3,A,15,14,1,98.0,0,1
2025-03-21,8,4,3,B,15,12,3,83.4,0,1
2025-03-21,8,4,3,C,15,11,4,76.8,0,1
2025-03-21,8,4,3,D,15,12,3,80.9,0,1
2025-03-21,9,4,3,A,15,14,1,97.6,0,1
2025-03-21,9,4,3,B,15,13,2,87.3,0,1
2025-03-21,9,4,3,C,15,10,5,67.1,0,1
2025-03-21,9,4,3,D,15,9,6,66.2,0,1
2025-03-21,10,4,3,A,15,14,1,98.0,0,1
2025-03-21,10,4,3,B,15,10,5,72.6,0,1
2025-03-21,10,4,3,C,15,11,4,78.1,0,1
2025-03-21,10,4,3,D,15,10,5,68.8,0,1
2025-03-21,11,4,3,A,15,12,3,86.6,0,1
2025-03-21,11,4,3,B,15,12,3,83.3,0,1
2025-03-21,11,4,3,C,15,10,5,70.2,0,1
2025-03-21,11,4,3,D,15,10,5,71.8,0,1
2025-03-21,12,4,3,A,15,11,4,78.3,0,1
2025-03-21,12,4,3,B,15,11,4,76.1,0,1
2025-03-21,12,4,3,C,15,10,5,68.2,0,1
2025-03-21,12,4,3,D,15,7,8,51.4,0,1
2025-03-21,13,4,3,A,15,14,1,93.9,0,1
2025-03-21,13,4,3,B,15,14,1,93.6,0,1
2025-03-21,13,4,3,C,15,10,5,67.4,0,1
2025-03-21,13,4,3,D,15,9,6,64.0,0,1
2025-03-21,14,4,3,A,15,12,3,81.2,0,1
2025-03-21,14,4,3,B,15,9,6,64.3,0,1
2025-03-21,14,4,3,C,15,7,8,48.4,0,1
2025-03-21,14,4,3,D,15,7,8,50.4,0,1
2025-03-21,15,4,3,A,15,10,5,69.4,0,1
2025-03-21,15,4,3,B,15,12,3,83.6,0,1
2025-03-21,15,4,3,C,15,9,6,62.1,0,1
2025-03-21,15,4,3,D,15,7,8,53.2,0,1
2025-03-21,16,4,3,A,15,13,2,87.6,0,1
2025-03-21,16,4,3,B,15,9,6,61.0,0,1
2025-03-21,16,4,3,C,15,8,7,56.9,0,1
2025-03-21,16,4,3,D,15,8,7,56.5,0,1
2025-03-21,17,4,3,A,15,11,4,77.2,0,1
2025-03-21,17,4,3,B,15,9,6,64.0,0,1
2025-03-21,17,4,3,C,15,8,7,56.0,0,1
2025-03-21,17,4,3,D,15,7,8,48.6,0,1
2025-03-21,18,4,3,A,15,10,5,72.2,0,1
2025-03-21,18,4,3,B,15,9,6,61.6,0,1
2025-03-21,18,4,3,C,15,6,9,45.8,0,1
2025-03-21,18,4,3,D,15,7,8,48.4,0,1
2025-03-21,19,4,3,A,15,9,6,60.4,0,1
2025-03-21,19,4,3,B,15,9,6,60.6,0,1
2025-03-21,19,4,3,C,15,7,8,50.2,0,1
2025-03-21,19,4,3,D,15,10,5,68.3,0,1
2025-03-21,20,4,3,A,15,4,11,28.4,0,1
2025-03-21,20,4,3,B,15,2,13,13.8,0,1
2025-03-21,20,4,3,C,15,3,12,21.4,0,1
2025-03-21,20,4,3,D,15,3,12,24.2,0,1
2025-03-21,21,4,3,A,15,6,9,42.1,0,1
2025-03-21,21,4,3,B,15,3,12,20.3,0,1
2025-03-21,21,4,3,C,15,1,14,9.8,0,1
2025-03-21,21,4,3,D,15,3,12,26.5,0,1
2025-03-22,6,5,3,A,15,0,15,5.0,1,1
2025-03-22,6,5,3,B,15,1,14,8.8,1,1
2025-03-22,6,5,3,C,15,1,14,9.0,1,1
2025-03-22,6,5,3,D,15,1,14,9.2,1,1
2025-03-22,7,5,3,A,15,2,13,19.6,1,1
2025-03-22,7,5,3,B,15,1,14,6.8,1,1
2025-03-22,7,5,3,C,15,1,14,8.8,1,1
2025-03-22,7,5,3,D,15,1,14,9.7,1,1
2025-03-22,8,5,3,A,15,5,10,35.4,1,1
2025-03-22,8,5,3,B,15,4,11,30.5,1,1
2025-03-22,8,5,3,C,15,4,11,30.3,1,1
2025-03-22,8,5,3,D,15,4,11,30.6,1,1
2025-03-22,9,5,3,A,15,5,10,37.4,1,1
2025-03-22,9,5,3,B,15,5,10,33.4,1,1
2025-03-22,9,5,3,C,15,2,13,14.1,1,1
2025-03-22,9,5,3,D,15,3,12,24.2,1,1
2025-03-22,10,5,3,A,15,5,10,38.0,1,1
2025-03-22,10,5,3,B,15,5,10,35.6,1,1
2025-03-22,10,5,3,C,15,3,12,21.2,1,1
2025-03-22,10,5,3,D,15,2,13,18.5,1,1
2025-03-22,11,5,3,A,15,3,12,25.6,1,1
2025-03-22,11,5,3,B,15,4,11,30.5,1,1
2025-03-22,11,5,3,C,15,4,11,31.9,1,1
2025-03-22,11,5,3,D,15,2,13,17.7,1,1
2025-03-22,12,5,3,A,15,5,10,37.5,1,1
2025-03-22,12,5,3,B,15,4,11,27.2,1,1
2025-03-22,12,5,3,C,15,3,12,22.6,1,1
2025-03-22,12,5,3,D,15,2,13,19.3,1,1
2025-03-22,13,5,3,A,15,5,10,36.2,1,1
2025-03-22,13,5,3,B,15,4,11,28.9,1,1
2025-03-22,13,5,3,C,15,6,9,41.8,1,1
2025-03-22,13,5,3,D,15,2,13,14.2,1,1
2025-03-22,14,5,3,A,15,4,11,32.3,1,1
2025-03-22,14,5,3,B,15,3,12,20.3,1,1
2025-03-22,14,5,3,C,15,2,13,15.1,1,1
2025-03-22,14,5,3,D,15,2,13,19.5,1,1
2025-03-22,15,5,3,A,15,4,11,29.3,1,1
2025-03-22,15,5,3,B,15,7,8,47.8,1,1
2025-03-22,15,5,3,C,15,3,12,20.6,1,1
2025-03-22,15,5,3,D,15,1,14,10.6,1,1
2025-03-22,16,5,3,A,15,4,11,30.4,1,1
2025-03-22,16,5,3,B,15,1,14,7.9,1,1
2025-03-22,16,5,3,C,15,3,12,21.3,1,1
2025-03-22,16,5,3,D,15,2,13,19.7,1,1
2025-03-22,17,5,3,A,15,4,11,30.5,1,1
2025-03-22,17,5,3,B,15,4,11,28.8,1,1
2025-03-22,17,5,3,C,15,2,13,14.9,1,1
2025-03-22,17,5,3,D,15,2,13,15.6,1,1
2025-03-22,18,5,3,A,15,2,13,18.0,1,1
2025-03-22,18,5,3,B,15,1,14,12.0,1,1
2025-03-22,18,5,3,C,15,3,12,21.4,1,1
2025-03-22,18,5,3,D,15,0,15,6.6,1,1
2025-03-22,19,5,3,A,15,3,12,20.8,1,1
2025-03-22,19,5,3,B,15,1,14,13.0,1,1
2025-03-22,19,5,3,C,15,3,12,23.3,1,1
2025-03-22,19,5,3,D,15,4,11,31.2,1,1
2025-03-22,20,5,3,A,15,0,15,5.0,1,1
2025-03-22,20,5,3,B,15,0,15,5.0,1,1
2025-03-22,20,5,3,C,15,1,14,6.9,1,1
2025-03-22,20,5,3,D,15,1,14,7.1,1,1
2025-03-22,21,5,3,A,15,1,14,11.8,1,1
2025-03-22,21,5,3,B,15,0,15,5.2,1,1
2025-03-22,21,5,3,C,15,0,15,6.3,1,1
2025-03-22,21,5,3,D,15,1,14,9.9,1,1
2025-03-23,6,6,3,A,15,3,12,22.4,1,1
2025-03-23,6,6,3,B,15,0,15,5.0,1,1
2025-03-23,6,6,3,C,15,1,14,8.1,1,1
2025-03-23,6,6,3,D,15,1,14,11.5,1,1
2025-03-23,7,6,3,A,15,1,14,6.7,1,1
2025-03-23,7,6,3,B,15,3,12,26.1,1,1
2025-03-23,7,6,3,C,15,0,15,5.9,1,1
2025-03-23,7,6,3,D,15,1,14,9.5,1,1
2025-03-23,8,6,3,A,15,5,10,38.7,1,1
2025-03-23,8,6,3,B,15,3,12,25.0,1,1
2025-03-23,8,6,3,C,15,1,14,12.0,1,1
2025-03-23,8,6,3,D,15,3,12,20.4,1,1
2025-03-23,9,6,3,A,15,6,9,42.4,1,1
2025-03-23,9,6,3,B,15,4,11,27.1,1,1
2025-03-23,9,6,3,C,15,3,12,20.0,1,1
2025-03-23,9,6,3,D,15,4,11,31.2,1,1
2025-03-23,10,6,3,A,15,4,11,31.6,1,1
2025-03-23,10,6,3,B,15,3,12,25.7,1,1
2025-03-23,10,6,3,C,15,4,11,28.0,1,1
2025-03-23,10,6,3,D,15,4,11,30.0,1,1
2025-03-23,11,6,3,A,15,7,8,49.2,1,1
2025-03-23,11,6,3,B,15,4,11,32.9,1,1
2025-03-23,11,6,3,C,15,4,11,32.9,1,1
2025-03-23,11,6,3,D,15,2,13,17.0,1,1
2025-03-23,12,6,3,A,15,3,12,22.0,1,1
2025-03-23,12,6,3,B,15,4,11,26.7,1,1
2025-03-23,12,6,3,C,15,3,12,24.5,1,1
2025-03-23,12,6,3,D,15,1,14,12.4,1,1
2025-03-23,13,6,3,A,15,4,11,28.8,1,1
2025-03-23,13,6,3,B,15,4,11,29.4,1,1
2025-03-23,13,6,3,C,15,3,12,26.5,1,1
2025-03-23,13,6,3,D,15,3,12,25.0,1,1
2025-03-23,14,6,3,A,15,4,11,30.5,1,1
2025-03-23,14,6,3,B,15,3,12,20.4,1,1
2025-03-23,14,6,3,C,15,2,13,17.9,1,1
2025-03-23,14,6,3,D,15,1,14,10.0,1,1
2025-03-23,15,6,3,A,15,6,9,42.5,1,1
2025-03-23,15,6,3,B,15,3,12,24.6,1,1
2025-03-23,15,6,3,C,15,3,12,20.3,1,1
2025-03-23,15,6,3,D,15,1,14,12.2,1,1
2025-03-23,16,6,3,A,15,7,8,51.7,1,1
2025-03-23,16,6,3,B,15,2,13,15.9,1,1
2025-03-23,16,6,3,C,15,2,13,18.6,1,1
2025-03-23,16,6,3,D,15,3,12,22.9,1,1
2025-03-23,17,6,3,A,15,4,11,29.0,1,1
2025-03-23,17,6,3,B,15,4,11,28.7,1,1
2025-03-23,17,6,3,C,15,5,10,33.4,1,1
2025-03-23,17,6,3,D,15,3,12,20.8,1,1
2025-03-23,18,6,3,A,15,2,13,15.7,1,1
2025-03-23,18,6,3,B,15,2,13,18.9,1,1
2025-03-23,18,6,3,C,15,3,12,21.4,1,1
2025-03-23,18,6,3,D,15,5,10,33.3,1,1
2025-03-23,19,6,3,A,15,1,14,13.0,1,1
2025-03-23,19,6,3,B,15,4,11,30.6,1,1
2025-03-23,19,6,3,C,15,3,12,20.3,1,1
2025-03-23,19,6,3,D,15,3,12,23.5,1,1
2025-03-23,20,6,3,A,15,1,14,9.2,1,1
2025-03-23,20,6,3,B,15,0,15,5.0,1,1
2025-03-23,20,6,3,C,15,2,13,13.9,1,1
2025-03-23,20,6,3,D,15,1,14,12.2,1,1
2025-03-23,21,6,3,A,15,2,13,17.8,1,1
2025-03-23,21,6,3,B,15,1,14,8.6,1,1
2025-03-23,21,6,3,C,15,0,15,5.0,1,1
2025-03-23,21,6,3,D,15,0,15,5.0,1,1
2025-03-24,6,0,3,A,15,7,8,46.8,0,1
2025-03-24,6,0,3,B,15,5,10,38.4,0,1
2025-03-24,6,0,3,C,15,3,12,23.8,0,1
2025-03-24,6,0,3,D,15,3,12,23.7,0,1
2025-03-24,7,0,3,A,15,5,10,36.5,0,1
2025-03-24,7,0,3,B,15,3,12,23.1,0,1
2025-03-24,7,0,3,C,15,3,12,25.0,0,1
2025-03-24,7,0,3,D,15,2,13,18.9,0,1
2025-03-24,8,0,3,A,15,14,1,94.5,0,1
2025-03-24,8,0,3,B,15,11,4,79.1,0,1
2025-03-24,8,0,3,C,15,9,6,63.5,0,1
2025-03-24,8,0,3,D,15,12,3,84.2,0,1
2025-03-24,9,0,3,A,15,14,1,98.0,0,1
2025-03-24,9,0,3,B,15,11,4,78.8,0,1
2025-03-24,9,0,3,C,15,11,4,78.7,0,1
2025-03-24,9,0,3,D,15,10,5,71.3,0,1
2025-03-24,10,0,3,A,15,14,1,98.0,0,1
2025-03-24,10,0,3,B,15,11,4,78.5,0,1
2025-03-24,10,0,3,C,15,12,3,85.2,0,1
2025-03-24,10,0,3,D,15,9,6,63.6,0,1
2025-03-24,11,0,3,A,15,11,4,75.6,0,1
2025-03-24,11,0,3,B,15,12,3,80.8,0,1
2025-03-24,11,0,3,C,15,11,4,77.8,0,1
2025-03-24,11,0,3,D,15,12,3,80.7,0,1
2025-03-24,12,0,3,A,15,11,4,76.7,0,1
2025-03-24,12,0,3,B,15,12,3,80.6,0,1
2025-03-24,12,0,3,C,15,9,6,64.2,0,1
2025-03-24,12,0,3,D,15,9,6,66.3,0,1
2025-03-24,13,0,3,A,15,11,4,74.5,0,1
2025-03-24,13,0,3,B,15,9,6,64.9,0,1
2025-03-24,13,0,3,C,15,9,6,61.3,0,1
2025-03-24,13,0,3,D,15,9,6,60.6,0,1
2025-03-24,14,0,3,A,15,11,4,75.4,0,1
2025-03-24,14,0,3,B,15,11,4,75.3,0,1
2025-03-24,14,0,3,C,15,10,5,71.2,0,1
2025-03-24,14,0,3,D,15,9,6,60.8,0,1
2025-03-24,15,0,3,A,15,14,1,93.5,0,1
2025-03-24,15,0,3,B,15,10,5,73.3,0,1
2025-03-24,15,0,3,C,15,7,8,53.3,0,1
2025-03-24,15,0,3,D,15,10,5,66.9,0,1
2025-03-24,16,0,3,A,15,11,4,75.7,0,1
2025-03-24,16,0,3,B,15,11,4,77.3,0,1
2025-03-24,16,0,3,C,15,11,4,75.6,0,1
2025-03-24,16,0,3,D,15,8,7,59.7,0,1
2025-03-24,17,0,3,A,15,8,7,57.0,0,1
2025-03-24,17,0,3,B,15,7,8,52.7,0,1
2025-03-24,17,0,3,C,15,9,6,64.6,0,1
2025-03-24,17,0,3,D,15,6,9,46.6,0,1
2025-03-24,18,0,3,A,15,10,5,69.6,0,1
2025-03-24,18,0,3,B,15,9,6,66.1,0,1
2025-03-24,18,0,3,C,15,8,7,59.6,0,1
2025-03-24,18,0,3,D,15,7,8,50.2,0,1
2025-03-24,19,0,3,A,15,10,5,67.3,0,1
2025-03-24,19,0,3,B,15,8,7,57.5,0,1
2025-03-24,19,0,3,C,15,9,6,60.9,0,1
2025-03-24,19,0,3,D,15,7,8,52.4,0,1
2025-03-24,20,0,3,A,15,4,11,26.7,0,1
2025-03-24,20,0,3,B,15,5,10,33.7,0,1
2025-03-24,20,0,3,C,15,3,12,21.5,0,1
2025-03-24,20,0,3,D,15,1,14,13.2,0,1
2025-03-24,21,0,3,A,15,3,12,22.7,0,1
2025-03-24,21,0,3,B,15,2,13,17.2,0,1
2025-03-24,21,0,3,C,15,3,12,20.3,0,1
2025-03-24,21,0,3,D,15,4,11,29.9,0,1
2025-03-25,6,1,3,A,15,5,10,33.8,0,1
2025-03-25,6,1,3,B,15,5,10,36.5,0,1
2025-03-25,6,1,3,C,15,3,12,26.2,0,1
2025-03-25,6,1,3,D,15,3,12,25.9,0,1
2025-03-25,7,1,3,A,15,4,11,28.2,0,1
2025-03-25,7,1,3,B,15,4,11,33.2,0,1
2025-03-25,7,1,3,C,15,4,11,30.0,0,1
2025-03-25,7,1,3,D,15,4,11,32.3,0,1
2025-03-25,8,1,3,A,15,14,1,98.0,0,1
2025-03-25,8,1,3,B,15,11,4,75.4,0,1
2025-03-25,8,1,3,C,15,12,3,85.2,0,1
2025-03-25,8,1,3,D,15,10,5,69.7,0,1
2025-03-25,9,1,3,A,15,14,1,98.0,0,1
2025-03-25,9,1,3,B,15,12,3,84.9,0,1
2025-03-25,9,1,3,C,15,10,5,72.4,0,1
2025-03-25,9,1,3,D,15,10,5,69.7,0,1
2025-03-25,10,1,3,A,15,14,1,98.0,0,1
2025-03-25,10,1,3,B,15,10,5,71.0,0,1
2025-03-25,10,1,3,C,15,10,5,72.2,0,1
2025-03-25,10,1,3,D,15,9,6,66.0,0,1
2025-03-25,11,1,3,A,15,13,2,88.3,0,1
2025-03-25,11,1,3,B,15,12,3,84.5,0,1
2025-03-25,11,1,3,C,15,9,6,61.3,0,1
2025-03-25,11,1,3,D,15,8,7,56.0,0,1
2025-03-25,12,1,3,A,15,12,3,82.1,0,1
2025-03-25,12,1,3,B,15,10,5,68.6,0,1
2025-03-25,12,1,3,C,15,9,6,64.7,0,1
2025-03-25,12,1,3,D,15,9,6,66.2,0,1
2025-03-25,13,1,3,A,15,11,4,77.8,0,1
2025-03-25,13,1,3,B,15,11,4,78.4,0,1
2025-03-25,13,1,3,C,15,8,7,53.9,0,1
2025-03-25,13,1,3,D,15,8,7,55.5,0,1
2025-03-25,14,1,3,A,15,11,4,77.9,0,1
2025-03-25,14,1,3,B,15,12,3,83.4,0,1
2025-03-25,14,1,3,C,15,9,6,60.8,0,1
2025-03-25,14,1,3,D,15,5,10,38.4,0,1
2025-03-25,15,1,3,A,15,9,6,64.5,0,1
2025-03-25,15,1,3,B,15,10,5,70.3,0,1
2025-03-25,15,1,3,C,15,10,5,67.9,0,1
2025-03-25,15,1,3,D,15,8,7,59.0,0,1
2025-03-25,16,1,3,A,15,12,3,81.8,0,1
2025-03-25,16,1,3,B,15,11,4,79.3,0,1
2025-03-25,16,1,3,C,15,8,7,58.7,0,1
2025-03-25,16,1,3,D,15,9,6,63.2,0,1
2025-03-25,17,1,3,A,15,8,7,55.9,0,1
2025-03-25,17,1,3,B,15,7,8,52.8,0,1
2025-03-25,17,1,3,C,15,5,10,39.5,0,1
2025-03-25,17,1,3,D,15,6,9,45.8,0,1
2025-03-25,18,1,3,A,15,10,5,68.6,0,1
2025-03-25,18,1,3,B,15,9,6,60.9,0,1
2025-03-25,18,1,3,C,15,8,7,54.5,0,1
2025-03-25,18,1,3,D,15,6,9,40.6,0,1
2025-03-25,19,1,3,A,15,10,5,67.5,0,1
2025-03-25,19,1,3,B,15,7,8,48.0,0,1
2025-03-25,19,1,3,C,15,9,6,64.9,0,1
2025-03-25,19,1,3,D,15,6,9,45.6,0,1
2025-03-25,20,1,3,A,15,3,12,24.8,0,1
2025-03-25,20,1,3,B,15,5,10,37.7,0,1
2025-03-25,20,1,3,C,15,1,14,12.6,0,1
2025-03-25,20,1,3,D,15,1,14,11.0,0,1
2025-03-25,21,1,3,A,15,2,13,20.0,0,1
2025-03-25,21,1,3,B,15,3,12,24.5,0,1
2025-03-25,21,1,3,C,15,3,12,26.0,0,1
2025-03-25,21,1,3,D,15,3,12,25.9,0,1
2025-03-26,6,2,3,A,15,9,6,60.8,0,1
2025-03-26,6,2,3,B,15,2,13,17.0,0,1
2025-03-26,6,2,3,C,15,5,10,36.4,0,1
2025-03-26,6,2,3,D,15,3,12,23.5,0,1
2025-03-26,7,2,3,A,15,5,10,35.6,0,1
2025-03-26,7,2,3,B,15,4,11,30.0,0,1
2025-03-26,7,2,3,C,15,3,12,24.2,0,1
2025-03-26,7,2,3,D,15,6,9,41.5,0,1
2025-03-26,8,2,3,A,15,14,1,98.0,0,1
2025-03-26,8,2,3,B,15,12,3,85.2,0,1
2025-03-26,8,2,3,C,15,13,2,87.3,0,1
2025-03-26,8,2,3,D,15,8,7,55.9,0,1
2025-03-26,9,2,3,A,15,13,2,87.1,0,1
2025-03-26,9,2,3,B,15,10,5,67.6,0,1
2025-03-26,9,2,3,C,15,10,5,70.9,0,1
2025-03-26,9,2,3,D,15,10,5,69.3,0,1
2025-03-26,10,2,3,A,15,14,1,98.0,0,1
2025-03-26,10,2,3,B,15,12,3,86.2,0,1
2025-03-26,10,2,3,C,15,9,6,65.2,0,1
2025-03-26,10,2,3,D,15,11,4,74.4,0,1
2025-03-26,11,2,3,A,15,13,2,88.2,0,1
2025-03-26,11,2,3,B,15,12,3,80.9,0,1
2025-03-26,11,2,3,C,15,7,8,52.4,0,1
2025-03-26,11,2,3,D,15,9,6,62.5,0,1
2025-03-26,12,2,3,A,15,11,4,76.7,0,1
2025-03-26,12,2,3,B,15,10,5,71.8,0,1
2025-03-26,12,2,3,C,15,10,5,71.8,0,1
2025-03-26,12,2,3,D,15,9,6,60.7,0,1
2025-03-26,13,2,3,A,15,11,4,79.4,0,1
2025-03-26,13,2,3,B,15,11,4,75.1,0,1
2025-03-26,13,2,3,C,15,8,7,55.2,0,1
2025-03-26,13,2,3,D,15,10,5,69.2,0,1
2025-03-26,14,2,3,A,15,11,4,78.9,0,1
2025-03-26,14,2,3,B,15,11,4,78.9,0,1
2025-03-26,14,2,3,C,15,8,7,58.8,0,1
2025-03-26,14,2,3,D,15,7,8,51.8,0,1
2025-03-26,15,2,3,A,15,11,4,74.4,0,1
2025-03-26,15,2,3,B,15,11,4,77.0,0,1
2025-03-26,15,2,3,C,15,8,7,57.3,0,1
2025-03-26,15,2,3,D,15,9,6,61.2,0,1
2025-03-26,16,2,3,A,15,11,4,77.4,0,1
2025-03-26,16,2,3,B,15,8,7,54.2,0,1
2025-03-26,16,2,3,C,15,8,7,58.4,0,1
2025-03-26,16,2,3,D,15,6,9,46.6,0,1
2025-03-26,17,2,3,A,15,10,5,69.3,0,1
2025-03-26,17,2,3,B,15,7,8,50.5,0,1
2025-03-26,17,2,3,C,15,9,6,61.4,0,1
2025-03-26,17,2,3,D,15,7,8,47.3,0,1
2025-03-26,18,2,3,A,15,10,5,67.6,0,1
2025-03-26,18,2,3,B,15,9,6,65.2,0,1
2025-03-26,18,2,3,C,15,9,6,61.7,0,1
2025-03-26,18,2,3,D,15,7,8,47.8,0,1
2025-03-26,19,2,3,A,15,9,6,62.8,0,1
2025-03-26,19,2,3,B,15,6,9,45.8,0,1
2025-03-26,19,2,3,C,15,7,8,48.5,0,1
2025-03-26,19,2,3,D,15,6,9,43.1,0,1
2025-03-26,20,2,3,A,15,4,11,29.6,0,1
2025-03-26,20,2,3,B,15,3,12,22.2,0,1
2025-03-26,20,2,3,C,15,4,11,28.0,0,1
2025-03-26,20,2,3,D,15,2,13,15.1,0,1
2025-03-26,21,2,3,A,15,4,11,28.3,0,1
2025-03-26,21,2,3,B,15,5,10,34.5,0,1
2025-03-26,21,2,3,C,15,3,12,25.2,0,1
2025-03-26,21,2,3,D,15,2,13,19.5,0,1
2025-03-27,6,3,3,A,15,5,10,35.4,0,1
2025-03-27,6,3,3,B,15,4,11,29.9,0,1
2025-03-27,6,3,3,C,15,3,12,24.7,0,1
2025-03-27,6,3,3,D,15,3,12,23.7,0,1
2025-03-27,7,3,3,A,15,6,9,46.3,0,1
2025-03-27,7,3,3,B,15,4,11,33.2,0,1
2025-03-27,7,3,3,C,15,3,12,20.7,0,1
2025-03-27,7,3,3,D,15,6,9,42.1,0,1
2025-03-27,8,3,3,A,15,14,1,98.0,0,1
2025-03-27,8,3,3,B,15,11,4,73.7,0,1
2025-03-27,8,3,3,C,15,10,5,73.0,0,1
2025-03-27,8,3,3,D,15,10,5,68.9,0,1
2025-03-27,9,3,3,A,15,14,1,98.0,0,1
2025-03-27,9,3,3,B,15,11,4,76.1,0,1
2025-03-27,9,3,3,C,15,12,3,84.3,0,1
2025-03-27,9,3,3,D,15,11,4,79.2,0,1
2025-03-27,10,3,3,A,15,13,2,92.7,0,1
2025-03-27,10,3,3,B,15,12,3,82.8,0,1
2025-03-27,10,3,3,C,15,10,5,68.2,0,1
2025-03-27,10,3,3,D,15,9,6,66.4,0,1
2025-03-27,11,3,3,A,15,12,3,86.0,0,1
2025-03-27,11,3,3,B,15,12,3,80.3,0,1
2025-03-27,11,3,3,C,15,11,4,76.2,0,1
2025-03-27,11,3,3,D,15,8,7,54.0,0,1
2025-03-27,12,3,3,A,15,10,5,70.5,0,1
2025-03-27,12,3,3,B,15,11,4,74.8,0,1
2025-03-27,12,3,3,C,15,10,5,69.8,0,1
2025-03-27,12,3,3,D,15,9,6,62.0,0,1
2025-03-27,13,3,3,A,15,12,3,83.6,0,1
2025-03-27,13,3,3,B,15,11,4,76.0,0,1
2025-03-27,13,3,3,C,15,11,4,79.6,0,1
2025-03-27,13,3,3,D,15,9,6,63.1,0,1
2025-03-27,14,3,3,A,15,11,4,77.5,0,1
2025-03-27,14,3,3,B,15,9,6,66.0,0,1
2025-03-27,14,3,3,C,15,9,6,61.6,0,1
2025-03-27,14,3,3,D,15,10,5,69.1,0,1
2025-03-27,15,3,3,A,15,11,4,79.0,0,1
2025-03-27,15,3,3,B,15,10,5,69.8,0,1
2025-03-27,15,3,3,C,15,8,7,59.1,0,1
2025-03-27,15,3,3,D,15,9,6,64.8,0,1
2025-03-27,16,3,3,A,15,14,1,96.2,0,1
2025-03-27,16,3,3,B,15,11,4,73.6,0,1
2025-03-27,16,3,3,C,15,9,6,63.7,0,1
2025-03-27,16,3,3,D,15,8,7,56.3,0,1
2025-03-27,17,3,3,A,15,7,8,49.9,0,1
2025-03-27,17,3,3,B,15,9,6,66.0,0,1
2025-03-27,17,3,3,C,15,8,7,55.1,0,1
2025-03-27,17,3,3,D,15,7,8,51.4,0,1
2025-03-27,18,3,3,A,15,9,6,63.3,0,1
2025-03-27,18,3,3,B,15,8,7,56.9,0,1
2025-03-27,18,3,3,C,15,7,8,50.7,0,1
2025-03-27,18,3,3,D,15,8,7,56.2,0,1
2025-03-27,19,3,3,A,15,9,6,66.0,0,1
2025-03-27,19,3,3,B,15,11,4,76.7,0,1
2025-03-27,19,3,3,C,15,8,7,57.4,0,1
2025-03-27,19,3,3,D,15,5,10,37.8,0,1
2025-03-27,20,3,3,A,15,4,11,27.7,0,1
2025-03-27,20,3,3,B,15,2,13,19.8,0,1
2025-03-27,20,3,3,C,15,0,15,5.0,0,1
2025-03-27,20,3,3,D,15,4,11,32.8,0,1
2025-03-27,21,3,3,A,15,5,10,34.4,0,1
2025-03-27,21,3,3,B,15,4,11,29.3,0,1
2025-03-27,21,3,3,C,15,3,12,23.8,0,1
2025-03-27,21,3,3,D,15,1,14,8.9,0,1
2025-03-28,6,4,3,A,15,5,10,36.4,0,1
2025-03-28,6,4,3,B,15,6,9,41.7,0,1
2025-03-28,6,4,3,C,15,3,12,23.1,0,1
2025-03-28,6,4,3,D,15,1,14,7.7,0,1
2025-03-28,7,4,3,A,15,5,10,38.4,0,1
2025-03-28,7,4,3,B,15,5,10,33.9,0,1
2025-03-28,7,4,3,C,15,4,11,32.6,0,1
2025-03-28,7,4,3,D,15,5,10,33.8,0,1
2025-03-28,8,4,3,A,15,14,1,98.0,0,1
2025-03-28,8,4,3,B,15,13,2,87.1,0,1
2025-03-28,8,4,3,C,15,12,3,86.1,0,1
2025-03-28,8,4,3,D,15,8,7,55.8,0,1
2025-03-28,9,4,3,A,15,14,1,98.0,0,1
2025-03-28,9,4,3,B,15,13,2,90.0,0,1
2025-03-28,9,4,3,C,15,9,6,66.6,0,1
2025-03-28,9,4,3,D,15,8,7,56.0,0,1
2025-03-28,10,4,3,A,15,13,2,91.8,0,1
2025-03-28,10,4,3,B,15,11,4,79.7,0,1
2025-03-28,10,4,3,C,15,12,3,82.5,0,1
2025-03-28,10,4,3,D,15,9,6,63.1,0,1
2025-03-28,11,4,3,A,15,11,4,79.4,0,1
2025-03-28,11,4,3,B,15,10,5,70.1,0,1
2025-03-28,11,4,3,C,15,11,4,76.4,0,1
2025-03-28,11,4,3,D,15,9,6,60.1,0,1
2025-03-28,12,4,3,A,15,12,3,84.8,0,1
2025-03-28,12,4,3,B,15,11,4,74.1,0,1
2025-03-28,12,4,3,C,15,11,4,77.8,0,1
2025-03-28,12,4,3,D,15,8,7,54.0,0,1
2025-03-28,13,4,3,A,15,14,1,96.8,0,1
2025-03-28,13,4,3,B,15,11,4,76.7,0,1
2025-03-28,13,4,3,C,15,9,6,66.2,0,1
2025-03-28,13,4,3,D,15,12,3,80.0,0,1
2025-03-28,14,4,3,A,15,10,5,72.1,0,1
2025-03-28,14,4,3,B,15,10,5,67.2,0,1
2025-03-28,14,4,3,C,15,7,8,53.1,0,1
2025-03-28,14,4,3,D,15,9,6,63.6,0,1
2025-03-28,15,4,3,A,15,14,1,94.0,0,1
2025-03-28,15,4,3,B,15,12,3,83.4,0,1
2025-03-28,15,4,3,C,15,10,5,72.8,0,1
2025-03-28,15,4,3,D,15,8,7,54.4,0,1
2025-03-28,16,4,3,A,15,11,4,77.6,0,1
2025-03-28,16,4,3,B,15,8,7,56.6,0,1
2025-03-28,16,4,3,C,15,11,4,79.3,0,1
2025-03-28,16,4,3,D,15,8,7,59.8,0,1
2025-03-28,17,4,3,A,15,9,6,65.1,0,1
2025-03-28,17,4,3,B,15,10,5,70.6,0,1
2025-03-28,17,4,3,C,15,6,9,46.2,0,1
2025-03-28,17,4,3,D,15,7,8,51.3,0,1
2025-03-28,18,4,3,A,15,10,5,67.6,0,1
2025-03-28,18,4,3,B,15,9,6,65.1,0,1
2025-03-28,18,4,3,C,15,8,7,53.5,0,1
2025-03-28,18,4,3,D,15,5,10,36.4,0,1
2025-03-28,19,4,3,A,15,10,5,69.6,0,1
2025-03-28,19,4,3,B,15,10,5,68.4,0,1
2025-03-28,19,4,3,C,15,8,7,53.8,0,1
2025-03-28,19,4,3,D,15,8,7,54.2,0,1
2025-03-28,20,4,3,A,15,3,12,20.4,0,1
2025-03-28,20,4,3,B,15,3,12,24.8,0,1
2025-03-28,20,4,3,C,15,2,13,17.5,0,1
2025-03-28,20,4,3,D,15,3,12,26.0,0,1
2025-03-28,21,4,3,A,15,4,11,29.0,0,1
2025-03-28,21,4,3,B,15,4,11,30.5,0,1
2025-03-28,21,4,3,C,15,4,11,31.2,0,1
2025-03-28,21,4,3,D,15,3,12,25.5,0,1
2025-03-29,6,5,3,A,15,2,13,16.3,1,1
2025-03-29,6,5,3,B,15,0,15,5.0,1,1
2025-03-29,6,5,3,C,15,1,14,11.0,1,1
2025-03-29,6,5,3,D,15,0,15,5.5,1,1
2025-03-29,7,5,3,A,15,1,14,11.3,1,1
2025-03-29,7,5,3,B,15,1,14,9.3,1,1
2025-03-29,7,5,3,C,15,0,15,5.0,1,1
2025-03-29,7,5,3,D,15,0,15,5.0,1,1
2025-03-29,8,5,3,A,15,4,11,28.9,1,1
2025-03-29,8,5,3,B,15,4,11,31.3,1,1
2025-03-29,8,5,3,C,15,2,13,16.0,1,1
2025-03-29,8,5,3,D,15,3,12,23.9,1,1
2025-03-29,9,5,3,A,15,7,8,49.4,1,1
2025-03-29,9,5,3,B,15,5,10,37.9,1,1
2025-03-29,9,5,3,C,15,5,10,39.9,1,1
2025-03-29,9,5,3,D,15,4,11,26.9,1,1
2025-03-29,10,5,3,A,15,6,9,43.6,1,1
2025-03-29,10,5,3,B,15,3,12,24.0,1,1
2025-03-29,10,5,3,C,15,3,12,21.6,1,1
2025-03-29,10,5,3,D,15,0,15,5.0,1,1
2025-03-29,11,5,3,A,15,5,10,39.7,1,1
2025-03-29,11,5,3,B,15,5,10,38.6,1,1
2025-03-29,11,5,3,C,15,2,13,19.2,1,1
2025-03-29,11,5,3,D,15,2,13,19.0,1,1
2025-03-29,12,5,3,A,15,3,12,24.2,1,1
2025-03-29,12,5,3,B,15,4,11,29.3,1,1
2025-03-29,12,5,3,C,15,4,11,32.6,1,1
2025-03-29,12,5,3,D,15,1,14,7.1,1,1
2025-03-29,13,5,3,A,15,5,10,33.5,1,1
2025-03-29,13,5,3,B,15,3,12,24.0,1,1
2025-03-29,13,5,3,C,15,3,12,24.5,1,1
2025-03-29,13,5,3,D,15,3,12,24.7,1,1
2025-03-29,14,5,3,A,15,4,11,26.7,1,1
2025-03-29,14,5,3,B,15,3,12,23.7,1,1
2025-03-29,14,5,3,C,15,3,12,20.3,1,1
2025-03-29,14,5,3,D,15,4,11,27.4,1,1
2025-03-29,15,5,3,A,15,4,11,31.5,1,1
2025-03-29,15,5,3,B,15,3,12,26.3,1,1
2025-03-29,15,5,3,C,15,1,14,11.9,1,1
2025-03-29,15,5,3,D,15,2,13,16.6,1,1
2025-03-29,16,5,3,A,15,5,10,35.4,1,1
2025-03-29,16,5,3,B,15,3,12,24.8,1,1
2025-03-29,16,5,3,C,15,4,11,27.3,1,1
2025-03-29,16,5,3,D,15,5,10,33.7,1,1
2025-03-29,17,5,3,A,15,4,11,32.5,1,1
2025-03-29,17,5,3,B,15,3,12,21.7,1,1
2025-03-29,17,5,3,C,15,2,13,14.8,1,1
2025-03-29,17,5,3,D,15,0,15,5.0,1,1
2025-03-29,18,5,3,A,15,3,12,22.8,1,1
2025-03-29,18,5,3,B,15,2,13,18.4,1,1
2025-03-29,18,5,3,C,15,3,12,22.0,1,1
2025-03-29,18,5,3,D,15,2,13,15.6,1,1
2025-03-29,19,5,3,A,15,3,12,21.6,1,1
2025-03-29,19,5,3,B,15,1,14,6.8,1,1
2025-03-29,19,5,3,C,15,1,14,11.4,1,1
2025-03-29,19,5,3,D,15,3,12,20.6,1,1
2025-03-29,20,5,3,A,15,3,12,23.8,1,1
2025-03-29,20,5,3,B,15,1,14,8.0,1,1
2025-03-29,20,5,3,C,15,1,14,10.5,1,1
2025-03-29,20,5,3,D,15,2,13,14.6,1,1
2025-03-29,21,5,3,A,15,0,15,5.0,1,1
2025-03-29,21,5,3,B,15,1,14,11.7,1,1
2025-03-29,21,5,3,C,15,0,15,5.0,1,1
2025-03-29,21,5,3,D,15,2,13,13.9,1,1
2025-03-30,6,6,3,A,15,2,13,15.3,1,1
2025-03-30,6,6,3,B,15,2,13,14.6,1,1
2025-03-30,6,6,3,C,15,0,15,5.0,1,1
2025-03-30,6,6,3,D,15,2,13,15.5,1,1
2025-03-30,7,6,3,A,15,4,11,30.8,1,1
2025-03-30,7,6,3,B,15,0,15,5.0,1,1
2025-03-30,7,6,3,C,15,1,14,8.3,1,1
2025-03-30,7,6,3,D,15,1,14,11.7,1,1
2025-03-30,8,6,3,A,15,6,9,40.5,1,1
2025-03-30,8,6,3,B,15,3,12,25.3,1,1
2025-03-30,8,6,3,C,15,0,15,5.0,1,1
2025-03-30,8,6,3,D,15,5,10,34.7,1,1
2025-03-30,9,6,3,A,15,6,9,40.3,1,1
2025-03-30,9,6,3,B,15,2,13,15.8,1,1
2025-03-30,9,6,3,C,15,3,12,21.9,1,1
2025-03-30,9,6,3,D,15,5,10,36.3,1,1
2025-03-30,10,6,3,A,15,6,9,45.8,1,1
2025-03-30,10,6,3,B,15,5,10,37.3,1,1
2025-03-30,10,6,3,C,15,3,12,25.4,1,1
2025-03-30,10,6,3,D,15,3,12,24.5,1,1
2025-03-30,11,6,3,A,15,4,11,29.1,1,1
2025-03-30,11,6,3,B,15,5,10,35.3,1,1
2025-03-30,11,6,3,C,15,2,13,16.6,1,1
2025-03-30,11,6,3,D,15,2,13,14.6,1,1
2025-03-30,12,6,3,A,15,5,10,38.3,1,1
2025-03-30,12,6,3,B,15,3,12,25.9,1,1
2025-03-30,12,6,3,C,15,5,10,34.7,1,1
2025-03-30,12,6,3,D,15,2,13,15.6,1,1
2025-03-30,13,6,3,A,15,4,11,29.7,1,1
2025-03-30,13,6,3,B,15,2,13,18.9,1,1
2025-03-30,13,6,3,C,15,3,12,23.7,1,1
2025-03-30,13,6,3,D,15,1,14,9.2,1,1
2025-03-30,14,6,3,A,15,3,12,24.3,1,1
2025-03-30,14,6,3,B,15,1,14,13.0,1,1
2025-03-30,14,6,3,C,15,4,11,27.6,1,1
2025-03-30,14,6,3,D,15,3,12,25.3,1,1
2025-03-30,15,6,3,A,15,2,13,14.3,1,1
2025-03-30,15,6,3,B,15,5,10,35.2,1,1
2025-03-30,15,6,3,C,15,6,9,42.0,1,1
2025-03-30,15,6,3,D,15,2,13,20.0,1,1
2025-03-30,16,6,3,A,15,3,12,23.0,1,1
2025-03-30,16,6,3,B,15,7,8,47.1,1,1
2025-03-30,16,6,3,C,15,1,14,11.5,1,1
2025-03-30,16,6,3,D,15,2,13,19.8,1,1
2025-03-30,17,6,3,A,15,3,12,25.6,1,1
2025-03-30,17,6,3,B,15,4,11,31.8,1,1
2025-03-30,17,6,3,C,15,3,12,21.8,1,1
2025-03-30,17,6,3,D,15,1,14,12.8,1,1
2025-03-30,18,6,3,A,15,2,13,16.5,1,1
2025-03-30,18,6,3,B,15,2,13,18.3,1,1
2025-03-30,18,6,3,C,15,1,14,10.8,1,1
2025-03-30,18,6,3,D,15,2,13,17.2,1,1
2025-03-30,19,6,3,A,15,2,13,19.6,1,1
2025-03-30,19,6,3,B,15,1,14,9.0,1,1
2025-03-30,19,6,3,C,15,4,11,28.9,1,1
2025-03-30,19,6,3,D,15,1,14,12.8,1,1
2025-03-30,20,6,3,A,15,0,15,5.0,1,1
2025-03-30,20,6,3,B,15,1,14,7.4,1,1
2025-03-30,20,6,3,C,15,1,14,8.4,1,1
2025-03-30,20,6,3,D,15,0,15,5.0,1,1
2025-03-30,21,6,3,A,15,1,14,12.7,1,1
2025-03-30,21,6,3,B,15,0,15,5.0,1,1
2025-03-30,21,6,3,C,15,3,12,21.6,1,1
2025-03-30,21,6,3,D,15,1,14,11.2,1,1
2025-03-31,6,0,3,A,15,5,10,37.1,0,1
2025-03-31,6,0,3,B,15,4,11,29.0,0,1
2025-03-31,6,0,3,C,15,4,11,30.7,0,1
2025-03-31,6,0,3,D,15,4,11,32.9,0,1
2025-03-31,7,0,3,A,15,6,9,40.0,0,1
2025-03-31,7,0,3,B,15,4,11,33.3,0,1
2025-03-31,7,0,3,C,15,4,11,32.0,0,1
2025-03-31,7,0,3,D,15,3,12,23.2,0,1
2025-03-31,8,0,3,A,15,14,1,95.0,0,1
2025-03-31,8,0,3,B,15,10,5,68.3,0,1
2025-03-31,8,0,3,C,15,12,3,84.3,0,1
2025-03-31,8,0,3,D,15,10,5,70.4,0,1
2025-03-31,9,0,3,A,15,13,2,91.6,0,1
2025-03-31,9,0,3,B,15,14,1,98.0,0,1
2025-03-31,9,0,3,C,15,11,4,77.2,0,1
2025-03-31,9,0,3,D,15,8,7,59.7,0,1
2025-03-31,10,0,3,A,15,14,1,98.0,0,1
2025-03-31,10,0,3,B,15,13,2,88.2,0,1
2025-03-31,10,0,3,C,15,11,4,79.7,0,1
2025-03-31,10,0,3,D,15,9,6,64.6,0,1
2025-03-31,11,0,3,A,15,13,2,89.9,0,1
2025-03-31,11,0,3,B,15,10,5,72.9,0,1
2025-03-31,11,0,3,C,15,10,5,71.9,0,1
2025-03-31,11,0,3,D,15,6,9,44.8,0,1
2025-03-31,12,0,3,A,15,12,3,82.8,0,1
2025-03-31,12,0,3,B,15,13,2,88.8,0,1
2025-03-31,12,0,3,C,15,9,6,61.4,0,1
2025-03-31,12,0,3,D,15,8,7,55.2,0,1
2025-03-31,13,0,3,A,15,12,3,82.7,0,1
2025-03-31,13,0,3,B,15,9,6,65.3,0,1
2025-03-31,13,0,3,C,15,7,8,49.8,0,1
2025-03-31,13,0,3,D,15,8,7,58.2,0,1
2025-03-31,14,0,3,A,15,12,3,81.6,0,1
2025-03-31,14,0,3,B,15,10,5,69.6,0,1
2025-03-31,14,0,3,C,15,9,6,61.8,0,1
2025-03-31,14,0,3,D,15,8,7,56.3,0,1
2025-03-31,15,0,3,A,15,13,2,88.7,0,1
2025-03-31,15,0,3,B,15,10,5,68.5,0,1
2025-03-31,15,0,3,C,15,8,7,58.4,0,1
2025-03-31,15,0,3,D,15,8,7,53.8,0,1
2025-03-31,16,0,3,A,15,12,3,85.1,0,1
2025-03-31,16,0,3,B,15,12,3,81.3,0,1
2025-03-31,16,0,3,C,15,8,7,58.0,0,1
2025-03-31,16,0,3,D,15,8,7,56.8,0,1
2025-03-31,17,0,3,A,15,10,5,71.7,0,1
2025-03-31,17,0,3,B,15,7,8,52.1,0,1
2025-03-31,17,0,3,C,15,8,7,54.2,0,1
2025-03-31,17,0,3,D,15,5,10,36.3,0,1
2025-03-31,18,0,3,A,15,8,7,54.8,0,1
2025-03-31,18,0,3,B,15,9,6,62.9,0,1
2025-03-31,18,0,3,C,15,7,8,50.9,0,1
2025-03-31,18,0,3,D,15,7,8,49.6,0,1
2025-03-31,19,0,3,A,15,10,5,68.9,0,1
2025-03-31,19,0,3,B,15,7,8,52.2,0,1
2025-03-31,19,0,3,C,15,8,7,53.6,0,1
2025-03-31,19,0,3,D,15,5,10,38.1,0,1
2025-03-31,20,0,3,A,15,5,10,39.9,0,1
2025-03-31,20,0,3,B,15,2,13,14.2,0,1
2025-03-31,20,0,3,C,15,3,12,20.9,0,1
2025-03-31,20,0,3,D,15,1,14,11.7,0,1
2025-03-31,21,0,3,A,15,4,11,33.3,0,1
2025-03-31,21,0,3,B,15,3,12,22.3,0,1
2025-03-31,21,0,3,C,15,2,13,18.4,0,1
2025-03-31,21,0,3,D,15,4,11,26.8,0,1
2025-04-01,6,1,4,A,15,6,9,40.5,0,1
2025-04-01,6,1,4,B,15,5,10,39.1,0,1
2025-04-01,6,1,4,C,15,3,12,23.6,0,1
2025-04-01,6,1,4,D,15,2,13,16.8,0,1
2025-04-01,7,1,4,A,15,6,9,41.1,0,1
2025-04-01,7,1,4,B,15,4,11,32.4,0,1
2025-04-01,7,1,4,C,15,5,10,36.5,0,1
2025-04-01,7,1,4,D,15,4,11,27.4,0,1
2025-04-01,8,1,4,A,15,14,1,98.0,0,1
2025-04-01,8,1,4,B,15,10,5,72.0,0,1
2025-04-01,8,1,4,C,15,13,2,91.6,0,1
2025-04-01,8,1,4,D,15,10,5,66.7,0,1
2025-04-01,9,1,4,A,15,14,1,98.0,0,1
2025-04-01,9,1,4,B,15,11,4,78.3,0,1
2025-04-01,9,1,4,C,15,11,4,79.0,0,1
2025-04-01,9,1,4,D,15,8,7,57.6,0,1
2025-04-01,10,1,4,A,15,14,1,98.0,0,1
2025-04-01,10,1,4,B,15,12,3,82.2,0,1
2025-04-01,10,1,4,C,15,11,4,76.7,0,1
2025-04-01,10,1,4,D,15,11,4,73.6,0,1
2025-04-01,11,1,4,A,15,11,4,76.4,0,1
2025-04-01,11,1,4,B,15,10,5,69.5,0,1
2025-04-01,11,1,4,C,15,10,5,71.2,0,1
2025-04-01,11,1,4,D,15,11,4,76.8,0,1
2025-04-01,12,1,4,A,15,12,3,85.1,0,1
2025-04-01,12,1,4,B,15,11,4,79.7,0,1
2025-04-01,12,1,4,C,15,9,6,66.6,0,1
2025-04-01,12,1,4,D,15,11,4,75.5,0,1
2025-04-01,13,1,4,A,15,10,5,72.3,0,1
2025-04-01,13,1,4,B,15,11,4,75.8,0,1
2025-04-01,13,1,4,C,15,8,7,54.5,0,1
2025-04-01,13,1,4,D,15,5,10,39.9,0,1
2025-04-01,14,1,4,A,15,12,3,82.9,0,1
2025-04-01,14,1,4,B,15,10,5,71.1,0,1
2025-04-01,14,1,4,C,15,9,6,60.7,0,1
2025-04-01,14,1,4,D,15,8,7,55.2,0,1
2025-04-01,15,1,4,A,15,14,1,98.0,0,1
2025-04-01,15,1,4,B,15,10,5,67.9,0,1
2025-04-01,15,1,4,C,15,10,5,67.1,0,1
2025-04-01,15,1,4,D,15,7,8,50.8,0,1
2025-04-01,16,1,4,A,15,12,3,82.9,0,1
2025-04-01,16,1,4,B,15,10,5,68.1,0,1
2025-04-01,16,1,4,C,15,8,7,59.7,0,1
2025-04-01,16,1,4,D,15,10,5,70.6,0,1
2025-04-01,17,1,4,A,15,11,4,78.4,0,1
2025-04-01,17,1,4,B,15,9,6,61.1,0,1
2025-04-01,17,1,4,C,15,5,10,35.6,0,1
2025-04-01,17,1,4,D,15,6,9,45.1,0,1
2025-04-01,18,1,4,A,15,13,2,90.6,0,1
2025-04-01,18,1,4,B,15,8,7,58.2,0,1
2025-04-01,18,1,4,C,15,9,6,62.8,0,1
2025-04-01,18,1,4,D,15,8,7,59.5,0,1
2025-04-01,19,1,4,A,15,10,5,70.8,0,1
2025-04-01,19,1,4,B,15,7,8,53.3,0,1
2025-04-01,19,1,4,C,15,5,10,34.5,0,1
2025-04-01,19,1,4,D,15,8,7,53.5,0,1
2025-04-01,20,1,4,A,15,3,12,22.2,0,1
2025-04-01,20,1,4,B,15,3,12,26.4,0,1
2025-04-01,20,1,4,C,15,1,14,12.5,0,1
2025-04-01,20,1,4,D,15,2,13,17.9,0,1
2025-04-01,21,1,4,A,15,4,11,29.0,0,1
2025-04-01,21,1,4,B,15,4,11,27.1,0,1
2025-04-01,21,1,4,C,15,2,13,13.6,0,1
2025-04-01,21,1,4,D,15,4,11,29.6,0,1
2025-04-02,6,2,4,A,15,5,10,35.5,0,1
2025-04-02,6,2,4,B,15,3,12,21.6,0,1
2025-04-02,6,2,4,C,15,4,11,30.6,0,1
2025-04-02,6,2,4,D,15,4,11,28.3,0,1
2025-04-02,7,2,4,A,15,6,9,41.5,0,1
2025-04-02,7,2,4,B,15,6,9,45.9,0,1
2025-04-02,7,2,4,C,15,4,11,29.6,0,1
2025-04-02,7,2,4,D,15,4,11,27.0,0,1
2025-04-02,8,2,4,A,15,13,2,88.9,0,1
2025-04-02,8,2,4,B,15,13,2,91.6,0,1
2025-04-02,8,2,4,C,15,11,4,78.0,0,1
2025-04-02,8,2,4,D,15,9,6,64.6,0,1
2025-04-02,9,2,4,A,15,12,3,82.5,0,1
2025-04-02,9,2,4,B,15,14,1,96.6,0,1
2025-04-02,9,2,4,C,15,10,5,66.7,0,1
2025-04-02,9,2,4,D,15,9,6,63.3,0,1
2025-04-02,10,2,4,A,15,14,1,98.0,0,1
2025-04-02,10,2,4,B,15,11,4,75.4,0,1
2025-04-02,10,2,4,C,15,9,6,64.6,0,1
2025-04-02,10,2,4,D,15,7,8,51.0,0,1
2025-04-02,11,2,4,A,15,13,2,92.0,0,1
2025-04-02,11,2,4,B,15,10,5,70.6,0,1
2025-04-02,11,2,4,C,15,13,2,90.9,0,1
2025-04-02,11,2,4,D,15,7,8,52.0,0,1
2025-04-02,12,2,4,A,15,11,4,78.9,0,1
2025-04-02,12,2,4,B,15,10,5,70.5,0,1
2025-04-02,12,2,4,C,15,10,5,69.4,0,1
2025-04-02,12,2,4,D,15,8,7,56.2,0,1
2025-04-02,13,2,4,A,15,13,2,91.1,0,1
2025-04-02,13,2,4,B,15,10,5,67.2,0,1
2025-04-02,13,2,4,C,15,8,7,56.4,0,1
2025-04-02,13,2,4,D,15,6,9,45.6,0,1
2025-04-02,14,2,4,A,15,9,6,62.7,0,1
2025-04-02,14,2,4,B,15,9,6,65.9,0,1
2025-04-02,14,2,4,C,15,9,6,60.6,0,1
2025-04-02,14,2,4,D,15,7,8,50.9,0,1
2025-04-02,15,2,4,A,15,13,2,90.4,0,1
2025-04-02,15,2,4,B,15,11,4,79.8,0,1
2025-04-02,15,2,4,C,15,9,6,60.3,0,1
2025-04-02,15,2,4,D,15,6,9,41.6,0,1
2025-04-02,16,2,4,A,15,11,4,76.0,0,1
2025-04-02,16,2,4,B,15,9,6,65.2,0,1
2025-04-02,16,2,4,C,15,8,7,57.7,0,1
2025-04-02,16,2,4,D,15,7,8,50.4,0,1
2025-04-02,17,2,4,A,15,9,6,63.8,0,1
2025-04-02,17,2,4,B,15,8,7,56.9,0,1
2025-04-02,17,2,4,C,15,7,8,48.9,0,1
2025-04-02,17,2,4,D,15,7,8,49.7,0,1
2025-04-02,18,2,4,A,15,10,5,71.9,0,1
2025-04-02,18,2,4,B,15,7,8,52.7,0,1
2025-04-02,18,2,4,C,15,9,6,64.2,0,1
2025-04-02,18,2,4,D,15,6,9,40.2,0,1
2025-04-02,19,2,4,A,15,8,7,56.1,0,1
2025-04-02,19,2,4,B,15,9,6,63.0,0,1
2025-04-02,19,2,4,C,15,7,8,47.5,0,1
2025-04-02,19,2,4,D,15,7,8,50.6,0,1
2025-04-02,20,2,4,A,15,1,14,9.5,0,1
2025-04-02,20,2,4,B,15,5,10,36.1,0,1
2025-04-02,20,2,4,C,15,4,11,27.9,0,1
2025-04-02,20,2,4,D,15,1,14,8.0,0,1
2025-04-02,21,2,4,A,15,2,13,16.9,0,1
2025-04-02,21,2,4,B,15,5,10,38.4,0,1
2025-04-02,21,2,4,C,15,2,13,16.6,0,1
2025-04-02,21,2,4,D,15,1,14,13.3,0,1
2025-04-03,6,3,4,A,15,3,12,22.1,0,1
2025-04-03,6,3,4,B,15,4,11,32.2,0,1
2025-04-03,6,3,4,C,15,4,11,29.7,0,1
2025-04-03,6,3,4,D,15,5,10,33.7,0,1
2025-04-03,7,3,4,A,15,4,11,29.1,0,1
2025-04-03,7,3,4,B,15,3,12,22.8,0,1
2025-04-03,7,3,4,C,15,5,10,35.1,0,1
2025-04-03,7,3,4,D,15,5,10,36.1,0,1
2025-04-03,8,3,4,A,15,12,3,85.2,0,1
2025-04-03,8,3,4,B,15,14,1,93.7,0,1
2025-04-03,8,3,4,C,15,11,4,76.8,0,1
2025-04-03,8,3,4,D,15,11,4,76.7,0,1
2025-04-03,9,3,4,A,15,14,1,97.2,0,1
2025-04-03,9,3,4,B,15,9,6,64.8,0,1
2025-04-03,9,3,4,C,15,11,4,75.3,0,1
2025-04-03,9,3,4,D,15,11,4,76.5,0,1
2025-04-03,10,3,4,A,15,13,2,90.6,0,1
2025-04-03,10,3,4,B,15,12,3,81.9,0,1
2025-04-03,10,3,4,C,15,11,4,75.1,0,1
2025-04-03,10,3,4,D,15,6,9,44.8,0,1
2025-04-03,11,3,4,A,15,14,1,98.0,0,1
2025-04-03,11,3,4,B,15,10,5,67.8,0,1
2025-04-03,11,3,4,C,15,10,5,71.5,0,1
2025-04-03,11,3,4,D,15,8,7,59.3,0,1
2025-04-03,12,3,4,A,15,14,1,96.3,0,1
2025-04-03,12,3,4,B,15,11,4,78.2,0,1
2025-04-03,12,3,4,C,15,9,6,65.6,0,1
2025-04-03,12,3,4,D,15,7,8,52.9,0,1
2025-04-03,13,3,4,A,15,13,2,92.6,0,1
2025-04-03,13,3,4,B,15,9,6,60.0,0,1
2025-04-03,13,3,4,C,15,10,5,72.7,0,1
2025-04-03,13,3,4,D,15,7,8,51.2,0,1
2025-04-03,14,3,4,A,15,13,2,90.5,0,1
2025-04-03,14,3,4,B,15,10,5,71.3,0,1
2025-04-03,14,3,4,C,15,10,5,68.2,0,1
2025-04-03,14,3,4,D,15,8,7,56.7,0,1
2025-04-03,15,3,4,A,15,9,6,66.5,0,1
2025-04-03,15,3,4,B,15,9,6,63.1,0,1
2025-04-03,15,3,4,C,15,10,5,68.4,0,1
2025-04-03,15,3,4,D,15,8,7,57.3,0,1
2025-04-03,16,3,4,A,15,13,2,89.9,0,1
2025-04-03,16,3,4,B,15,10,5,73.2,0,1
2025-04-03,16,3,4,C,15,8,7,55.3,0,1
2025-04-03,16,3,4,D,15,7,8,49.6,0,1
2025-04-03,17,3,4,A,15,10,5,69.8,0,1
2025-04-03,17,3,4,B,15,6,9,41.5,0,1
2025-04-03,17,3,4,C,15,10,5,67.4,0,1
2025-04-03,17,3,4,D,15,7,8,51.5,0,1
2025-04-03,18,3,4,A,15,11,4,78.8,0,1
2025-04-03,18,3,4,B,15,7,8,47.4,0,1
2025-04-03,18,3,4,C,15,9,6,64.0,0,1
2025-04-03,18,3,4,D,15,9,6,65.9,0,1
2025-04-03,19,3,4,A,15,8,7,58.4,0,1
2025-04-03,19,3,4,B,15,9,6,66.2,0,1
2025-04-03,19,3,4,C,15,8,7,54.0,0,1
2025-04-03,19,3,4,D,15,5,10,35.6,0,1
2025-04-03,20,3,4,A,15,4,11,32.7,0,1
2025-04-03,20,3,4,B,15,4,11,31.7,0,1
2025-04-03,20,3,4,C,15,2,13,17.7,0,1
2025-04-03,20,3,4,D,15,4,11,29.3,0,1
2025-04-03,21,3,4,A,15,2,13,15.4,0,1
2025-04-03,21,3,4,B,15,1,14,13.0,0,1
2025-04-03,21,3,4,C,15,3,12,23.6,0,1
2025-04-03,21,3,4,D,15,3,12,20.2,0,1
2025-04-04,6,4,4,A,15,5,10,34.5,0,1
2025-04-04,6,4,4,B,15,6,9,41.5,0,1
2025-04-04,6,4,4,C,15,5,10,35.7,0,1
2025-04-04,6,4,4,D,15,5,10,34.9,0,1
2025-04-04,7,4,4,A,15,5,10,39.3,0,1
2025-04-04,7,4,4,B,15,5,10,39.8,0,1
2025-04-04,7,4,4,C,15,4,11,27.9,0,1
2025-04-04,7,4,4,D,15,6,9,44.4,0,1
2025-04-04,8,4,4,A,15,13,2,91.2,0,1
2025-04-04,8,4,4,B,15,14,1,98.0,0,1
2025-04-04,8,4,4,C,15,11,4,76.8,0,1
2025-04-04,8,4,4,D,15,8,7,57.0,0,1
2025-04-04,9,4,4,A,15,14,1,98.0,0,1
2025-04-04,9,4,4,B,15,12,3,86.0,0,1
2025-04-04,9,4,4,C,15,12,3,83.3,0,1
2025-04-04,9,4,4,D,15,11,4,77.8,0,1
2025-04-04,10,4,4,A,15,14,1,98.0,0,1
2025-04-04,10,4,4,B,15,12,3,80.3,0,1
2025-04-04,10,4,4,C,15,12,3,84.3,0,1
2025-04-04,10,4,4,D,15,10,5,68.0,0,1
2025-04-04,11,4,4,A,15,13,2,91.7,0,1
2025-04-04,11,4,4,B,15,8,7,57.8,0,1
2025-04-04,11,4,4,C,15,10,5,71.1,0,1
2025-04-04,11,4,4,D,15,8,7,54.9,0,1
2025-04-04,12,4,4,A,15,14,1,98.0,0,1
2025-04-04,12,4,4,B,15,11,4,80.0,0,1
2025-04-04,12,4,4,C,15,10,5,69.4,0,1
2025-04-04,12,4,4,D,15,9,6,63.9,0,1
2025-04-04,13,4,4,A,15,11,4,78.3,0,1
2025-04-04,13,4,4,B,15,13,2,88.0,0,1
2025-04-04,13,4,4,C,15,12,3,83.4,0,1
2025-04-04,13,4,4,D,15,9,6,63.1,0,1
2025-04-04,14,4,4,A,15,13,2,93.2,0,1
2025-04-04,14,4,4,B,15,9,6,65.4,0,1
2025-04-04,14,4,4,C,15,8,7,56.6,0,1
2025-04-04,14,4,4,D,15,8,7,56.3,0,1
2025-04-04,15,4,4,A,15,12,3,84.0,0,1
2025-04-04,15,4,4,B,15,10,5,66.8,0,1
2025-04-04,15,4,4,C,15,10,5,67.3,0,1
2025-04-04,15,4,4,D,15,8,7,58.5,0,1
2025-04-04,16,4,4,A,15,10,5,72.5,0,1
2025-04-04,16,4,4,B,15,11,4,74.2,0,1
2025-04-04,16,4,4,C,15,10,5,69.9,0,1
2025-04-04,16,4,4,D,15,8,7,57.4,0,1
2025-04-04,17,4,4,A,15,11,4,78.2,0,1
2025-04-04,17,4,4,B,15,7,8,50.3,0,1
2025-04-04,17,4,4,C,15,8,7,57.7,0,1
2025-04-04,17,4,4,D,15,5,10,38.6,0,1
2025-04-04,18,4,4,A,15,9,6,60.1,0,1
2025-04-04,18,4,4,B,15,8,7,55.0,0,1
2025-04-04,18,4,4,C,15,6,9,46.5,0,1
2025-04-04,18,4,4,D,15,6,9,43.6,0,1
2025-04-04,19,4,4,A,15,10,5,67.3,0,1
2025-04-04,19,4,4,B,15,10,5,66.7,0,1
2025-04-04,19,4,4,C,15,7,8,51.4,0,1
2025-04-04,19,4,4,D,15,5,10,35.3,0,1
2025-04-04,20,4,4,A,15,5,10,37.9,0,1
2025-04-04,20,4,4,B,15,2,13,18.3,0,1
2025-04-04,20,4,4,C,15,3,12,22.0,0,1
2025-04-04,20,4,4,D,15,3,12,23.6,0,1
2025-04-04,21,4,4,A,15,4,11,30.3,0,1
2025-04-04,21,4,4,B,15,5,10,33.8,0,1
2025-04-04,21,4,4,C,15,3,12,26.3,0,1
2025-04-04,21,4,4,D,15,1,14,13.1,0,1
2025-04-05,6,5,4,A,15,4,11,31.5,1,1
2025-04-05,6,5,4,B,15,2,13,13.8,1,1
2025-04-05,6,5,4,C,15,1,14,9.8,1,1
2025-04-05,6,5,4,D,15,2,13,17.5,1,1
2025-04-05,7,5,4,A,15,2,13,16.1,1,1
2025-04-05,7,5,4,B,15,2,13,15.4,1,1
2025-04-05,7,5,4,C,15,4,11,31.0,1,1
2025-04-05,7,5,4,D,15,1,14,7.6,1,1
2025-04-05,8,5,4,A,15,4,11,31.7,1,1
2025-04-05,8,5,4,B,15,4,11,30.7,1,1
2025-04-05,8,5,4,C,15,5,10,35.3,1,1
2025-04-05,8,5,4,D,15,1,14,11.7,1,1
2025-04-05,9,5,4,A,15,2,13,18.5,1,1
2025-04-05,9,5,4,B,15,3,12,25.1,1,1
2025-04-05,9,5,4,C,15,2,13,13.7,1,1
2025-04-05,9,5,4,D,15,3,12,20.4,1,1
2025-04-05,10,5,4,A,15,5,10,38.2,1,1
2025-04-05,10,5,4,B,15,3,12,22.6,1,1
2025-04-05,10,5,4,C,15,2,13,15.4,1,1
2025-04-05,10,5,4,D,15,3,12,24.4,1,1
2025-04-05,11,5,4,A,15,5,10,37.1,1,1
2025-04-05,11,5,4,B,15,1,14,12.7,1,1
2025-04-05,11,5,4,C,15,4,11,30.2,1,1
2025-04-05,11,5,4,D,15,4,11,27.5,1,1
2025-04-05,12,5,4,A,15,5,10,37.8,1,1
2025-04-05,12,5,4,B,15,5,10,36.0,1,1
2025-04-05,12,5,4,C,15,6,9,41.2,1,1
2025-04-05,12,5,4,D,15,2,13,18.2,1,1
2025-04-05,13,5,4,A,15,4,11,31.1,1,1
2025-04-05,13,5,4,B,15,3,12,22.9,1,1
2025-04-05,13,5,4,C,15,3,12,23.6,1,1
2025-04-05,13,5,4,D,15,4,11,33.3,1,1
2025-04-05,14,5,4,A,15,2,13,17.4,1,1
2025-04-05,14,5,4,B,15,2,13,17.6,1,1
2025-04-05,14,5,4,C,15,4,11,33.1,1,1
2025-04-05,14,5,4,D,15,4,11,27.8,1,1
2025-04-05,15,5,4,A,15,3,12,25.3,1,1
2025-04-05,15,5,4,B,15,4,11,31.3,1,1
2025-04-05,15,5,4,C,15,3,12,24.8,1,1
2025-04-05,15,5,4,D,15,4,11,31.6,1,1
2025-04-05,16,5,4,A,15,4,11,28.8,1,1
2025-04-05,16,5,4,B,15,4,11,32.7,1,1
2025-04-05,16,5,4,C,15,6,9,43.2,1,1
2025-04-05,16,5,4,D,15,3,12,24.4,1,1
2025-04-05,17,5,4,A,15,3,12,24.5,1,1
2025-04-05,17,5,4,B,15,4,11,26.8,1,1
2025-04-05,17,5,4,C,15,2,13,16.0,1,1
2025-04-05,17,5,4,D,15,5,10,35.9,1,1
2025-04-05,18,5,4,A,15,3,12,25.6,1,1
2025-04-05,18,5,4,B,15,2,13,18.8,1,1
2025-04-05,18,5,4,C,15,1,14,12.2,1,1
2025-04-05,18,5,4,D,15,3,12,25.6,1,1
2025-04-05,19,5,4,A,15,4,11,31.1,1,1
2025-04-05,19,5,4,B,15,2,13,17.0,1,1
2025-04-05,19,5,4,C,15,3,12,23.5,1,1
2025-04-05,19,5,4,D,15,0,15,5.0,1,1
2025-04-05,20,5,4,A,15,1,14,11.5,1,1
2025-04-05,20,5,4,B,15,1,14,12.4,1,1
2025-04-05,20,5,4,C,15,3,12,21.5,1,1
2025-04-05,20,5,4,D,15,0,15,5.0,1,1
2025-04-05,21,5,4,A,15,0,15,5.0,1,1
2025-04-05,21,5,4,B,15,0,15,5.0,1,1
2025-04-05,21,5,4,C,15,0,15,5.0,1,1
2025-04-05,21,5,4,D,15,2,13,17.7,1,1
2025-04-06,6,6,4,A,15,3,12,26.5,1,1
2025-04-06,6,6,4,B,15,2,13,14.8,1,1
2025-04-06,6,6,4,C,15,3,12,20.8,1,1
2025-04-06,6,6,4,D,15,1,14,10.9,1,1
2025-04-06,7,6,4,A,15,1,14,13.3,1,1
2025-04-06,7,6,4,B,15,1,14,9.6,1,1
2025-04-06,7,6,4,C,15,1,14,8.5,1,1
2025-04-06,7,6,4,D,15,0,15,5.0,1,1
2025-04-06,8,6,4,A,15,5,10,36.3,1,1
2025-04-06,8,6,4,B,15,4,11,29.4,1,1
2025-04-06,8,6,4,C,15,4,11,32.7,1,1
2025-04-06,8,6,4,D,15,3,12,24.5,1,1
2025-04-06,9,6,4,A,15,4,11,32.9,1,1
2025-04-06,9,6,4,B,15,3,12,22.8,1,1
2025-04-06,9,6,4,C,15,4,11,27.4,1,1
2025-04-06,9,6,4,D,15,4,11,29.7,1,1
2025-04-06,10,6,4,A,15,3,12,25.1,1,1
2025-04-06,10,6,4,B,15,4,11,30.4,1,1
2025-04-06,10,6,4,C,15,4,11,28.6,1,1
2025-04-06,10,6,4,D,15,2,13,18.1,1,1
2025-04-06,11,6,4,A,15,3,12,25.5,1,1
2025-04-06,11,6,4,B,15,4,11,28.1,1,1
2025-04-06,11,6,4,C,15,2,13,14.6,1,1
2025-04-06,11,6,4,D,15,3,12,23.8,1,1
2025-04-06,12,6,4,A,15,3,12,23.0,1,1
2025-04-06,12,6,4,B,15,5,10,34.8,1,1
2025-04-06,12,6,4,C,15,6,9,42.3,1,1
2025-04-06,12,6,4,D,15,2,13,14.1,1,1
2025-04-06,13,6,4,A,15,5,10,34.5,1,1
2025-04-06,13,6,4,B,15,3,12,20.4,1,1
2025-04-06,13,6,4,C,15,4,11,32.0,1,1
2025-04-06,13,6,4,D,15,1,14,10.9,1,1
2025-04-06,14,6,4,A,15,4,11,32.0,1,1
2025-04-06,14,6,4,B,15,2,13,17.5,1,1
2025-04-06,14,6,4,C,15,3,12,20.4,1,1
2025-04-06,14,6,4,D,15,1,14,11.4,1,1
2025-04-06,15,6,4,A,15,5,10,34.8,1,1
2025-04-06,15,6,4,B,15,2,13,17.8,1,1
2025-04-06,15,6,4,C,15,3,12,26.5,1,1
2025-04-06,15,6,4,D,15,2,13,16.8,1,1
2025-04-06,16,6,4,A,15,4,11,27.3,1,1
2025-04-06,16,6,4,B,15,3,12,25.7,1,1
2025-04-06,16,6,4,C,15,2,13,16.0,1,1
2025-04-06,16,6,4,D,15,3,12,21.3,1,1
2025-04-06,17,6,4,A,15,5,10,36.4,1,1
2025-04-06,17,6,4,B,15,2,13,14.8,1,1
2025-04-06,17,6,4,C,15,4,11,28.3,1,1
2025-04-06,17,6,4,D,15,4,11,28.8,1,1
2025-04-06,18,6,4,A,15,2,13,17.6,1,1
2025-04-06,18,6,4,B,15,1,14,9.4,1,1
2025-04-06,18,6,4,C,15,3,12,21.3,1,1
2025-04-06,18,6,4,D,15,1,14,12.4,1,1
2025-04-06,19,6,4,A,15,5,10,39.1,1,1
2025-04-06,19,6,4,B,15,3,12,21.3,1,1
2025-04-06,19,6,4,C,15,1,14,12.5,1,1
2025-04-06,19,6,4,D,15,1,14,7.6,1,1
2025-04-06,20,6,4,A,15,2,13,18.8,1,1
2025-04-06,20,6,4,B,15,0,15,5.0,1,1
2025-04-06,20,6,4,C,15,1,14,8.2,1,1
2025-04-06,20,6,4,D,15,2,13,14.6,1,1
2025-04-06,21,6,4,A,15,0,15,6.2,1,1
2025-04-06,21,6,4,B,15,1,14,8.4,1,1
2025-04-06,21,6,4,C,15,1,14,7.7,1,1
2025-04-06,21,6,4,D,15,1,14,12.5,1,1
2025-04-07,6,0,4,A,15,6,9,45.0,0,1
2025-04-07,6,0,4,B,15,4,11,33.2,0,1
2025-04-07,6,0,4,C,15,4,11,32.0,0,1
2025-04-07,6,0,4,D,15,3,12,25.0,0,1
2025-04-07,7,0,4,A,15,4,11,28.4,0,1
2025-04-07,7,0,4,B,15,5,10,37.1,0,1
2025-04-07,7,0,4,C,15,6,9,46.6,0,1
2025-04-07,7,0,4,D,15,3,12,20.9,0,1
2025-04-07,8,0,4,A,15,13,2,91.6,0,1
2025-04-07,8,0,4,B,15,11,4,78.0,0,1
2025-04-07,8,0,4,C,15,12,3,82.3,0,1
2025-04-07,8,0,4,D,15,10,5,71.6,0,1
2025-04-07,9,0,4,A,15,14,1,96.5,0,1
2025-04-07,9,0,4,B,15,11,4,77.7,0,1
2025-04-07,9,0,4,C,15,11,4,77.2,0,1
2025-04-07,9,0,4,D,15,8,7,55.5,0,1
2025-04-07,10,0,4,A,15,14,1,98.0,0,1
2025-04-07,10,0,4,B,15,13,2,92.0,0,1
2025-04-07,10,0,4,C,15,9,6,66.5,0,1
2025-04-07,10,0,4,D,15,8,7,55.7,0,1
2025-04-07,11,0,4,A,15,14,1,98.0,0,1
2025-04-07,11,0,4,B,15,10,5,70.1,0,1
2025-04-07,11,0,4,C,15,11,4,76.6,0,1
2025-04-07,11,0,4,D,15,8,7,58.8,0,1
2025-04-07,12,0,4,A,15,12,3,85.0,0,1
2025-04-07,12,0,4,B,15,11,4,78.5,0,1
2025-04-07,12,0,4,C,15,9,6,60.4,0,1
2025-04-07,12,0,4,D,15,9,6,61.1,0,1
2025-04-07,13,0,4,A,15,12,3,83.2,0,1
2025-04-07,13,0,4,B,15,9,6,64.4,0,1
2025-04-07,13,0,4,C,15,10,5,70.2,0,1
2025-04-07,13,0,4,D,15,8,7,57.9,0,1
2025-04-07,14,0,4,A,15,11,4,79.2,0,1
2025-04-07,14,0,4,B,15,9,6,60.3,0,1
2025-04-07,14,0,4,C,15,11,4,75.7,0,1
2025-04-07,14,0,4,D,15,9,6,63.0,0,1
2025-04-07,15,0,4,A,15,13,2,88.2,0,1
2025-04-07,15,0,4,B,15,10,5,67.6,0,1
2025-04-07,15,0,4,C,15,7,8,49.2,0,1
2025-04-07,15,0,4,D,15,10,5,71.6,0,1
2025-04-07,16,0,4,A,15,12,3,80.0,0,1
2025-04-07,16,0,4,B,15,9,6,64.0,0,1
2025-04-07,16,0,4,C,15,9,6,66.3,0,1
2025-04-07,16,0,4,D,15,9,6,65.3,0,1
2025-04-07,17,0,4,A,15,10,5,68.8,0,1
2025-04-07,17,0,4,B,15,10,5,70.2,0,1
2025-04-07,17,0,4,C,15,9,6,62.7,0,1
2025-04-07,17,0,4,D,15,5,10,39.4,0,1
2025-04-07,18,0,4,A,15,9,6,63.6,0,1
2025-04-07,18,0,4,B,15,10,5,67.7,0,1
2025-04-07,18,0,4,C,15,4,11,32.3,0,1
2025-04-07,18,0,4,D,15,7,8,46.8,0,1
2025-04-07,19,0,4,A,15,8,7,57.6,0,1
2025-04-07,19,0,4,B,15,8,7,56.2,0,1
2025-04-07,19,0,4,C,15,7,8,51.6,0,1
2025-04-07,19,0,4,D,15,6,9,45.1,0,1
2025-04-07,20,0,4,A,15,3,12,24.3,0,1
2025-04-07,20,0,4,B,15,2,13,16.2,0,1
2025-04-07,20,0,4,C,15,6,9,40.8,0,1
2025-04-07,20,0,4,D,15,5,10,34.9,0,1
2025-04-07,21,0,4,A,15,2,13,19.5,0,1
2025-04-07,21,0,4,B,15,5,10,37.7,0,1
2025-04-07,21,0,4,C,15,2,13,19.3,0,1
2025-04-07,21,0,4,D,15,3,12,21.0,0,1
2025-04-08,6,1,4,A,15,5,10,39.7,0,1
2025-04-08,6,1,4,B,15,4,11,29.7,0,1
2025-04-08,6,1,4,C,15,5,10,39.4,0,1
2025-04-08,6,1,4,D,15,4,11,29.0,0,1
2025-04-08,7,1,4,A,15,5,10,36.4,0,1
2025-04-08,7,1,4,B,15,3,12,24.6,0,1
2025-04-08,7,1,4,C,15,3,12,24.4,0,1
2025-04-08,7,1,4,D,15,2,13,14.9,0,1
2025-04-08,8,1,4,A,15,14,1,97.8,0,1
2025-04-08,8,1,4,B,15,11,4,75.4,0,1
2025-04-08,8,1,4,C,15,11,4,74.4,0,1
2025-04-08,8,1,4,D,15,11,4,79.0,0,1
2025-04-08,9,1,4,A,15,14,1,98.0,0,1
2025-04-08,9,1,4,B,15,12,3,84.7,0,1
2025-04-08,9,1,4,C,15,11,4,75.8,0,1
2025-04-08,9,1,4,D,15,12,3,83.0,0,1
2025-04-08,10,1,4,A,15,14,1,98.0,0,1
2025-04-08,10,1,4,B,15,12,3,82.4,0,1
2025-04-08,10,1,4,C,15,9,6,65.1,0,1
2025-04-08,10,1,4,D,15,10,5,71.2,0,1
2025-04-08,11,1,4,A,15,13,2,92.9,0,1
2025-04-08,11,1,4,B,15,10,5,69.9,0,1
2025-04-08,11,1,4,C,15,10,5,69.8,0,1
2025-04-08,11,1,4,D,15,8,7,57.1,0,1
2025-04-08,12,1,4,A,15,12,3,84.8,0,1
2025-04-08,12,1,4,B,15,8,7,55.1,0,1
2025-04-08,12,1,4,C,15,9,6,65.7,0,1
2025-04-08,12,1,4,D,15,10,5,67.8,0,1
2025-04-08,13,1,4,A,15,12,3,81.2,0,1
2025-04-08,13,1,4,B,15,11,4,75.4,0,1
2025-04-08,13,1,4,C,15,9,6,61.5,0,1
2025-04-08,13,1,4,D,15,9,6,62.9,0,1
2025-04-08,14,1,4,A,15,11,4,78.8,0,1
2025-04-08,14,1,4,B,15,9,6,62.5,0,1
2025-04-08,14,1,4,C,15,11,4,73.7,0,1
2025-04-08,14,1,4,D,15,9,6,63.4,0,1
2025-04-08,15,1,4,A,15,11,4,75.7,0,1
2025-04-08,15,1,4,B,15,11,4,74.0,0,1
2025-04-08,15,1,4,C,15,10,5,67.3,0,1
2025-04-08,15,1,4,D,15,9,6,61.1,0,1
2025-04-08,16,1,4,A,15,10,5,66.9,0,1
2025-04-08,16,1,4,B,15,11,4,78.1,0,1
2025-04-08,16,1,4,C,15,8,7,58.4,0,1
2025-04-08,16,1,4,D,15,7,8,53.1,0,1
2025-04-08,17,1,4,A,15,13,2,90.1,0,1
2025-04-08,17,1,4,B,15,9,6,62.4,0,1
2025-04-08,17,1,4,C,15,7,8,50.9,0,1
2025-04-08,17,1,4,D,15,4,11,30.4,0,1
2025-04-08,18,1,4,A,15,12,3,80.1,0,1
2025-04-08,18,1,4,B,15,7,8,49.2,0,1
2025-04-08,18,1,4,C,15,6,9,46.0,0,1
2025-04-08,18,1,4,D,15,6,9,45.3,0,1
2025-04-08,19,1,4,A,15,12,3,80.3,0,1
2025-04-08,19,1,4,B,15,9,6,66.2,0,1
2025-04-08,19,1,4,C,15,7,8,52.7,0,1
2025-04-08,19,1,4,D,15,7,8,50.5,0,1
2025-04-08,20,1,4,A,15,3,12,23.9,0,1
2025-04-08,20,1,4,B,15,3,12,26.1,0,1
2025-04-08,20,1,4,C,15,3,12,23.1,0,1
2025-04-08,20,1,4,D,15,4,11,27.8,0,1
2025-04-08,21,1,4,A,15,5,10,36.5,0,1
2025-04-08,21,1,4,B,15,4,11,29.0,0,1
2025-04-08,21,1,4,C,15,2,13,19.6,0,1
2025-04-08,21,1,4,D,15,3,12,25.9,0,1
2025-04-09,6,2,4,A,15,5,10,39.5,0,1
2025-04-09,6,2,4,B,15,3,12,26.3,0,1
2025-04-09,6,2,4,C,15,4,11,28.3,0,1
2025-04-09,6,2,4,D,15,4,11,28.7,0,1
2025-04-09,7,2,4,A,15,7,8,47.5,0,1
2025-04-09,7,2,4,B,15,5,10,33.5,0,1
2025-04-09,7,2,4,C,15,3,12,21.8,0,1
2025-04-09,7,2,4,D,15,4,11,28.5,0,1
2025-04-09,8,2,4,A,15,14,1,98.0,0,1
2025-04-09,8,2,4,B,15,12,3,86.5,0,1
2025-04-09,8,2,4,C,15,12,3,83.9,0,1
2025-04-09,8,2,4,D,15,11,4,76.2,0,1
2025-04-09,9,2,4,A,15,13,2,93.0,0,1
2025-04-09,9,2,4,B,15,12,3,80.1,0,1
2025-04-09,9,2,4,C,15,10,5,68.2,0,1
2025-04-09,9,2,4,D,15,11,4,73.6,0,1
2025-04-09,10,2,4,A,15,14,1,98.0,0,1
2025-04-09,10,2,4,B,15,12,3,82.5,0,1
2025-04-09,10,2,4,C,15,11,4,74.6,0,1
2025-04-09,10,2,4,D,15,11,4,79.7,0,1
2025-04-09,11,2,4,A,15,13,2,90.3,0,1
2025-04-09,11,2,4,B,15,11,4,78.5,0,1
2025-04-09,11,2,4,C,15,8,7,58.0,0,1
2025-04-09,11,2,4,D,15,9,6,65.4,0,1
2025-04-09,12,2,4,A,15,11,4,78.8,0,1
2025-04-09,12,2,4,B,15,9,6,65.9,0,1
2025-04-09,12,2,4,C,15,9,6,64.7,0,1
2025-04-09,12,2,4,D,15,8,7,55.3,0,1
2025-04-09,13,2,4,A,15,12,3,84.5,0,1
2025-04-09,13,2,4,B,15,9,6,63.5,0,1
2025-04-09,13,2,4,C,15,11,4,75.2,0,1
2025-04-09,13,2,4,D,15,10,5,69.0,0,1
2025-04-09,14,2,4,A,15,9,6,64.9,0,1
2025-04-09,14,2,4,B,15,11,4,77.8,0,1
2025-04-09,14,2,4,C,15,8,7,56.5,0,1
2025-04-09,14,2,4,D,15,9,6,62.9,0,1
2025-04-09,15,2,4,A,15,11,4,80.0,0,1
2025-04-09,15,2,4,B,15,10,5,70.2,0,1
2025-04-09,15,2,4,C,15,9,6,61.5,0,1
2025-04-09,15,2,4,D,15,9,6,65.7,0,1
2025-04-09,16,2,4,A,15,10,5,70.6,0,1
2025-04-09,16,2,4,B,15,11,4,74.9,0,1
2025-04-09,16,2,4,C,15,10,5,71.8,0,1
2025-04-09,16,2,4,D,15,9,6,61.7,0,1
2025-04-09,17,2,4,A,15,13,2,87.6,0,1
2025-04-09,17,2,4,B,15,8,7,55.8,0,1
2025-04-09,17,2,4,C,15,9,6,61.7,0,1
2025-04-09,17,2,4,D,15,7,8,47.2,0,1
2025-04-09,18,2,4,A,15,11,4,78.9,0,1
2025-04-09,18,2,4,B,15,8,7,59.9,0,1
2025-04-09,18,2,4,C,15,7,8,50.9,0,1
2025-04-09,18,2,4,D,15,8,7,58.4,0,1
2025-04-09,19,2,4,A,15,9,6,65.1,0,1
2025-04-09,19,2,4,B,15,7,8,48.7,0,1
2025-04-09,19,2,4,C,15,7,8,49.9,0,1
2025-04-09,19,2,4,D,15,7,8,53.0,0,1
2025-04-09,20,2,4,A,15,5,10,39.9,0,1
2025-04-09,20,2,4,B,15,3,12,25.9,0,1
2025-04-09,20,2,4,C,15,4,11,33.0,0,1
2025-04-09,20,2,4,D,15,1,14,9.1,0,1
2025-04-09,21,2,4,A,15,3,12,25.2,0,1
2025-04-09,21,2,4,B,15,3,12,22.7,0,1
2025-04-09,21,2,4,C,15,3,12,21.6,0,1
2025-04-09,21,2,4,D,15,3,12,20.7,0,1
2025-04-10,6,3,4,A,15,6,9,45.8,0,1
2025-04-10,6,3,4,B,15,4,11,31.4,0,1
2025-04-10,6,3,4,C,15,4,11,32.6,0,1
2025-04-10,6,3,4,D,15,4,11,27.6,0,1
2025-04-10,7,3,4,A,15,4,11,32.8,0,1
2025-04-10,7,3,4,B,15,5,10,34.1,0,1
2025-04-10,7,3,4,C,15,4,11,30.4,0,1
2025-04-10,7,3,4,D,15,4,11,26.7,0,1
2025-04-10,8,3,4,A,15,14,1,98.0,0,1
2025-04-10,8,3,4,B,15,12,3,85.6,0,1
2025-04-10,8,3,4,C,15,10,5,73.0,0,1
2025-04-10,8,3,4,D,15,11,4,78.2,0,1
2025-04-10,9,3,4,A,15,13,2,88.4,0,1
2025-04-10,9,3,4,B,15,11,4,79.2,0,1
2025-04-10,9,3,4,C,15,14,1,98.0,0,1
2025-04-10,9,3,4,D,15,8,7,59.7,0,1
2025-04-10,10,3,4,A,15,13,2,86.9,0,1
2025-04-10,10,3,4,B,15,13,2,90.9,0,1
2025-04-10,10,3,4,C,15,8,7,59.9,0,1
2025-04-10,10,3,4,D,15,9,6,66.1,0,1
2025-04-10,11,3,4,A,15,14,1,98.0,0,1
2025-04-10,11,3,4,B,15,9,6,62.6,0,1
2025-04-10,11,3,4,C,15,7,8,51.6,0,1
2025-04-10,11,3,4,D,15,7,8,48.0,0,1
2025-04-10,12,3,4,A,15,14,1,93.4,0,1
2025-04-10,12,3,4,B,15,12,3,84.0,0,1
2025-04-10,12,3,4,C,15,9,6,63.4,0,1
2025-04-10,12,3,4,D,15,9,6,65.5,0,1
2025-04-10,13,3,4,A,15,14,1,97.4,0,1
2025-04-10,13,3,4,B,15,13,2,89.3,0,1
2025-04-10,13,3,4,C,15,9,6,65.5,0,1
2025-04-10,13,3,4,D,15,6,9,41.6,0,1
2025-04-10,14,3,4,A,15,11,4,73.9,0,1
2025-04-10,14,3,4,B,15,9,6,66.6,0,1
2025-04-10,14,3,4,C,15,9,6,60.9,0,1
2025-04-10,14,3,4,D,15,8,7,54.5,0,1
2025-04-10,15,3,4,A,15,13,2,89.5,0,1
2025-04-10,15,3,4,B,15,12,3,80.2,0,1
2025-04-10,15,3,4,C,15,9,6,61.6,0,1
2025-04-10,15,3,4,D,15,9,6,64.8,0,1
2025-04-10,16,3,4,A,15,12,3,83.4,0,1
2025-04-10,16,3,4,B,15,10,5,70.5,0,1
2025-04-10,16,3,4,C,15,10,5,70.3,0,1
2025-04-10,16,3,4,D,15,8,7,56.6,0,1
2025-04-10,17,3,4,A,15,12,3,85.5,0,1
2025-04-10,17,3,4,B,15,7,8,48.5,0,1
2025-04-10,17,3,4,C,15,7,8,49.9,0,1
2025-04-10,17,3,4,D,15,7,8,47.0,0,1
2025-04-10,18,3,4,A,15,10,5,72.5,0,1
2025-04-10,18,3,4,B,15,10,5,70.1,0,1
2025-04-10,18,3,4,C,15,8,7,53.8,0,1
2025-04-10,18,3,4,D,15,5,10,36.6,0,1
2025-04-10,19,3,4,A,15,11,4,75.7,0,1
2025-04-10,19,3,4,B,15,9,6,66.0,0,1
2025-04-10,19,3,4,C,15,5,10,38.5,0,1
2025-04-10,19,3,4,D,15,7,8,48.0,0,1
2025-04-10,20,3,4,A,15,2,13,16.0,0,1
2025-04-10,20,3,4,B,15,2,13,19.7,0,1
2025-04-10,20,3,4,C,15,2,13,15.3,0,1
2025-04-10,20,3,4,D,15,3,12,26.5,0,1
2025-04-10,21,3,4,A,15,4,11,29.7,0,1
2025-04-10,21,3,4,B,15,2,13,14.7,0,1
2025-04-10,21,3,4,C,15,4,11,29.5,0,1
2025-04-10,21,3,4,D,15,1,14,8.5,0,1
2025-04-11,6,4,4,A,15,6,9,42.9,0,1
2025-04-11,6,4,4,B,15,4,11,28.5,0,1
2025-04-11,6,4,4,C,15,4,11,28.6,0,1
2025-04-11,6,4,4,D,15,4,11,32.0,0,1
2025-04-11,7,4,4,A,15,6,9,44.4,0,1
2025-04-11,7,4,4,B,15,6,9,45.7,0,1
2025-04-11,7,4,4,C,15,4,11,30.8,0,1
2025-04-11,7,4,4,D,15,4,11,30.5,0,1
2025-04-11,8,4,4,A,15,14,1,94.2,0,1
2025-04-11,8,4,4,B,15,12,3,86.5,0,1
2025-04-11,8,4,4,C,15,12,3,80.0,0,1
2025-04-11,8,4,4,D,15,10,5,67.2,0,1
2025-04-11,9,4,4,A,15,12,3,83.3,0,1
2025-04-11,9,4,4,B,15,13,2,87.7,0,1
2025-04-11,9,4,4,C,15,11,4,79.4,0,1
2025-04-11,9,4,4,D,15,9,6,62.6,0,1
2025-04-11,10,4,4,A,15,13,2,87.5,0,1
2025-04-11,10,4,4,B,15,14,1,96.8,0,1
2025-04-11,10,4,4,C,15,12,3,80.4,0,1
2025-04-11,10,4,4,D,15,9,6,66.2,0,1
2025-04-11,11,4,4,A,15,11,4,77.2,0,1
2025-04-11,11,4,4,B,15,10,5,68.4,0,1
2025-04-11,11,4,4,C,15,11,4,77.9,0,1
2025-04-11,11,4,4,D,15,9,6,61.1,0,1
2025-04-11,12,4,4,A,15,12,3,81.8,0,1
2025-04-11,12,4,4,B,15,11,4,79.1,0,1
2025-04-11,12,4,4,C,15,9,6,61.0,0,1
2025-04-11,12,4,4,D,15,10,5,72.0,0,1
2025-04-11,13,4,4,A,15,14,1,97.1,0,1
2025-04-11,13,4,4,B,15,10,5,71.3,0,1
2025-04-11,13,4,4,C,15,9,6,62.5,0,1
2025-04-11,13,4,4,D,15,5,10,39.1,0,1
2025-04-11,14,4,4,A,15,10,5,68.6,0,1
2025-04-11,14,4,4,B,15,8,7,59.3,0,1
2025-04-11,14,4,4,C,15,9,6,64.1,0,1
2025-04-11,14,4,4,D,15,8,7,53.4,0,1
2025-04-11,15,4,4,A,15,10,5,69.7,0,1
2025-04-11,15,4,4,B,15,10,5,67.8,0,1
2025-04-11,15,4,4,C,15,10,5,67.0,0,1
2025-04-11,15,4,4,D,15,9,6,60.2,0,1
2025-04-11,16,4,4,A,15,9,6,65.3,0,1
2025-04-11,16,4,4,B,15,10,5,69.0,0,1
2025-04-11,16,4,4,C,15,7,8,51.9,0,1
2025-04-11,16,4,4,D,15,9,6,63.2,0,1
2025-04-11,17,4,4,A,15,11,4,75.3,0,1
2025-04-11,17,4,4,B,15,7,8,52.8,0,1
2025-04-11,17,4,4,C,15,7,8,47.9,0,1
2025-04-11,17,4,4,D,15,6,9,44.3,0,1
2025-04-11,18,4,4,A,15,7,8,51.0,0,1
2025-04-11,18,4,4,B,15,9,6,62.7,0,1
2025-04-11,18,4,4,C,15,7,8,51.8,0,1
2025-04-11,18,4,4,D,15,8,7,55.8,0,1
2025-04-11,19,4,4,A,15,9,6,60.2,0,1
2025-04-11,19,4,4,B,15,8,7,55.0,0,1
2025-04-11,19,4,4,C,15,6,9,41.9,0,1
2025-04-11,19,4,4,D,15,5,10,40.0,0,1
2025-04-11,20,4,4,A,15,2,13,19.3,0,1
2025-04-11,20,4,4,B,15,4,11,33.0,0,1
2025-04-11,20,4,4,C,15,2,13,16.9,0,1
2025-04-11,20,4,4,D,15,3,12,21.0,0,1
2025-04-11,21,4,4,A,15,3,12,25.7,0,1
2025-04-11,21,4,4,B,15,2,13,14.8,0,1
2025-04-11,21,4,4,C,15,3,12,21.2,0,1
2025-04-11,21,4,4,D,15,3,12,24.8,0,1
2025-04-12,6,5,4,A,15,0,15,5.0,1,1
2025-04-12,6,5,4,B,15,2,13,18.7,1,1
2025-04-12,6,5,4,C,15,0,15,5.0,1,1
2025-04-12,6,5,4,D,15,0,15,5.9,1,1
2025-04-12,7,5,4,A,15,2,13,18.3,1,1
2025-04-12,7,5,4,B,15,1,14,6.9,1,1
2025-04-12,7,5,4,C,15,1,14,11.3,1,1
2025-04-12,7,5,4,D,15,1,14,7.3,1,1
2025-04-12,8,5,4,A,15,5,10,35.2,1,1
2025-04-12,8,5,4,B,15,1,14,10.7,1,1
2025-04-12,8,5,4,C,15,1,14,12.1,1,1
2025-04-12,8,5,4,D,15,4,11,28.7,1,1
2025-04-12,9,5,4,A,15,6,9,42.5,1,1
2025-04-12,9,5,4,B,15,3,12,22.5,1,1
2025-04-12,9,5,4,C,15,3,12,24.8,1,1
2025-04-12,9,5,4,D,15,3,12,26.2,1,1
2025-04-12,10,5,4,A,15,5,10,39.8,1,1
2025-04-12,10,5,4,B,15,2,13,13.5,1,1
2025-04-12,10,5,4,C,15,2,13,19.7,1,1
2025-04-12,10,5,4,D,15,3,12,21.1,1,1
2025-04-12,11,5,4,A,15,5,10,35.8,1,1
2025-04-12,11,5,4,B,15,6,9,46.2,1,1
2025-04-12,11,5,4,C,15,3,12,21.8,1,1
2025-04-12,11,5,4,D,15,1,14,9.7,1,1
2025-04-12,12,5,4,A,15,5,10,33.4,1,1
2025-04-12,12,5,4,B,15,5,10,36.8,1,1
2025-04-12,12,5,4,C,15,3,12,24.5,1,1
2025-04-12,12,5,4,D,15,2,13,13.7,1,1
2025-04-12,13,5,4,A,15,5,10,37.9,1,1
2025-04-12,13,5,4,B,15,4,11,31.6,1,1
2025-04-12,13,5,4,C,15,2,13,15.4,1,1
2025-04-12,13,5,4,D,15,3,12,24.1,1,1
2025-04-12,14,5,4,A,15,5,10,36.2,1,1
2025-04-12,14,5,4,B,15,5,10,34.0,1,1
2025-04-12,14,5,4,C,15,3,12,21.5,1,1
2025-04-12,14,5,4,D,15,2,13,16.7,1,1
2025-04-12,15,5,4,A,15,5,10,38.0,1,1
2025-04-12,15,5,4,B,15,2,13,14.8,1,1
2025-04-12,15,5,4,C,15,3,12,25.6,1,1
2025-04-12,15,5,4,D,15,1,14,8.6,1,1
2025-04-12,16,5,4,A,15,5,10,36.7,1,1
2025-04-12,16,5,4,B,15,3,12,22.4,1,1
2025-04-12,16,5,4,C,15,4,11,32.2,1,1
2025-04-12,16,5,4,D,15,3,12,23.5,1,1
2025-04-12,17,5,4,A,15,2,13,14.4,1,1
2025-04-12,17,5,4,B,15,4,11,32.4,1,1
2025-04-12,17,5,4,C,15,4,11,31.3,1,1
2025-04-12,17,5,4,D,15,3,12,23.9,1,1
2025-04-12,18,5,4,A,15,2,13,18.1,1,1
2025-04-12,18,5,4,B,15,2,13,18.6,1,1
2025-04-12,18,5,4,C,15,3,12,20.1,1,1
2025-04-12,18,5,4,D,15,1,14,11.2,1,1
2025-04-12,19,5,4,A,15,5,10,37.7,1,1
2025-04-12,19,5,4,B,15,3,12,22.2,1,1
2025-04-12,19,5,4,C,15,0,15,5.0,1,1
2025-04-12,19,5,4,D,15,2,13,19.5,1,1
2025-04-12,20,5,4,A,15,1,14,7.3,1,1
2025-04-12,20,5,4,B,15,1,14,8.2,1,1
2025-04-12,20,5,4,C,15,0,15,5.0,1,1
2025-04-12,20,5,4,D,15,2,13,13.5,1,1
2025-04-12,21,5,4,A,15,2,13,19.0,1,1
2025-04-12,21,5,4,B,15,1,14,11.0,1,1
2025-04-12,21,5,4,C,15,0,15,5.2,1,1
2025-04-12,21,5,4,D,15,1,14,6.7,1,1
2025-04-13,6,6,4,A,15,2,13,14.2,1,1
2025-04-13,6,6,4,B,15,0,15,5.8,1,1
2025-04-13,6,6,4,C,15,2,13,15.7,1,1
2025-04-13,6,6,4,D,15,2,13,13.5,1,1
2025-04-13,7,6,4,A,15,3,12,26.4,1,1
2025-04-13,7,6,4,B,15,3,12,22.3,1,1
2025-04-13,7,6,4,C,15,0,15,5.5,1,1
2025-04-13,7,6,4,D,15,2,13,16.4,1,1
2025-04-13,8,6,4,A,15,3,12,26.6,1,1
2025-04-13,8,6,4,B,15,5,10,35.3,1,1
2025-04-13,8,6,4,C,15,3,12,22.6,1,1
2025-04-13,8,6,4,D,15,2,13,15.6,1,1
2025-04-13,9,6,4,A,15,5,10,36.5,1,1
2025-04-13,9,6,4,B,15,1,14,8.4,1,1
2025-04-13,9,6,4,C,15,1,14,12.8,1,1
2025-04-13,9,6,4,D,15,3,12,22.4,1,1
2025-04-13,10,6,4,A,15,5,10,34.9,1,1
2025-04-13,10,6,4,B,15,4,11,26.8,1,1
2025-04-13,10,6,4,C,15,2,13,14.1,1,1
2025-04-13,10,6,4,D,15,2,13,17.3,1,1
2025-04-13,11,6,4,A,15,4,11,33.3,1,1
2025-04-13,11,6,4,B,15,4,11,30.9,1,1
2025-04-13,11,6,4,C,15,3,12,23.5,1,1
2025-04-13,11,6,4,D,15,4,11,30.3,1,1
2025-04-13,12,6,4,A,15,5,10,33.4,1,1
2025-04-13,12,6,4,B,15,3,12,20.3,1,1
2025-04-13,12,6,4,C,15,3,12,21.4,1,1
2025-04-13,12,6,4,D,15,1,14,9.8,1,1
2025-04-13,13,6,4,A,15,4,11,29.3,1,1
2025-04-13,13,6,4,B,15,5,10,35.1,1,1
2025-04-13,13,6,4,C,15,4,11,29.1,1,1
2025-04-13,13,6,4,D,15,4,11,32.2,1,1
2025-04-13,14,6,4,A,15,3,12,25.8,1,1
2025-04-13,14,6,4,B,15,5,10,35.3,1,1
2025-04-13,14,6,4,C,15,3,12,20.5,1,1
2025-04-13,14,6,4,D,15,4,11,31.4,1,1
2025-04-13,15,6,4,A,15,4,11,28.0,1,1
2025-04-13,15,6,4,B,15,4,11,30.2,1,1
2025-04-13,15,6,4,C,15,5,10,33.9,1,1
2025-04-13,15,6,4,D,15,2,13,18.1,1,1
2025-04-13,16,6,4,A,15,4,11,29.9,1,1
2025-04-13,16,6,4,B,15,5,10,34.8,1,1
2025-04-13,16,6,4,C,15,3,12,21.0,1,1
2025-04-13,16,6,4,D,15,1,14,9.0,1,1
2025-04-13,17,6,4,A,15,6,9,41.3,1,1
2025-04-13,17,6,4,B,15,2,13,17.2,1,1
2025-04-13,17,6,4,C,15,3,12,20.2,1,1
2025-04-13,17,6,4,D,15,3,12,26.0,1,1
2025-04-13,18,6,4,A,15,2,13,19.3,1,1
2025-04-13,18,6,4,B,15,1,14,12.9,1,1
2025-04-13,18,6,4,C,15,3,12,20.9,1,1
2025-04-13,18,6,4,D,15,0,15,5.0,1,1
2025-04-13,19,6,4,A,15,3,12,21.8,1,1
2025-04-13,19,6,4,B,15,3,12,23.0,1,1
2025-04-13,19,6,4,C,15,2,13,16.7,1,1
2025-04-13,19,6,4,D,15,0,15,5.0,1,1
2025-04-13,20,6,4,A,15,3,12,22.8,1,1
2025-04-13,20,6,4,B,15,1,14,9.6,1,1
2025-04-13,20,6,4,C,15,2,13,19.3,1,1
2025-04-13,20,6,4,D,15,0,15,5.0,1,1
2025-04-13,21,6,4,A,15,0,15,5.0,1,1
2025-04-13,21,6,4,B,15,1,14,10.9,1,1
2025-04-13,21,6,4,C,15,0,15,6.1,1,1
2025-04-13,21,6,4,D,15,0,15,5.0,1,1
2025-04-14,6,0,4,A,15,7,8,52.0,0,1
2025-04-14,6,0,4,B,15,4,11,30.0,0,1
2025-04-14,6,0,4,C,15,2,13,16.8,0,1
2025-04-14,6,0,4,D,15,5,10,38.6,0,1
2025-04-14,7,0,4,A,15,5,10,36.2,0,1
2025-04-14,7,0,4,B,15,4,11,30.1,0,1
2025-04-14,7,0,4,C,15,2,13,17.4,0,1
2025-04-14,7,0,4,D,15,6,9,41.9,0,1
2025-04-14,8,0,4,A,15,13,2,87.4,0,1
2025-04-14,8,0,4,B,15,12,3,85.5,0,1
2025-04-14,8,0,4,C,15,12,3,83.8,0,1
2025-04-14,8,0,4,D,15,10,5,71.4,0,1
2025-04-14,9,0,4,A,15,14,1,97.3,0,1
2025-04-14,9,0,4,B,15,10,5,71.4,0,1
2025-04-14,9,0,4,C,15,10,5,70.0,0,1
2025-04-14,9,0,4,D,15,10,5,69.5,0,1
2025-04-14,10,0,4,A,15,13,2,91.5,0,1
2025-04-14,10,0,4,B,15,12,3,86.6,0,1
2025-04-14,10,0,4,C,15,12,3,82.0,0,1
2025-04-14,10,0,4,D,15,11,4,75.7,0,1
2025-04-14,11,0,4,A,15,11,4,76.4,0,1
2025-04-14,11,0,4,B,15,13,2,92.6,0,1
2025-04-14,11,0,4,C,15,11,4,73.6,0,1
2025-04-14,11,0,4,D,15,8,7,60.0,0,1
2025-04-14,12,0,4,A,15,14,1,95.0,0,1
2025-04-14,12,0,4,B,15,14,1,93.9,0,1
2025-04-14,12,0,4,C,15,8,7,56.0,0,1
2025-04-14,12,0,4,D,15,8,7,58.2,0,1
2025-04-14,13,0,4,A,15,10,5,67.2,0,1
2025-04-14,13,0,4,B,15,11,4,76.5,0,1
2025-04-14,13,0,4,C,15,10,5,70.4,0,1
2025-04-14,13,0,4,D,15,8,7,59.7,0,1
2025-04-14,14,0,4,A,15,11,4,75.3,0,1
2025-04-14,14,0,4,B,15,8,7,53.6,0,1
2025-04-14,14,0,4,C,15,9,6,66.0,0,1
2025-04-14,14,0,4,D,15,10,5,67.6,0,1
2025-04-14,15,0,4,A,15,11,4,75.8,0,1
2025-04-14,15,0,4,B,15,11,4,73.5,0,1
2025-04-14,15,0,4,C,15,7,8,50.5,0,1
2025-04-14,15,0,4,D,15,8,7,59.7,0,1
2025-04-14,16,0,4,A,15,11,4,77.4,0,1
2025-04-14,16,0,4,B,15,9,6,63.9,0,1
2025-04-14,16,0,4,C,15,8,7,56.9,0,1
2025-04-14,16,0,4,D,15,7,8,52.9,0,1
2025-04-14,17,0,4,A,15,10,5,72.1,0,1
2025-04-14,17,0,4,B,15,7,8,49.5,0,1
2025-04-14,17,0,4,C,15,7,8,50.8,0,1
2025-04-14,17,0,4,D,15,7,8,47.7,0,1
2025-04-14,18,0,4,A,15,9,6,60.2,0,1
2025-04-14,18,0,4,B,15,11,4,74.4,0,1
2025-04-14,18,0,4,C,15,7,8,47.2,0,1
2025-04-14,18,0,4,D,15,6,9,42.6,0,1
2025-04-14,19,0,4,A,15,9,6,61.2,0,1
2025-04-14,19,0,4,B,15,11,4,74.4,0,1
2025-04-14,19,0,4,C,15,8,7,58.4,0,1
2025-04-14,19,0,4,D,15,6,9,40.5,0,1
2025-04-14,20,0,4,A,15,5,10,37.6,0,1
2025-04-14,20,0,4,B,15,3,12,26.6,0,1
2025-04-14,20,0,4,C,15,3,12,24.6,0,1
2025-04-14,20,0,4,D,15,2,13,17.2,0,1
2025-04-14,21,0,4,A,15,3,12,22.8,0,1
2025-04-14,21,0,4,B,15,4,11,27.7,0,1
2025-04-14,21,0,4,C,15,2,13,18.1,0,1
2025-04-14,21,0,4,D,15,5,10,34.5,0,1
2025-04-15,6,1,4,A,15,4,11,30.1,0,1
2025-04-15,6,1,4,B,15,7,8,47.3,0,1
2025-04-15,6,1,4,C,15,4,11,30.6,0,1
2025-04-15,6,1,4,D,15,4,11,30.4,0,1
2025-04-15,7,1,4,A,15,7,8,46.9,0,1
2025-04-15,7,1,4,B,15,4,11,30.0,0,1
2025-04-15,7,1,4,C,15,5,10,38.4,0,1
2025-04-15,7,1,4,D,15,0,15,6.3,0,1
2025-04-15,8,1,4,A,15,13,2,92.0,0,1
2025-04-15,8,1,4,B,15,11,4,77.6,0,1
2025-04-15,8,1,4,C,15,9,6,66.5,0,1
2025-04-15,8,1,4,D,15,9,6,66.3,0,1
2025-04-15,9,1,4,A,15,14,1,98.0,0,1
2025-04-15,9,1,4,B,15,13,2,90.6,0,1
2025-04-15,9,1,4,C,15,11,4,78.4,0,1
2025-04-15,9,1,4,D,15,9,6,62.7,0,1
2025-04-15,10,1,4,A,15,14,1,98.0,0,1
2025-04-15,10,1,4,B,15,12,3,86.0,0,1
2025-04-15,10,1,4,C,15,12,3,84.0,0,1
2025-04-15,10,1,4,D,15,11,4,74.2,0,1
2025-04-15,11,1,4,A,15,12,3,86.5,0,1
2025-04-15,11,1,4,B,15,10,5,67.8,0,1
2025-04-15,11,1,4,C,15,9,6,62.3,0,1
2025-04-15,11,1,4,D,15,8,7,55.6,0,1
2025-04-15,12,1,4,A,15,12,3,83.7,0,1
2025-04-15,12,1,4,B,15,11,4,77.1,0,1
2025-04-15,12,1,4,C,15,10,5,73.2,0,1
2025-04-15,12,1,4,D,15,8,7,59.6,0,1
2025-04-15,13,1,4,A,15,12,3,86.4,0,1
2025-04-15,13,1,4,B,15,11,4,76.1,0,1
2025-04-15,13,1,4,C,15,9,6,63.4,0,1
2025-04-15,13,1,4,D,15,7,8,52.6,0,1
2025-04-15,14,1,4,A,15,9,6,66.5,0,1
2025-04-15,14,1,4,B,15,9,6,64.4,0,1
2025-04-15,14,1,4,C,15,10,5,66.8,0,1
2025-04-15,14,1,4,D,15,7,8,50.4,0,1
2025-04-15,15,1,4,A,15,11,4,78.6,0,1
2025-04-15,15,1,4,B,15,11,4,73.7,0,1
2025-04-15,15,1,4,C,15,10,5,67.2,0,1
2025-04-15,15,1,4,D,15,7,8,47.4,0,1
2025-04-15,16,1,4,A,15,13,2,88.5,0,1
2025-04-15,16,1,4,B,15,11,4,79.0,0,1
2025-04-15,16,1,4,C,15,8,7,54.0,0,1
2025-04-15,16,1,4,D,15,7,8,49.4,0,1
2025-04-15,17,1,4,A,15,11,4,78.5,0,1
2025-04-15,17,1,4,B,15,8,7,58.8,0,1
2025-04-15,17,1,4,C,15,5,10,36.2,0,1
2025-04-15,17,1,4,D,15,5,10,36.8,0,1
2025-04-15,18,1,4,A,15,10,5,67.0,0,1
2025-04-15,18,1,4,B,15,7,8,50.7,0,1
2025-04-15,18,1,4,C,15,7,8,50.7,0,1
2025-04-15,18,1,4,D,15,7,8,48.3,0,1
2025-04-15,19,1,4,A,15,12,3,80.7,0,1
2025-04-15,19,1,4,B,15,8,7,57.7,0,1
2025-04-15,19,1,4,C,15,9,6,62.6,0,1
2025-04-15,19,1,4,D,15,8,7,59.4,0,1
2025-04-15,20,1,4,A,15,6,9,40.2,0,1
2025-04-15,20,1,4,B,15,4,11,27.3,0,1
2025-04-15,20,1,4,C,15,1,14,6.8,0,1
2025-04-15,20,1,4,D,15,3,12,23.7,0,1
2025-04-15,21,1,4,A,15,5,10,37.1,0,1
2025-04-15,21,1,4,B,15,3,12,24.4,0,1
2025-04-15,21,1,4,C,15,5,10,36.5,0,1
2025-04-15,21,1,4,D,15,4,11,26.9,0,1
2025-04-16,6,2,4,A,15,6,9,44.8,0,1
2025-04-16,6,2,4,B,15,6,9,43.7,0,1
2025-04-16,6,2,4,C,15,5,10,34.2,0,1
2025-04-16,6,2,4,D,15,1,14,8.1,0,1
2025-04-16,7,2,4,A,15,5,10,36.3,0,1
2025-04-16,7,2,4,B,15,6,9,44.6,0,1
2025-04-16,7,2,4,C,15,3,12,25.0,0,1
2025-04-16,7,2,4,D,15,3,12,26.2,0,1
2025-04-16,8,2,4,A,15,13,2,89.4,0,1
2025-04-16,8,2,4,B,15,14,1,98.0,0,1
2025-04-16,8,2,4,C,15,13,2,90.0,0,1
2025-04-16,8,2,4,D,15,9,6,60.9,0,1
2025-04-16,9,2,4,A,15,14,1,98.0,0,1
2025-04-16,9,2,4,B,15,11,4,79.6,0,1
2025-04-16,9,2,4,C,15,12,3,81.4,0,1
2025-04-16,9,2,4,D,15,10,5,72.1,0,1
2025-04-16,10,2,4,A,15,14,1,98.0,0,1
2025-04-16,10,2,4,B,15,13,2,87.7,0,1
2025-04-16,10,2,4,C,15,14,1,98.0,0,1
2025-04-16,10,2,4,D,15,8,7,59.8,0,1
2025-04-16,11,2,4,A,15,10,5,72.6,0,1
2025-04-16,11,2,4,B,15,10,5,71.9,0,1
2025-04-16,11,2,4,C,15,8,7,55.0,0,1
2025-04-16,11,2,4,D,15,7,8,48.1,0,1
2025-04-16,12,2,4,A,15,11,4,78.2,0,1
2025-04-16,12,2,4,B,15,10,5,67.6,0,1
2025-04-16,12,2,4,C,15,8,7,59.9,0,1
2025-04-16,12,2,4,D,15,9,6,64.1,0,1
2025-04-16,13,2,4,A,15,12,3,82.2,0,1
2025-04-16,13,2,4,B,15,11,4,73.6,0,1
2025-04-16,13,2,4,C,15,11,4,74.7,0,1
2025-04-16,13,2,4,D,15,8,7,53.9,0,1
2025-04-16,14,2,4,A,15,11,4,78.4,0,1
2025-04-16,14,2,4,B,15,10,5,72.9,0,1
2025-04-16,14,2,4,C,15,7,8,47.5,0,1
2025-04-16,14,2,4,D,15,5,10,36.9,0,1
2025-04-16,15,2,4,A,15,12,3,83.3,0,1
2025-04-16,15,2,4,B,15,11,4,73.9,0,1
2025-04-16,15,2,4,C,15,11,4,79.5,0,1
2025-04-16,15,2,4,D,15,8,7,57.3,0,1
2025-04-16,16,2,4,A,15,13,2,87.1,0,1
2025-04-16,16,2,4,B,15,10,5,68.4,0,1
2025-04-16,16,2,4,C,15,9,6,65.4,0,1
2025-04-16,16,2,4,D,15,10,5,69.3,0,1
2025-04-16,17,2,4,A,15,7,8,52.0,0,1
2025-04-16,17,2,4,B,15,9,6,63.3,0,1
2025-04-16,17,2,4,C,15,10,5,71.1,0,1
2025-04-16,17,2,4,D,15,7,8,50.3,0,1
2025-04-16,18,2,4,A,15,12,3,82.2,0,1
2025-04-16,18,2,4,B,15,8,7,55.0,0,1
2025-04-16,18,2,4,C,15,8,7,53.7,0,1
2025-04-16,18,2,4,D,15,7,8,48.3,0,1
2025-04-16,19,2,4,A,15,7,8,51.3,0,1
2025-04-16,19,2,4,B,15,7,8,50.7,0,1
2025-04-16,19,2,4,C,15,6,9,45.2,0,1
2025-04-16,19,2,4,D,15,8,7,54.6,0,1
2025-04-16,20,2,4,A,15,5,10,35.7,0,1
2025-04-16,20,2,4,B,15,4,11,27.6,0,1
2025-04-16,20,2,4,C,15,4,11,29.1,0,1
2025-04-16,20,2,4,D,15,2,13,18.7,0,1
2025-04-16,21,2,4,A,15,5,10,38.4,0,1
2025-04-16,21,2,4,B,15,3,12,25.1,0,1
2025-04-16,21,2,4,C,15,3,12,23.0,0,1
2025-04-16,21,2,4,D,15,2,13,17.9,0,1
2025-04-17,6,3,4,A,15,6,9,45.7,0,1
2025-04-17,6,3,4,B,15,4,11,31.6,0,1
2025-04-17,6,3,4,C,15,5,10,39.3,0,1
2025-04-17,6,3,4,D,15,2,13,18.9,0,1
2025-04-17,7,3,4,A,15,4,11,31.5,0,1
2025-04-17,7,3,4,B,15,6,9,40.5,0,1
2025-04-17,7,3,4,C,15,4,11,30.8,0,1
2025-04-17,7,3,4,D,15,3,12,24.4,0,1
2025-04-17,8,3,4,A,15,14,1,98.0,0,1
2025-04-17,8,3,4,B,15,12,3,80.1,0,1
2025-04-17,8,3,4,C,15,11,4,74.9,0,1
2025-04-17,8,3,4,D,15,11,4,79.2,0,1
2025-04-17,9,3,4,A,15,14,1,98.0,0,1
2025-04-17,9,3,4,B,15,14,1,97.6,0,1
2025-04-17,9,3,4,C,15,11,4,74.2,0,1
2025-04-17,9,3,4,D,15,11,4,77.8,0,1
2025-04-17,10,3,4,A,15,13,2,90.2,0,1
2025-04-17,10,3,4,B,15,11,4,77.7,0,1
2025-04-17,10,3,4,C,15,8,7,57.7,0,1
2025-04-17,10,3,4,D,15,12,3,81.4,0,1
2025-04-17,11,3,4,A,15,11,4,79.3,0,1
2025-04-17,11,3,4,B,15,11,4,74.0,0,1
2025-04-17,11,3,4,C,15,9,6,60.2,0,1
2025-04-17,11,3,4,D,15,9,6,65.6,0,1
2025-04-17,12,3,4,A,15,12,3,83.2,0,1
2025-04-17,12,3,4,B,15,9,6,64.6,0,1
2025-04-17,12,3,4,C,15,10,5,71.0,0,1
2025-04-17,12,3,4,D,15,7,8,48.5,0,1
2025-04-17,13,3,4,A,15,11,4,79.6,0,1
2025-04-17,13,3,4,B,15,8,7,58.1,0,1
2025-04-17,13,3,4,C,15,8,7,56.1,0,1
2025-04-17,13,3,4,D,15,9,6,61.4,0,1
2025-04-17,14,3,4,A,15,9,6,64.8,0,1
2025-04-17,14,3,4,B,15,8,7,58.2,0,1
2025-04-17,14,3,4,C,15,9,6,63.0,0,1
2025-04-17,14,3,4,D,15,7,8,51.7,0,1
2025-04-17,15,3,4,A,15,14,1,96.4,0,1
2025-04-17,15,3,4,B,15,12,3,84.7,0,1
2025-04-17,15,3,4,C,15,8,7,56.1,0,1
2025-04-17,15,3,4,D,15,9,6,60.5,0,1
2025-04-17,16,3,4,A,15,12,3,86.5,0,1
2025-04-17,16,3,4,B,15,9,6,65.2,0,1
2025-04-17,16,3,4,C,15,7,8,51.0,0,1
2025-04-17,16,3,4,D,15,8,7,55.9,0,1
2025-04-17,17,3,4,A,15,10,5,67.6,0,1
2025-04-17,17,3,4,B,15,8,7,56.5,0,1
2025-04-17,17,3,4,C,15,8,7,57.5,0,1
2025-04-17,17,3,4,D,15,6,9,42.0,0,1
2025-04-17,18,3,4,A,15,8,7,59.8,0,1
2025-04-17,18,3,4,B,15,9,6,60.9,0,1
2025-04-17,18,3,4,C,15,8,7,57.1,0,1
2025-04-17,18,3,4,D,15,5,10,38.6,0,1
2025-04-17,19,3,4,A,15,11,4,76.4,0,1
2025-04-17,19,3,4,B,15,6,9,45.8,0,1
2025-04-17,19,3,4,C,15,7,8,49.4,0,1
2025-04-17,19,3,4,D,15,6,9,45.9,0,1
2025-04-17,20,3,4,A,15,3,12,23.7,0,1
2025-04-17,20,3,4,B,15,3,12,20.5,0,1
2025-04-17,20,3,4,C,15,5,10,37.5,0,1
2025-04-17,20,3,4,D,15,1,14,13.2,0,1
2025-04-17,21,3,4,A,15,7,8,48.3,0,1
2025-04-17,21,3,4,B,15,4,11,28.5,0,1
2025-04-17,21,3,4,C,15,3,12,23.2,0,1
2025-04-17,21,3,4,D,15,3,12,23.8,0,1
2025-04-18,6,4,4,A,15,9,6,60.5,0,1
2025-04-18,6,4,4,B,15,4,11,27.1,0,1
2025-04-18,6,4,4,C,15,3,12,22.5,0,1
2025-04-18,6,4,4,D,15,3,12,22.0,0,1
2025-04-18,7,4,4,A,15,6,9,40.5,0,1
2025-04-18,7,4,4,B,15,3,12,21.2,0,1
2025-04-18,7,4,4,C,15,4,11,31.7,0,1
2025-04-18,7,4,4,D,15,6,9,41.5,0,1
2025-04-18,8,4,4,A,15,14,1,98.0,0,1
2025-04-18,8,4,4,B,15,12,3,82.7,0,1
2025-04-18,8,4,4,C,15,10,5,71.6,0,1
2025-04-18,8,4,4,D,15,11,4,75.2,0,1
2025-04-18,9,4,4,A,15,13,2,91.1,0,1
2025-04-18,9,4,4,B,15,14,1,98.0,0,1
2025-04-18,9,4,4,C,15,13,2,92.0,0,1
2025-04-18,9,4,4,D,15,10,5,70.1,0,1
2025-04-18,10,4,4,A,15,14,1,97.7,0,1
2025-04-18,10,4,4,B,15,13,2,93.2,0,1
2025-04-18,10,4,4,C,15,12,3,85.3,0,1
2025-04-18,10,4,4,D,15,9,6,61.6,0,1
2025-04-18,11,4,4,A,15,12,3,82.0,0,1
2025-04-18,11,4,4,B,15,9,6,64.4,0,1
2025-04-18,11,4,4,C,15,10,5,70.8,0,1
2025-04-18,11,4,4,D,15,9,6,65.3,0,1
2025-04-18,12,4,4,A,15,11,4,75.5,0,1
2025-04-18,12,4,4,B,15,10,5,71.4,0,1
2025-04-18,12,4,4,C,15,8,7,56.7,0,1
2025-04-18,12,4,4,D,15,7,8,52.8,0,1
2025-04-18,13,4,4,A,15,13,2,90.7,0,1
2025-04-18,13,4,4,B,15,10,5,69.1,0,1
2025-04-18,13,4,4,C,15,9,6,65.1,0,1
2025-04-18,13,4,4,D,15,7,8,47.0,0,1
2025-04-18,14,4,4,A,15,12,3,82.0,0,1
2025-04-18,14,4,4,B,15,10,5,69.6,0,1
2025-04-18,14,4,4,C,15,8,7,57.2,0,1
2025-04-18,14,4,4,D,15,8,7,54.5,0,1
2025-04-18,15,4,4,A,15,12,3,81.9,0,1
2025-04-18,15,4,4,B,15,9,6,63.5,0,1
2025-04-18,15,4,4,C,15,7,8,51.2,0,1
2025-04-18,15,4,4,D,15,10,5,70.4,0,1
2025-04-18,16,4,4,A,15,11,4,75.4,0,1
2025-04-18,16,4,4,B,15,10,5,69.2,0,1
2025-04-18,16,4,4,C,15,10,5,71.1,0,1
2025-04-18,16,4,4,D,15,12,3,84.2,0,1
2025-04-18,17,4,4,A,15,8,7,59.0,0,1
2025-04-18,17,4,4,B,15,9,6,63.6,0,1
2025-04-18,17,4,4,C,15,7,8,48.3,0,1
2025-04-18,17,4,4,D,15,6,9,43.7,0,1
2025-04-18,18,4,4,A,15,9,6,63.2,0,1
2025-04-18,18,4,4,B,15,7,8,51.0,0,1
2025-04-18,18,4,4,C,15,8,7,53.7,0,1
2025-04-18,18,4,4,D,15,5,10,36.2,0,1
2025-04-18,19,4,4,A,15,11,4,76.6,0,1
2025-04-18,19,4,4,B,15,9,6,60.4,0,1
2025-04-18,19,4,4,C,15,8,7,57.4,0,1
2025-04-18,19,4,4,D,15,6,9,44.3,0,1
2025-04-18,20,4,4,A,15,3,12,25.8,0,1
2025-04-18,20,4,4,B,15,4,11,27.3,0,1
2025-04-18,20,4,4,C,15,1,14,13.2,0,1
2025-04-18,20,4,4,D,15,2,13,17.1,0,1
2025-04-18,21,4,4,A,15,3,12,21.9,0,1
2025-04-18,21,4,4,B,15,2,13,17.9,0,1
2025-04-18,21,4,4,C,15,0,15,5.6,0,1
2025-04-18,21,4,4,D,15,4,11,30.7,0,1
2025-04-19,6,5,4,A,15,1,14,8.6,1,1
2025-04-19,6,5,4,B,15,3,12,21.6,1,1
2025-04-19,6,5,4,C,15,2,13,19.6,1,1
2025-04-19,6,5,4,D,15,0,15,5.0,1,1
2025-04-19,7,5,4,A,15,0,15,5.4,1,1
2025-04-19,7,5,4,B,15,4,11,32.7,1,1
2025-04-19,7,5,4,C,15,3,12,25.0,1,1
2025-04-19,7,5,4,D,15,1,14,9.5,1,1
2025-04-19,8,5,4,A,15,5,10,36.3,1,1
2025-04-19,8,5,4,B,15,3,12,24.7,1,1
2025-04-19,8,5,4,C,15,4,11,30.2,1,1
2025-04-19,8,5,4,D,15,2,13,18.1,1,1
2025-04-19,9,5,4,A,15,2,13,18.0,1,1
2025-04-19,9,5,4,B,15,2,13,19.2,1,1
2025-04-19,9,5,4,C,15,4,11,26.9,1,1
2025-04-19,9,5,4,D,15,2,13,14.8,1,1
2025-04-19,10,5,4,A,15,5,10,33.7,1,1
2025-04-19,10,5,4,B,15,3,12,21.2,1,1
2025-04-19,10,5,4,C,15,3,12,20.5,1,1
2025-04-19,10,5,4,D,15,4,11,30.6,1,1
2025-04-19,11,5,4,A,15,4,11,32.2,1,1
2025-04-19,11,5,4,B,15,3,12,26.2,1,1
2025-04-19,11,5,4,C,15,4,11,30.7,1,1
2025-04-19,11,5,4,D,15,3,12,24.8,1,1
2025-04-19,12,5,4,A,15,6,9,41.8,1,1
2025-04-19,12,5,4,B,15,3,12,22.6,1,1
2025-04-19,12,5,4,C,15,3,12,20.2,1,1
2025-04-19,12,5,4,D,15,1,14,10.6,1,1
2025-04-19,13,5,4,A,15,4,11,26.8,1,1
2025-04-19,13,5,4,B,15,5,10,34.0,1,1
2025-04-19,13,5,4,C,15,5,10,34.0,1,1
2025-04-19,13,5,4,D,15,4,11,28.7,1,1
2025-04-19,14,5,4,A,15,2,13,13.8,1,1
2025-04-19,14,5,4,B,15,4,11,33.2,1,1
2025-04-19,14,5,4,C,15,1,14,7.3,1,1
2025-04-19,14,5,4,D,15,4,11,26.8,1,1
2025-04-19,15,5,4,A,15,3,12,25.2,1,1
2025-04-19,15,5,4,B,15,4,11,30.1,1,1
2025-04-19,15,5,4,C,15,1,14,11.4,1,1
2025-04-19,15,5,4,D,15,4,11,29.0,1,1
2025-04-19,16,5,4,A,15,2,13,16.5,1,1
2025-04-19,16,5,4,B,15,2,13,19.2,1,1
2025-04-19,16,5,4,C,15,2,13,14.1,1,1
2025-04-19,16,5,4,D,15,0,15,5.6,1,1
2025-04-19,17,5,4,A,15,3,12,24.9,1,1
2025-04-19,17,5,4,B,15,5,10,35.4,1,1
2025-04-19,17,5,4,C,15,6,9,40.2,1,1
2025-04-19,17,5,4,D,15,2,13,17.6,1,1
2025-04-19,18,5,4,A,15,4,11,33.1,1,1
2025-04-19,18,5,4,B,15,3,12,22.9,1,1
2025-04-19,18,5,4,C,15,3,12,22.9,1,1
2025-04-19,18,5,4,D,15,2,13,14.1,1,1
2025-04-19,19,5,4,A,15,3,12,25.7,1,1
2025-04-19,19,5,4,B,15,3,12,25.3,1,1
2025-04-19,19,5,4,C,15,2,13,14.3,1,1
2025-04-19,19,5,4,D,15,2,13,16.2,1,1
2025-04-19,20,5,4,A,15,1,14,9.6,1,1
2025-04-19,20,5,4,B,15,2,13,15.4,1,1
2025-04-19,20,5,4,C,15,0,15,5.0,1,1
2025-04-19,20,5,4,D,15,0,15,6.6,1,1
2025-04-19,21,5,4,A,15,3,12,25.4,1,1
2025-04-19,21,5,4,B,15,2,13,18.1,1,1
2025-04-19,21,5,4,C,15,2,13,18.7,1,1
2025-04-19,21,5,4,D,15,1,14,7.2,1,1
2025-04-20,6,6,4,A,15,2,13,16.7,1,1
2025-04-20,6,6,4,B,15,3,12,20.3,1,1
2025-04-20,6,6,4,C,15,3,12,23.5,1,1
2025-04-20,6,6,4,D,15,0,15,5.0,1,1
2025-04-20,7,6,4,A,15,0,15,5.0,1,1
2025-04-20,7,6,4,B,15,3,12,22.7,1,1
2025-04-20,7,6,4,C,15,1,14,8.8,1,1
2025-04-20,7,6,4,D,15,0,15,5.0,1,1
2025-04-20,8,6,4,A,15,3,12,24.2,1,1
2025-04-20,8,6,4,B,15,3,12,25.3,1,1
2025-04-20,8,6,4,C,15,2,13,15.6,1,1
2025-04-20,8,6,4,D,15,6,9,40.5,1,1
2025-04-20,9,6,4,A,15,5,10,34.0,1,1
2025-04-20,9,6,4,B,15,4,11,29.3,1,1
2025-04-20,9,6,4,C,15,4,11,31.5,1,1
2025-04-20,9,6,4,D,15,4,11,31.5,1,1
2025-04-20,10,6,4,A,15,6,9,41.8,1,1
2025-04-20,10,6,4,B,15,5,10,38.3,1,1
2025-04-20,10,6,4,C,15,3,12,21.7,1,1
2025-04-20,10,6,4,D,15,3,12,21.4,1,1
2025-04-20,11,6,4,A,15,5,10,36.3,1,1
2025-04-20,11,6,4,B,15,3,12,22.0,1,1
2025-04-20,11,6,4,C,15,3,12,23.6,1,1
2025-04-20,11,6,4,D,15,3,12,24.2,1,1
2025-04-20,12,6,4,A,15,5,10,36.5,1,1
2025-04-20,12,6,4,B,15,1,14,12.0,1,1
2025-04-20,12,6,4,C,15,4,11,29.3,1,1
2025-04-20,12,6,4,D,15,2,13,19.1,1,1
2025-04-20,13,6,4,A,15,5,10,35.8,1,1
2025-04-20,13,6,4,B,15,4,11,32.5,1,1
2025-04-20,13,6,4,C,15,5,10,36.5,1,1
2025-04-20,13,6,4,D,15,4,11,31.8,1,1
2025-04-20,14,6,4,A,15,5,10,38.9,1,1
2025-04-20,14,6,4,B,15,5,10,36.0,1,1
2025-04-20,14,6,4,C,15,3,12,24.4,1,1
2025-04-20,14,6,4,D,15,2,13,19.9,1,1
2025-04-20,15,6,4,A,15,5,10,35.2,1,1
2025-04-20,15,6,4,B,15,4,11,30.4,1,1
2025-04-20,15,6,4,C,15,2,13,19.6,1,1
2025-04-20,15,6,4,D,15,3,12,22.8,1,1
2025-04-20,16,6,4,A,15,4,11,27.9,1,1
2025-04-20,16,6,4,B,15,2,13,17.7,1,1
2025-04-20,16,6,4,C,15,4,11,32.4,1,1
2025-04-20,16,6,4,D,15,3,12,20.0,1,1
2025-04-20,17,6,4,A,15,6,9,40.5,1,1
2025-04-20,17,6,4,B,15,1,14,8.0,1,1
2025-04-20,17,6,4,C,15,2,13,14.4,1,1
2025-04-20,17,6,4,D,15,2,13,17.1,1,1
2025-04-20,18,6,4,A,15,4,11,33.2,1,1
2025-04-20,18,6,4,B,15,3,12,24.2,1,1
2025-04-20,18,6,4,C,15,3,12,21.4,1,1
2025-04-20,18,6,4,D,15,1,14,7.8,1,1
2025-04-20,19,6,4,A,15,2,13,14.9,1,1
2025-04-20,19,6,4,B,15,3,12,23.6,1,1
2025-04-20,19,6,4,C,15,1,14,8.0,1,1
2025-04-20,19,6,4,D,15,1,14,12.5,1,1
2025-04-20,20,6,4,A,15,2,13,14.1,1,1
2025-04-20,20,6,4,B,15,0,15,5.0,1,1
2025-04-20,20,6,4,C,15,3,12,20.7,1,1
2025-04-20,20,6,4,D,15,2,13,16.8,1,1
2025-04-20,21,6,4,A,15,0,15,5.0,1,1
2025-04-20,21,6,4,B,15,0,15,5.0,1,1
2025-04-20,21,6,4,C,15,0,15,5.0,1,1
2025-04-20,21,6,4,D,15,0,15,5.0,1,1
2025-04-21,6,0,4,A,15,6,9,46.4,0,1
2025-04-21,6,0,4,B,15,4,11,31.7,0,1
2025-04-21,6,0,4,C,15,5,10,35.2,0,1
2025-04-21,6,0,4,D,15,2,13,15.8,0,1
2025-04-21,7,0,4,A,15,6,9,46.6,0,1
2025-04-21,7,0,4,B,15,4,11,30.6,0,1
2025-04-21,7,0,4,C,15,4,11,31.6,0,1
2025-04-21,7,0,4,D,15,4,11,27.3,0,1
2025-04-21,8,0,4,A,15,13,2,87.6,0,1
2025-04-21,8,0,4,B,15,11,4,75.8,0,1
2025-04-21,8,0,4,C,15,12,3,84.2,0,1
2025-04-21,8,0,4,D,15,10,5,71.2,0,1
2025-04-21,9,0,4,A,15,14,1,98.0,0,1
2025-04-21,9,0,4,B,15,13,2,87.6,0,1
2025-04-21,9,0,4,C,15,11,4,77.6,0,1
2025-04-21,9,0,4,D,15,8,7,54.2,0,1
2025-04-21,10,0,4,A,15,14,1,95.6,0,1
2025-04-21,10,0,4,B,15,12,3,84.8,0,1
2025-04-21,10,0,4,C,15,13,2,92.1,0,1
2025-04-21,10,0,4,D,15,11,4,73.5,0,1
2025-04-21,11,0,4,A,15,14,1,98.0,0,1
2025-04-21,11,0,4,B,15,11,4,79.8,0,1
2025-04-21,11,0,4,C,15,9,6,61.8,0,1
2025-04-21,11,0,4,D,15,9,6,60.9,0,1
2025-04-21,12,0,4,A,15,13,2,88.1,0,1
2025-04-21,12,0,4,B,15,10,5,67.5,0,1
2025-04-21,12,0,4,C,15,9,6,64.4,0,1
2025-04-21,12,0,4,D,15,8,7,58.4,0,1
2025-04-21,13,0,4,A,15,14,1,98.0,0,1
2025-04-21,13,0,4,B,15,8,7,58.4,0,1
2025-04-21,13,0,4,C,15,11,4,77.1,0,1
2025-04-21,13,0,4,D,15,7,8,52.5,0,1
2025-04-21,14,0,4,A,15,10,5,69.5,0,1
2025-04-21,14,0,4,B,15,11,4,79.4,0,1
2025-04-21,14,0,4,C,15,10,5,68.9,0,1
2025-04-21,14,0,4,D,15,9,6,66.0,0,1
2025-04-21,15,0,4,A,15,13,2,86.9,0,1
2025-04-21,15,0,4,B,15,12,3,86.5,0,1
2025-04-21,15,0,4,C,15,10,5,67.5,0,1
2025-04-21,15,0,4,D,15,8,7,54.7,0,1
2025-04-21,16,0,4,A,15,12,3,83.2,0,1
2025-04-21,16,0,4,B,15,11,4,79.9,0,1
2025-04-21,16,0,4,C,15,8,7,56.8,0,1
2025-04-21,16,0,4,D,15,7,8,50.8,0,1
2025-04-21,17,0,4,A,15,9,6,66.5,0,1
2025-04-21,17,0,4,B,15,6,9,43.2,0,1
2025-04-21,17,0,4,C,15,8,7,55.1,0,1
2025-04-21,17,0,4,D,15,4,11,32.9,0,1
2025-04-21,18,0,4,A,15,10,5,69.4,0,1
2025-04-21,18,0,4,B,15,10,5,66.9,0,1
2025-04-21,18,0,4,C,15,7,8,50.2,0,1
2025-04-21,18,0,4,D,15,9,6,61.4,0,1
2025-04-21,19,0,4,A,15,8,7,57.3,0,1
2025-04-21,19,0,4,B,15,10,5,69.5,0,1
2025-04-21,19,0,4,C,15,8,7,59.4,0,1
2025-04-21,19,0,4,D,15,5,10,34.3,0,1
2025-04-21,20,0,4,A,15,7,8,50.4,0,1
2025-04-21,20,0,4,B,15,3,12,24.5,0,1
2025-04-21,20,0,4,C,15,2,13,15.5,0,1
2025-04-21,20,0,4,D,15,1,14,8.7,0,1
2025-04-21,21,0,4,A,15,4,11,27.0,0,1
2025-04-21,21,0,4,B,15,3,12,24.0,0,1
2025-04-21,21,0,4,C,15,3,12,23.3,0,1
2025-04-21,21,0,4,D,15,2,13,17.6,0,1
2025-04-22,6,1,4,A,15,6,9,45.3,0,1
2025-04-22,6,1,4,B,15,4,11,31.9,0,1
2025-04-22,6,1,4,C,15,2,13,16.0,0,1
2025-04-22,6,1,4,D,15,4,11,26.8,0,1
2025-04-22,7,1,4,A,15,3,12,21.3,0,1
2025-04-22,7,1,4,B,15,5,10,37.8,0,1
2025-04-22,7,1,4,C,15,3,12,23.7,0,1
2025-04-22,7,1,4,D,15,4,11,29.3,0,1
2025-04-22,8,1,4,A,15,14,1,98.0,0,1
2025-04-22,8,1,4,B,15,11,4,77.4,0,1
2025-04-22,8,1,4,C,15,12,3,85.0,0,1
2025-04-22,8,1,4,D,15,9,6,64.5,0,1
2025-04-22,9,1,4,A,15,14,1,98.0,0,1
2025-04-22,9,1,4,B,15,12,3,82.1,0,1
2025-04-22,9,1,4,C,15,10,5,69.8,0,1
2025-04-22,9,1,4,D,15,11,4,73.5,0,1
2025-04-22,10,1,4,A,15,14,1,94.3,0,1
2025-04-22,10,1,4,B,15,11,4,78.3,0,1
2025-04-22,10,1,4,C,15,10,5,72.7,0,1
2025-04-22,10,1,4,D,15,10,5,67.6,0,1
2025-04-22,11,1,4,A,15,14,1,97.0,0,1
2025-04-22,11,1,4,B,15,8,7,59.5,0,1
2025-04-22,11,1,4,C,15,10,5,67.7,0,1
2025-04-22,11,1,4,D,15,9,6,65.0,0,1
2025-04-22,12,1,4,A,15,13,2,87.8,0,1
2025-04-22,12,1,4,B,15,12,3,85.5,0,1
2025-04-22,12,1,4,C,15,10,5,66.9,0,1
2025-04-22,12,1,4,D,15,8,7,58.5,0,1
2025-04-22,13,1,4,A,15,13,2,91.0,0,1
2025-04-22,13,1,4,B,15,11,4,75.8,0,1
2025-04-22,13,1,4,C,15,9,6,64.4,0,1
2025-04-22,13,1,4,D,15,9,6,64.1,0,1
2025-04-22,14,1,4,A,15,11,4,75.3,0,1
2025-04-22,14,1,4,B,15,9,6,65.1,0,1
2025-04-22,14,1,4,C,15,8,7,58.8,0,1
2025-04-22,14,1,4,D,15,10,5,66.8,0,1
2025-04-22,15,1,4,A,15,8,7,54.7,0,1
2025-04-22,15,1,4,B,15,10,5,73.2,0,1
2025-04-22,15,1,4,C,15,9,6,63.3,0,1
2025-04-22,15,1,4,D,15,6,9,42.6,0,1
2025-04-22,16,1,4,A,15,12,3,83.0,0,1
2025-04-22,16,1,4,B,15,11,4,73.8,0,1
2025-04-22,16,1,4,C,15,10,5,67.7,0,1
2025-04-22,16,1,4,D,15,5,10,34.8,0,1
2025-04-22,17,1,4,A,15,11,4,79.9,0,1
2025-04-22,17,1,4,B,15,8,7,54.1,0,1
2025-04-22,17,1,4,C,15,8,7,59.5,0,1
2025-04-22,17,1,4,D,15,8,7,53.9,0,1
2025-04-22,18,1,4,A,15,9,6,62.0,0,1
2025-04-22,18,1,4,B,15,9,6,65.3,0,1
2025-04-22,18,1,4,C,15,7,8,50.9,0,1
2025-04-22,18,1,4,D,15,4,11,31.4,0,1
2025-04-22,19,1,4,A,15,11,4,78.3,0,1
2025-04-22,19,1,4,B,15,8,7,53.8,0,1
2025-04-22,19,1,4,C,15,7,8,47.2,0,1
2025-04-22,19,1,4,D,15,6,9,44.8,0,1
2025-04-22,20,1,4,A,15,4,11,30.9,0,1
2025-04-22,20,1,4,B,15,3,12,24.5,0,1
2025-04-22,20,1,4,C,15,4,11,26.9,0,1
2025-04-22,20,1,4,D,15,1,14,9.3,0,1
2025-04-22,21,1,4,A,15,3,12,22.8,0,1
2025-04-22,21,1,4,B,15,3,12,24.1,0,1
2025-04-22,21,1,4,C,15,5,10,37.7,0,1
2025-04-22,21,1,4,D,15,2,13,19.1,0,1
2025-04-23,6,2,4,A,15,7,8,48.9,0,1
2025-04-23,6,2,4,B,15,5,10,35.3,0,1
2025-04-23,6,2,4,C,15,4,11,27.6,0,1
2025-04-23,6,2,4,D,15,3,12,26.0,0,1
2025-04-23,7,2,4,A,15,5,10,38.9,0,1
2025-04-23,7,2,4,B,15,5,10,39.8,0,1
2025-04-23,7,2,4,C,15,6,9,42.5,0,1
2025-04-23,7,2,4,D,15,4,11,30.9,0,1
2025-04-23,8,2,4,A,15,14,1,98.0,0,1
2025-04-23,8,2,4,B,15,11,4,77.3,0,1
2025-04-23,8,2,4,C,15,10,5,73.2,0,1
2025-04-23,8,2,4,D,15,9,6,62.2,0,1
2025-04-23,9,2,4,A,15,14,1,98.0,0,1
2025-04-23,9,2,4,B,15,12,3,82.1,0,1
2025-04-23,9,2,4,C,15,12,3,82.3,0,1
2025-04-23,9,2,4,D,15,9,6,60.6,0,1
2025-04-23,10,2,4,A,15,14,1,98.0,0,1
2025-04-23,10,2,4,B,15,13,2,90.5,0,1
2025-04-23,10,2,4,C,15,8,7,60.0,0,1
2025-04-23,10,2,4,D,15,12,3,85.0,0,1
2025-04-23,11,2,4,A,15,12,3,84.0,0,1
2025-04-23,11,2,4,B,15,8,7,58.8,0,1
2025-04-23,11,2,4,C,15,10,5,68.8,0,1
2025-04-23,11,2,4,D,15,9,6,60.3,0,1
2025-04-23,12,2,4,A,15,12,3,85.6,0,1
2025-04-23,12,2,4,B,15,12,3,82.9,0,1
2025-04-23,12,2,4,C,15,11,4,73.5,0,1
2025-04-23,12,2,4,D,15,9,6,62.4,0,1
2025-04-23,13,2,4,A,15,13,2,89.9,0,1
2025-04-23,13,2,4,B,15,11,4,74.2,0,1
2025-04-23,13,2,4,C,15,12,3,81.7,0,1
2025-04-23,13,2,4,D,15,7,8,48.2,0,1
2025-04-23,14,2,4,A,15,12,3,81.6,0,1
2025-04-23,14,2,4,B,15,10,5,70.5,0,1
2025-04-23,14,2,4,C,15,10,5,69.5,0,1
2025-04-23,14,2,4,D,15,7,8,49.2,0,1
2025-04-23,15,2,4,A,15,9,6,66.6,0,1
2025-04-23,15,2,4,B,15,10,5,71.3,0,1
2025-04-23,15,2,4,C,15,9,6,65.2,0,1
2025-04-23,15,2,4,D,15,10,5,67.9,0,1
2025-04-23,16,2,4,A,15,10,5,70.3,0,1
2025-04-23,16,2,4,B,15,11,4,79.2,0,1
2025-04-23,16,2,4,C,15,12,3,81.9,0,1
2025-04-23,16,2,4,D,15,7,8,53.0,0,1
2025-04-23,17,2,4,A,15,8,7,58.7,0,1
2025-04-23,17,2,4,B,15,8,7,56.7,0,1
2025-04-23,17,2,4,C,15,8,7,54.1,0,1
2025-04-23,17,2,4,D,15,7,8,52.5,0,1
2025-04-23,18,2,4,A,15,9,6,64.3,0,1
2025-04-23,18,2,4,B,15,10,5,72.4,0,1
2025-04-23,18,2,4,C,15,6,9,45.1,0,1
2025-04-23,18,2,4,D,15,5,10,34.1,0,1
2025-04-23,19,2,4,A,15,11,4,77.9,0,1
2025-04-23,19,2,4,B,15,6,9,41.8,0,1
2025-04-23,19,2,4,C,15,7,8,52.4,0,1
2025-04-23,19,2,4,D,15,10,5,72.9,0,1
2025-04-23,20,2,4,A,15,4,11,28.7,0,1
2025-04-23,20,2,4,B,15,2,13,16.0,0,1
2025-04-23,20,2,4,C,15,3,12,22.0,0,1
2025-04-23,20,2,4,D,15,2,13,19.6,0,1
2025-04-23,21,2,4,A,15,4,11,30.0,0,1
2025-04-23,21,2,4,B,15,4,11,30.3,0,1
2025-04-23,21,2,4,C,15,2,13,14.2,0,1
2025-04-23,21,2,4,D,15,5,10,33.5,0,1
2025-04-24,6,3,4,A,15,6,9,42.2,0,1
2025-04-24,6,3,4,B,15,6,9,40.8,0,1
2025-04-24,6,3,4,C,15,3,12,26.5,0,1
2025-04-24,6,3,4,D,15,5,10,38.3,0,1
2025-04-24,7,3,4,A,15,5,10,38.2,0,1
2025-04-24,7,3,4,B,15,5,10,37.2,0,1
2025-04-24,7,3,4,C,15,3,12,24.0,0,1
2025-04-24,7,3,4,D,15,3,12,20.0,0,1
2025-04-24,8,3,4,A,15,14,1,98.0,0,1
2025-04-24,8,3,4,B,15,12,3,81.5,0,1
2025-04-24,8,3,4,C,15,10,5,69.7,0,1
2025-04-24,8,3,4,D,15,9,6,62.9,0,1
2025-04-24,9,3,4,A,15,14,1,98.0,0,1
2025-04-24,9,3,4,B,15,11,4,80.0,0,1
2025-04-24,9,3,4,C,15,11,4,75.6,0,1
2025-04-24,9,3,4,D,15,10,5,68.1,0,1
2025-04-24,10,3,4,A,15,12,3,82.4,0,1
2025-04-24,10,3,4,B,15,10,5,73.2,0,1
2025-04-24,10,3,4,C,15,11,4,79.2,0,1
2025-04-24,10,3,4,D,15,9,6,62.1,0,1
2025-04-24,11,3,4,A,15,14,1,94.7,0,1
2025-04-24,11,3,4,B,15,12,3,82.7,0,1
2025-04-24,11,3,4,C,15,10,5,73.3,0,1
2025-04-24,11,3,4,D,15,11,4,74.6,0,1
2025-04-24,12,3,4,A,15,12,3,85.6,0,1
2025-04-24,12,3,4,B,15,12,3,80.2,0,1
2025-04-24,12,3,4,C,15,9,6,62.8,0,1
2025-04-24,12,3,4,D,15,11,4,79.6,0,1
2025-04-24,13,3,4,A,15,14,1,98.0,0,1
2025-04-24,13,3,4,B,15,11,4,75.1,0,1
2025-04-24,13,3,4,C,15,10,5,70.6,0,1
2025-04-24,13,3,4,D,15,10,5,70.9,0,1
2025-04-24,14,3,4,A,15,11,4,79.3,0,1
2025-04-24,14,3,4,B,15,9,6,64.7,0,1
2025-04-24,14,3,4,C,15,10,5,70.0,0,1
2025-04-24,14,3,4,D,15,8,7,56.6,0,1
2025-04-24,15,3,4,A,15,12,3,82.0,0,1
2025-04-24,15,3,4,B,15,9,6,63.3,0,1
2025-04-24,15,3,4,C,15,7,8,49.3,0,1
2025-04-24,15,3,4,D,15,8,7,57.9,0,1
2025-04-24,16,3,4,A,15,13,2,87.7,0,1
2025-04-24,16,3,4,B,15,10,5,68.2,0,1
2025-04-24,16,3,4,C,15,11,4,74.5,0,1
2025-04-24,16,3,4,D,15,7,8,50.4,0,1
2025-04-24,17,3,4,A,15,9,6,60.6,0,1
2025-04-24,17,3,4,B,15,8,7,59.5,0,1
2025-04-24,17,3,4,C,15,8,7,53.3,0,1
2025-04-24,17,3,4,D,15,8,7,54.2,0,1
2025-04-24,18,3,4,A,15,9,6,62.8,0,1
2025-04-24,18,3,4,B,15,10,5,70.9,0,1
2025-04-24,18,3,4,C,15,10,5,69.7,0,1
2025-04-24,18,3,4,D,15,7,8,47.7,0,1
2025-04-24,19,3,4,A,15,11,4,79.0,0,1
2025-04-24,19,3,4,B,15,7,8,51.5,0,1
2025-04-24,19,3,4,C,15,9,6,62.6,0,1
2025-04-24,19,3,4,D,15,8,7,56.4,0,1
2025-04-24,20,3,4,A,15,5,10,35.7,0,1
2025-04-24,20,3,4,B,15,3,12,24.9,0,1
2025-04-24,20,3,4,C,15,0,15,5.0,0,1
2025-04-24,20,3,4,D,15,2,13,14.9,0,1
2025-04-24,21,3,4,A,15,3,12,23.7,0,1
2025-04-24,21,3,4,B,15,2,13,17.2,0,1
2025-04-24,21,3,4,C,15,3,12,23.5,0,1
2025-04-24,21,3,4,D,15,2,13,16.6,0,1
2025-04-25,6,4,4,A,15,5,10,33.7,0,1
2025-04-25,6,4,4,B,15,3,12,26.5,0,1
2025-04-25,6,4,4,C,15,3,12,25.8,0,1
2025-04-25,6,4,4,D,15,5,10,37.0,0,1
2025-04-25,7,4,4,A,15,5,10,35.0,0,1
2025-04-25,7,4,4,B,15,4,11,30.9,0,1
2025-04-25,7,4,4,C,15,4,11,27.8,0,1
2025-04-25,7,4,4,D,15,4,11,30.7,0,1
2025-04-25,8,4,4,A,15,14,1,98.0,0,1
2025-04-25,8,4,4,B,15,9,6,60.6,0,1
2025-04-25,8,4,4,C,15,12,3,84.7,0,1
2025-04-25,8,4,4,D,15,11,4,79.5,0,1
2025-04-25,9,4,4,A,15,13,2,89.3,0,1
2025-04-25,9,4,4,B,15,11,4,77.2,0,1
2025-04-25,9,4,4,C,15,10,5,72.9,0,1
2025-04-25,9,4,4,D,15,9,6,62.0,0,1
2025-04-25,10,4,4,A,15,14,1,98.0,0,1
2025-04-25,10,4,4,B,15,10,5,69.4,0,1
2025-04-25,10,4,4,C,15,10,5,67.6,0,1
2025-04-25,10,4,4,D,15,12,3,80.3,0,1
2025-04-25,11,4,4,A,15,11,4,78.8,0,1
2025-04-25,11,4,4,B,15,12,3,84.9,0,1
2025-04-25,11,4,4,C,15,10,5,70.3,0,1
2025-04-25,11,4,4,D,15,6,9,45.5,0,1
2025-04-25,12,4,4,A,15,13,2,91.3,0,1
2025-04-25,12,4,4,B,15,11,4,74.1,0,1
2025-04-25,12,4,4,C,15,9,6,63.9,0,1
2025-04-25,12,4,4,D,15,9,6,62.0,0,1
2025-04-25,13,4,4,A,15,13,2,90.0,0,1
2025-04-25,13,4,4,B,15,12,3,80.7,0,1
2025-04-25,13,4,4,C,15,11,4,76.9,0,1
2025-04-25,13,4,4,D,15,9,6,63.3,0,1
2025-04-25,14,4,4,A,15,10,5,69.5,0,1
2025-04-25,14,4,4,B,15,9,6,66.2,0,1
2025-04-25,14,4,4,C,15,12,3,86.5,0,1
2025-04-25,14,4,4,D,15,9,6,61.8,0,1
2025-04-25,15,4,4,A,15,14,1,98.0,0,1
2025-04-25,15,4,4,B,15,12,3,81.2,0,1
2025-04-25,15,4,4,C,15,9,6,64.9,0,1
2025-04-25,15,4,4,D,15,8,7,58.4,0,1
2025-04-25,16,4,4,A,15,12,3,80.2,0,1
2025-04-25,16,4,4,B,15,8,7,56.1,0,1
2025-04-25,16,4,4,C,15,9,6,63.1,0,1
2025-04-25,16,4,4,D,15,9,6,65.7,0,1
2025-04-25,17,4,4,A,15,9,6,64.2,0,1
2025-04-25,17,4,4,B,15,9,6,63.3,0,1
2025-04-25,17,4,4,C,15,9,6,60.8,0,1
2025-04-25,17,4,4,D,15,6,9,40.7,0,1
2025-04-25,18,4,4,A,15,9,6,65.4,0,1
2025-04-25,18,4,4,B,15,7,8,51.9,0,1
2025-04-25,18,4,4,C,15,7,8,47.4,0,1
2025-04-25,18,4,4,D,15,5,10,37.7,0,1
2025-04-25,19,4,4,A,15,9,6,61.8,0,1
2025-04-25,19,4,4,B,15,10,5,71.4,0,1
2025-04-25,19,4,4,C,15,7,8,46.7,0,1
2025-04-25,19,4,4,D,15,7,8,49.0,0,1
2025-04-25,20,4,4,A,15,3,12,24.7,0,1
2025-04-25,20,4,4,B,15,5,10,34.4,0,1
2025-04-25,20,4,4,C,15,4,11,33.0,0,1
2025-04-25,20,4,4,D,15,4,11,26.9,0,1
2025-04-25,21,4,4,A,15,4,11,31.2,0,1
2025-04-25,21,4,4,B,15,3,12,23.2,0,1
2025-04-25,21,4,4,C,15,1,14,13.0,0,1
2025-04-25,21,4,4,D,15,5,10,35.5,0,1
2025-04-26,6,5,4,A,15,1,14,8.0,1,1
2025-04-26,6,5,4,B,15,2,13,17.6,1,1
2025-04-26,6,5,4,C,15,2,13,19.5,1,1
2025-04-26,6,5,4,D,15,0,15,5.4,1,1
2025-04-26,7,5,4,A,15,3,12,22.4,1,1
2025-04-26,7,5,4,B,15,2,13,18.4,1,1
2025-04-26,7,5,4,C,15,3,12,24.8,1,1
2025-04-26,7,5,4,D,15,0,15,6.0,1,1
2025-04-26,8,5,4,A,15,3,12,23.9,1,1
2025-04-26,8,5,4,B,15,3,12,25.7,1,1
2025-04-26,8,5,4,C,15,4,11,28.4,1,1
2025-04-26,8,5,4,D,15,3,12,24.3,1,1
2025-04-26,9,5,4,A,15,4,11,31.1,1,1
2025-04-26,9,5,4,B,15,2,13,14.5,1,1
2025-04-26,9,5,4,C,15,4,11,30.5,1,1
2025-04-26,9,5,4,D,15,5,10,39.6,1,1
2025-04-26,10,5,4,A,15,5,10,37.9,1,1
2025-04-26,10,5,4,B,15,5,10,34.6,1,1
2025-04-26,10,5,4,C,15,4,11,31.4,1,1
2025-04-26,10,5,4,D,15,4,11,27.0,1,1
2025-04-26,11,5,4,A,15,5,10,37.6,1,1
2025-04-26,11,5,4,B,15,4,11,29.4,1,1
2025-04-26,11,5,4,C,15,3,12,21.1,1,1
2025-04-26,11,5,4,D,15,2,13,14.6,1,1
2025-04-26,12,5,4,A,15,4,11,28.2,1,1
2025-04-26,12,5,4,B,15,4,11,28.8,1,1
2025-04-26,12,5,4,C,15,3,12,21.1,1,1
2025-04-26,12,5,4,D,15,3,12,23.5,1,1
2025-04-26,13,5,4,A,15,5,10,33.7,1,1
2025-04-26,13,5,4,B,15,4,11,32.9,1,1
2025-04-26,13,5,4,C,15,5,10,33.9,1,1
2025-04-26,13,5,4,D,15,3,12,21.6,1,1
2025-04-26,14,5,4,A,15,2,13,17.7,1,1
2025-04-26,14,5,4,B,15,3,12,21.7,1,1
2025-04-26,14,5,4,C,15,3,12,22.4,1,1
2025-04-26,14,5,4,D,15,0,15,5.0,1,1
2025-04-26,15,5,4,A,15,5,10,39.3,1,1
2025-04-26,15,5,4,B,15,3,12,25.6,1,1
2025-04-26,15,5,4,C,15,3,12,25.1,1,1
2025-04-26,15,5,4,D,15,4,11,30.5,1,1
2025-04-26,16,5,4,A,15,3,12,23.1,1,1
2025-04-26,16,5,4,B,15,4,11,29.1,1,1
2025-04-26,16,5,4,C,15,3,12,21.2,1,1
2025-04-26,16,5,4,D,15,2,13,18.1,1,1
2025-04-26,17,5,4,A,15,2,13,18.0,1,1
2025-04-26,17,5,4,B,15,5,10,34.3,1,1
2025-04-26,17,5,4,C,15,2,13,15.9,1,1
2025-04-26,17,5,4,D,15,3,12,22.4,1,1
2025-04-26,18,5,4,A,15,1,14,9.1,1,1
2025-04-26,18,5,4,B,15,4,11,30.4,1,1
2025-04-26,18,5,4,C,15,4,11,27.3,1,1
2025-04-26,18,5,4,D,15,2,13,17.6,1,1
2025-04-26,19,5,4,A,15,3,12,22.3,1,1
2025-04-26,19,5,4,B,15,3,12,24.2,1,1
2025-04-26,19,5,4,C,15,5,10,37.2,1,1
2025-04-26,19,5,4,D,15,0,15,5.0,1,1
2025-04-26,20,5,4,A,15,2,13,16.3,1,1
2025-04-26,20,5,4,B,15,0,15,5.0,1,1
2025-04-26,20,5,4,C,15,1,14,7.7,1,1
2025-04-26,20,5,4,D,15,0,15,5.0,1,1
2025-04-26,21,5,4,A,15,0,15,6.6,1,1
2025-04-26,21,5,4,B,15,1,14,8.7,1,1
2025-04-26,21,5,4,C,15,0,15,5.0,1,1
2025-04-26,21,5,4,D,15,2,13,15.2,1,1
2025-04-27,6,6,4,A,15,0,15,5.0,1,1
2025-04-27,6,6,4,B,15,2,13,16.6,1,1
2025-04-27,6,6,4,C,15,1,14,8.4,1,1
2025-04-27,6,6,4,D,15,0,15,5.0,1,1
2025-04-27,7,6,4,A,15,2,13,15.7,1,1
2025-04-27,7,6,4,B,15,0,15,5.0,1,1
2025-04-27,7,6,4,C,15,1,14,11.3,1,1
2025-04-27,7,6,4,D,15,0,15,5.0,1,1
2025-04-27,8,6,4,A,15,5,10,37.9,1,1
2025-04-27,8,6,4,B,15,3,12,22.4,1,1
2025-04-27,8,6,4,C,15,3,12,23.2,1,1
2025-04-27,8,6,4,D,15,3,12,26.2,1,1
2025-04-27,9,6,4,A,15,4,11,28.0,1,1
2025-04-27,9,6,4,B,15,4,11,29.3,1,1
2025-04-27,9,6,4,C,15,2,13,14.7,1,1
2025-04-27,9,6,4,D,15,4,11,28.8,1,1
2025-04-27,10,6,4,A,15,7,8,48.3,1,1
2025-04-27,10,6,4,B,15,7,8,52.1,1,1
2025-04-27,10,6,4,C,15,4,11,27.5,1,1
2025-04-27,10,6,4,D,15,4,11,30.1,1,1
2025-04-27,11,6,4,A,15,2,13,15.9,1,1
2025-04-27,11,6,4,B,15,5,10,38.3,1,1
2025-04-27,11,6,4,C,15,4,11,29.8,1,1
2025-04-27,11,6,4,D,15,2,13,17.1,1,1
2025-04-27,12,6,4,A,15,6,9,40.1,1,1
2025-04-27,12,6,4,B,15,3,12,24.2,1,1
2025-04-27,12,6,4,C,15,2,13,20.0,1,1
2025-04-27,12,6,4,D,15,3,12,24.8,1,1
2025-04-27,13,6,4,A,15,3,12,21.7,1,1
2025-04-27,13,6,4,B,15,5,10,34.4,1,1
2025-04-27,13,6,4,C,15,2,13,15.2,1,1
2025-04-27,13,6,4,D,15,1,14,12.6,1,1
2025-04-27,14,6,4,A,15,3,12,20.9,1,1
2025-04-27,14,6,4,B,15,4,11,30.6,1,1
2025-04-27,14,6,4,C,15,2,13,17.1,1,1
2025-04-27,14,6,4,D,15,1,14,8.8,1,1
2025-04-27,15,6,4,A,15,3,12,23.3,1,1
2025-04-27,15,6,4,B,15,3,12,24.2,1,1
2025-04-27,15,6,4,C,15,1,14,12.6,1,1
2025-04-27,15,6,4,D,15,1,14,10.4,1,1
2025-04-27,16,6,4,A,15,6,9,45.1,1,1
2025-04-27,16,6,4,B,15,2,13,17.6,1,1
2025-04-27,16,6,4,C,15,2,13,19.5,1,1
2025-04-27,16,6,4,D,15,2,13,16.7,1,1
2025-04-27,17,6,4,A,15,3,12,20.8,1,1
2025-04-27,17,6,4,B,15,3,12,26.0,1,1
2025-04-27,17,6,4,C,15,3,12,26.5,1,1
2025-04-27,17,6,4,D,15,2,13,14.4,1,1
2025-04-27,18,6,4,A,15,2,13,14.3,1,1
2025-04-27,18,6,4,B,15,4,11,31.2,1,1
2025-04-27,18,6,4,C,15,2,13,18.1,1,1
2025-04-27,18,6,4,D,15,4,11,30.6,1,1
2025-04-27,19,6,4,A,15,0,15,6.2,1,1
2025-04-27,19,6,4,B,15,3,12,22.6,1,1
2025-04-27,19,6,4,C,15,5,10,34.2,1,1
2025-04-27,19,6,4,D,15,2,13,14.0,1,1
2025-04-27,20,6,4,A,15,1,14,8.3,1,1
2025-04-27,20,6,4,B,15,1,14,11.1,1,1
2025-04-27,20,6,4,C,15,0,15,5.0,1,1
2025-04-27,20,6,4,D,15,0,15,5.0,1,1
2025-04-27,21,6,4,A,15,1,14,7.4,1,1
2025-04-27,21,6,4,B,15,0,15,5.0,1,1
2025-04-27,21,6,4,C,15,2,13,17.7,1,1
2025-04-27,21,6,4,D,15,1,14,10.7,1,1
2025-04-28,6,0,4,A,15,6,9,42.3,0,1
2025-04-28,6,0,4,B,15,6,9,41.5,0,1
2025-04-28,6,0,4,C,15,4,11,29.4,0,1
2025-04-28,6,0,4,D,15,3,12,21.8,0,1
2025-04-28,7,0,4,A,15,5,10,35.4,0,1
2025-04-28,7,0,4,B,15,5,10,35.0,0,1
2025-04-28,7,0,4,C,15,3,12,23.0,0,1
2025-04-28,7,0,4,D,15,3,12,24.0,0,1
2025-04-28,8,0,4,A,15,14,1,93.6,0,1
2025-04-28,8,0,4,B,15,14,1,98.0,0,1
2025-04-28,8,0,4,C,15,8,7,54.3,0,1
2025-04-28,8,0,4,D,15,9,6,66.6,0,1
2025-04-28,9,0,4,A,15,14,1,98.0,0,1
2025-04-28,9,0,4,B,15,12,3,86.0,0,1
2025-04-28,9,0,4,C,15,12,3,82.5,0,1
2025-04-28,9,0,4,D,15,10,5,68.8,0,1
2025-04-28,10,0,4,A,15,13,2,92.4,0,1
2025-04-28,10,0,4,B,15,10,5,67.1,0,1
2025-04-28,10,0,4,C,15,11,4,78.1,0,1
2025-04-28,10,0,4,D,15,9,6,61.8,0,1
2025-04-28,11,0,4,A,15,11,4,79.8,0,1
2025-04-28,11,0,4,B,15,10,5,71.0,0,1
2025-04-28,11,0,4,C,15,12,3,81.5,0,1
2025-04-28,11,0,4,D,15,11,4,79.2,0,1
2025-04-28,12,0,4,A,15,13,2,88.0,0,1
2025-04-28,12,0,4,B,15,10,5,71.3,0,1
2025-04-28,12,0,4,C,15,8,7,58.1,0,1
2025-04-28,12,0,4,D,15,9,6,63.7,0,1
2025-04-28,13,0,4,A,15,14,1,98.0,0,1
2025-04-28,13,0,4,B,15,10,5,73.0,0,1
2025-04-28,13,0,4,C,15,7,8,48.5,0,1
2025-04-28,13,0,4,D,15,9,6,65.4,0,1
2025-04-28,14,0,4,A,15,13,2,88.4,0,1
2025-04-28,14,0,4,B,15,8,7,57.3,0,1
2025-04-28,14,0,4,C,15,9,6,64.4,0,1
2025-04-28,14,0,4,D,15,8,7,59.6,0,1
2025-04-28,15,0,4,A,15,11,4,79.9,0,1
2025-04-28,15,0,4,B,15,9,6,63.7,0,1
2025-04-28,15,0,4,C,15,10,5,71.1,0,1
2025-04-28,15,0,4,D,15,7,8,52.8,0,1
2025-04-28,16,0,4,A,15,10,5,68.6,0,1
2025-04-28,16,0,4,B,15,8,7,53.6,0,1
2025-04-28,16,0,4,C,15,10,5,73.1,0,1
2025-04-28,16,0,4,D,15,9,6,60.9,0,1
2025-04-28,17,0,4,A,15,10,5,69.7,0,1
2025-04-28,17,0,4,B,15,8,7,56.5,0,1
2025-04-28,17,0,4,C,15,7,8,49.8,0,1
2025-04-28,17,0,4,D,15,5,10,39.4,0,1
2025-04-28,18,0,4,A,15,9,6,65.5,0,1
2025-04-28,18,0,4,B,15,6,9,43.0,0,1
2025-04-28,18,0,4,C,15,7,8,48.1,0,1
2025-04-28,18,0,4,D,15,6,9,45.5,0,1
2025-04-28,19,0,4,A,15,11,4,73.9,0,1
2025-04-28,19,0,4,B,15,8,7,59.7,0,1
2025-04-28,19,0,4,C,15,9,6,60.4,0,1
2025-04-28,19,0,4,D,15,8,7,58.8,0,1
2025-04-28,20,0,4,A,15,5,10,37.2,0,1
2025-04-28,20,0,4,B,15,4,11,28.8,0,1
2025-04-28,20,0,4,C,15,3,12,22.6,0,1
2025-04-28,20,0,4,D,15,1,14,12.2,0,1
2025-04-28,21,0,4,A,15,5,10,34.7,0,1
2025-04-28,21,0,4,B,15,5,10,38.4,0,1
2025-04-28,21,0,4,C,15,3,12,25.2,0,1
2025-04-28,21,0,4,D,15,5,10,35.3,0,1
2025-04-29,6,1,4,A,15,4,11,28.0,0,1
2025-04-29,6,1,4,B,15,3,12,25.8,0,1
2025-04-29,6,1,4,C,15,5,10,38.3,0,1
2025-04-29,6,1,4,D,15,4,11,30.1,0,1
2025-04-29,7,1,4,A,15,7,8,50.8,0,1
2025-04-29,7,1,4,B,15,5,10,34.9,0,1
2025-04-29,7,1,4,C,15,3,12,24.6,0,1
2025-04-29,7,1,4,D,15,3,12,26.3,0,1
2025-04-29,8,1,4,A,15,12,3,85.5,0,1
2025-04-29,8,1,4,B,15,11,4,76.0,0,1
2025-04-29,8,1,4,C,15,12,3,84.3,0,1
2025-04-29,8,1,4,D,15,11,4,75.0,0,1
2025-04-29,9,1,4,A,15,14,1,98.0,0,1
2025-04-29,9,1,4,B,15,10,5,71.2,0,1
2025-04-29,9,1,4,C,15,11,4,73.6,0,1
2025-04-29,9,1,4,D,15,8,7,58.2,0,1
2025-04-29,10,1,4,A,15,14,1,98.0,0,1
2025-04-29,10,1,4,B,15,12,3,80.3,0,1
2025-04-29,10,1,4,C,15,10,5,67.8,0,1
2025-04-29,10,1,4,D,15,10,5,68.2,0,1
2025-04-29,11,1,4,A,15,12,3,81.1,0,1
2025-04-29,11,1,4,B,15,13,2,86.9,0,1
2025-04-29,11,1,4,C,15,9,6,61.6,0,1
2025-04-29,11,1,4,D,15,7,8,48.8,0,1
2025-04-29,12,1,4,A,15,10,5,69.0,0,1
2025-04-29,12,1,4,B,15,11,4,74.8,0,1
2025-04-29,12,1,4,C,15,9,6,63.0,0,1
2025-04-29,12,1,4,D,15,7,8,48.6,0,1
2025-04-29,13,1,4,A,15,14,1,95.8,0,1
2025-04-29,13,1,4,B,15,12,3,80.3,0,1
2025-04-29,13,1,4,C,15,10,5,67.3,0,1
2025-04-29,13,1,4,D,15,10,5,70.9,0,1
2025-04-29,14,1,4,A,15,12,3,85.8,0,1
2025-04-29,14,1,4,B,15,9,6,63.4,0,1
2025-04-29,14,1,4,C,15,8,7,54.7,0,1
2025-04-29,14,1,4,D,15,9,6,62.5,0,1
2025-04-29,15,1,4,A,15,12,3,83.7,0,1
2025-04-29,15,1,4,B,15,10,5,71.4,0,1
2025-04-29,15,1,4,C,15,8,7,56.2,0,1
2025-04-29,15,1,4,D,15,9,6,60.9,0,1
2025-04-29,16,1,4,A,15,11,4,74.5,0,1
2025-04-29,16,1,4,B,15,10,5,69.2,0,1
2025-04-29,16,1,4,C,15,11,4,74.6,0,1
2025-04-29,16,1,4,D,15,7,8,50.7,0,1
2025-04-29,17,1,4,A,15,8,7,56.4,0,1
2025-04-29,17,1,4,B,15,7,8,51.6,0,1
2025-04-29,17,1,4,C,15,9,6,62.0,0,1
2025-04-29,17,1,4,D,15,7,8,50.0,0,1
2025-04-29,18,1,4,A,15,10,5,68.0,0,1
2025-04-29,18,1,4,B,15,8,7,55.9,0,1
2025-04-29,18,1,4,C,15,8,7,57.9,0,1
2025-04-29,18,1,4,D,15,6,9,41.2,0,1
2025-04-29,19,1,4,A,15,10,5,71.4,0,1
2025-04-29,19,1,4,B,15,8,7,54.1,0,1
2025-04-29,19,1,4,C,15,7,8,46.8,0,1
2025-04-29,19,1,4,D,15,6,9,42.9,0,1
2025-04-29,20,1,4,A,15,3,12,25.7,0,1
2025-04-29,20,1,4,B,15,3,12,24.6,0,1
2025-04-29,20,1,4,C,15,3,12,24.4,0,1
2025-04-29,20,1,4,D,15,0,15,5.0,0,1
2025-04-29,21,1,4,A,15,3,12,22.3,0,1
2025-04-29,21,1,4,B,15,3,12,21.9,0,1
2025-04-29,21,1,4,C,15,5,10,34.5,0,1
2025-04-29,21,1,4,D,15,1,14,11.4,0,1
2025-04-30,6,2,4,A,15,6,9,41.6,0,1
2025-04-30,6,2,4,B,15,7,8,47.0,0,1
2025-04-30,6,2,4,C,15,3,12,21.0,0,1
2025-04-30,6,2,4,D,15,4,11,31.2,0,1
2025-04-30,7,2,4,A,15,5,10,33.8,0,1
2025-04-30,7,2,4,B,15,4,11,31.0,0,1
2025-04-30,7,2,4,C,15,3,12,25.1,0,1
2025-04-30,7,2,4,D,15,3,12,22.1,0,1
2025-04-30,8,2,4,A,15,14,1,98.0,0,1
2025-04-30,8,2,4,B,15,13,2,91.8,0,1
2025-04-30,8,2,4,C,15,12,3,85.3,0,1
2025-04-30,8,2,4,D,15,10,5,71.9,0,1
2025-04-30,9,2,4,A,15,12,3,84.9,0,1
2025-04-30,9,2,4,B,15,13,2,88.2,0,1
2025-04-30,9,2,4,C,15,12,3,85.1,0,1
2025-04-30,9,2,4,D,15,9,6,61.2,0,1
2025-04-30,10,2,4,A,15,14,1,98.0,0,1
2025-04-30,10,2,4,B,15,13,2,90.6,0,1
2025-04-30,10,2,4,C,15,13,2,91.3,0,1
2025-04-30,10,2,4,D,15,9,6,64.7,0,1
2025-04-30,11,2,4,A,15,11,4,77.5,0,1
2025-04-30,11,2,4,B,15,10,5,72.1,0,1
2025-04-30,11,2,4,C,15,11,4,79.0,0,1
2025-04-30,11,2,4,D,15,6,9,45.4,0,1
2025-04-30,12,2,4,A,15,10,5,69.7,0,1
2025-04-30,12,2,4,B,15,11,4,75.7,0,1
2025-04-30,12,2,4,C,15,9,6,64.0,0,1
2025-04-30,12,2,4,D,15,9,6,60.1,0,1
2025-04-30,13,2,4,A,15,14,1,93.8,0,1
2025-04-30,13,2,4,B,15,10,5,70.6,0,1
2025-04-30,13,2,4,C,15,7,8,52.5,0,1
2025-04-30,13,2,4,D,15,11,4,76.4,0,1
2025-04-30,14,2,4,A,15,10,5,72.5,0,1
2025-04-30,14,2,4,B,15,9,6,61.5,0,1
2025-04-30,14,2,4,C,15,10,5,71.8,0,1
2025-04-30,14,2,4,D,15,7,8,52.9,0,1
2025-04-30,15,2,4,A,15,11,4,80.0,0,1
2025-04-30,15,2,4,B,15,11,4,73.9,0,1
2025-04-30,15,2,4,C,15,10,5,71.7,0,1
2025-04-30,15,2,4,D,15,7,8,53.3,0,1
2025-04-30,16,2,4,A,15,13,2,92.7,0,1
2025-04-30,16,2,4,B,15,7,8,52.9,0,1
2025-04-30,16,2,4,C,15,10,5,69.1,0,1
2025-04-30,16,2,4,D,15,7,8,49.3,0,1
2025-04-30,17,2,4,A,15,11,4,80.0,0,1
2025-04-30,17,2,4,B,15,9,6,61.1,0,1
2025-04-30,17,2,4,C,15,7,8,48.6,0,1
2025-04-30,17,2,4,D,15,7,8,53.3,0,1
2025-04-30,18,2,4,A,15,11,4,76.1,0,1
2025-04-30,18,2,4,B,15,9,6,65.1,0,1
2025-04-30,18,2,4,C,15,6,9,45.8,0,1
2025-04-30,18,2,4,D,15,6,9,44.1,0,1
2025-04-30,19,2,4,A,15,10,5,69.0,0,1
2025-04-30,19,2,4,B,15,8,7,59.7,0,1
2025-04-30,19,2,4,C,15,8,7,60.0,0,1
2025-04-30,19,2,4,D,15,4,11,31.9,0,1
2025-04-30,20,2,4,A,15,4,11,31.4,0,1
2025-04-30,20,2,4,B,15,3,12,22.7,0,1
2025-04-30,20,2,4,C,15,2,13,15.8,0,1
2025-04-30,20,2,4,D,15,2,13,14.1,0,1
2025-04-30,21,2,4,A,15,4,11,27.0,0,1
2025-04-30,21,2,4,B,15,0,15,5.0,0,1
2025-04-30,21,2,4,C,15,2,13,16.9,0,1
2025-04-30,21,2,4,D,15,1,14,13.0,0,1
2025-05-01,6,3,5,A,15,6,9,44.5,0,1
2025-05-01,6,3,5,B,15,4,11,28.6,0,1
2025-05-01,6,3,5,C,15,4,11,29.8,0,1
2025-05-01,6,3,5,D,15,6,9,40.3,0,1
2025-05-01,7,3,5,A,15,7,8,48.2,0,1
2025-05-01,7,3,5,B,15,6,9,42.2,0,1
2025-05-01,7,3,5,C,15,4,11,27.5,0,1
2025-05-01,7,3,5,D,15,4,11,32.3,0,1
2025-05-01,8,3,5,A,15,14,1,95.9,0,1
2025-05-01,8,3,5,B,15,12,3,83.4,0,1
2025-05-01,8,3,5,C,15,11,4,79.8,0,1
2025-05-01,8,3,5,D,15,9,6,63.2,0,1
2025-05-01,9,3,5,A,15,14,1,98.0,0,1
2025-05-01,9,3,5,B,15,12,3,83.7,0,1
2025-05-01,9,3,5,C,15,12,3,81.4,0,1
2025-05-01,9,3,5,D,15,11,4,79.6,0,1
2025-05-01,10,3,5,A,15,14,1,98.0,0,1
2025-05-01,10,3,5,B,15,11,4,73.7,0,1
2025-05-01,10,3,5,C,15,12,3,80.1,0,1
2025-05-01,10,3,5,D,15,11,4,74.8,0,1
2025-05-01,11,3,5,A,15,14,1,93.4,0,1
2025-05-01,11,3,5,B,15,9,6,66.1,0,1
2025-05-01,11,3,5,C,15,9,6,62.2,0,1
2025-05-01,11,3,5,D,15,10,5,68.0,0,1
2025-05-01,12,3,5,A,15,12,3,80.2,0,1
2025-05-01,12,3,5,B,15,10,5,72.6,0,1
2025-05-01,12,3,5,C,15,12,3,80.1,0,1
2025-05-01,12,3,5,D,15,8,7,59.6,0,1
2025-05-01,13,3,5,A,15,12,3,80.4,0,1
2025-05-01,13,3,5,B,15,10,5,68.0,0,1
2025-05-01,13,3,5,C,15,10,5,70.2,0,1
2025-05-01,13,3,5,D,15,7,8,49.3,0,1
2025-05-01,14,3,5,A,15,11,4,78.5,0,1
2025-05-01,14,3,5,B,15,10,5,72.7,0,1
2025-05-01,14,3,5,C,15,11,4,73.4,0,1
2025-05-01,14,3,5,D,15,9,6,61.3,0,1
2025-05-01,15,3,5,A,15,11,4,74.8,0,1
2025-05-01,15,3,5,B,15,11,4,79.4,0,1
2025-05-01,15,3,5,C,15,9,6,60.6,0,1
2025-05-01,15,3,5,D,15,6,9,46.1,0,1
2025-05-01,16,3,5,A,15,11,4,79.1,0,1
2025-05-01,16,3,5,B,15,12,3,81.5,0,1
2025-05-01,16,3,5,C,15,9,6,64.3,0,1
2025-05-01,16,3,5,D,15,8,7,56.1,0,1
2025-05-01,17,3,5,A,15,12,3,82.1,0,1
2025-05-01,17,3,5,B,15,7,8,48.5,0,1
2025-05-01,17,3,5,C,15,6,9,43.7,0,1
2025-05-01,17,3,5,D,15,5,10,35.1,0,1
2025-05-01,18,3,5,A,15,10,5,72.0,0,1
2025-05-01,18,3,5,B,15,9,6,61.3,0,1
2025-05-01,18,3,5,C,15,9,6,66.3,0,1
2025-05-01,18,3,5,D,15,7,8,49.9,0,1
2025-05-01,19,3,5,A,15,9,6,65.8,0,1
2025-05-01,19,3,5,B,15,9,6,60.0,0,1
2025-05-01,19,3,5,C,15,8,7,54.9,0,1
2025-05-01,19,3,5,D,15,5,10,34.6,0,1
2025-05-01,20,3,5,A,15,7,8,50.4,0,1
2025-05-01,20,3,5,B,15,4,11,29.2,0,1
2025-05-01,20,3,5,C,15,3,12,24.2,0,1
2025-05-01,20,3,5,D,15,3,12,24.9,0,1
2025-05-01,21,3,5,A,15,5,10,34.4,0,1
2025-05-01,21,3,5,B,15,3,12,23.9,0,1
2025-05-01,21,3,5,C,15,2,13,17.5,0,1
2025-05-01,21,3,5,D,15,3,12,24.8,0,1
2025-05-02,6,4,5,A,15,6,9,43.3,0,1
2025-05-02,6,4,5,B,15,4,11,28.5,0,1
2025-05-02,6,4,5,C,15,6,9,42.9,0,1
2025-05-02,6,4,5,D,15,4,11,30.3,0,1
2025-05-02,7,4,5,A,15,6,9,46.1,0,1
2025-05-02,7,4,5,B,15,6,9,46.1,0,1
2025-05-02,7,4,5,C,15,4,11,31.7,0,1
2025-05-02,7,4,5,D,15,4,11,30.5,0,1
2025-05-02,8,4,5,A,15,14,1,98.0,0,1
2025-05-02,8,4,5,B,15,11,4,79.2,0,1
2025-05-02,8,4,5,C,15,11,4,76.9,0,1
2025-05-02,8,4,5,D,15,10,5,69.0,0,1
2025-05-02,9,4,5,A,15,13,2,90.1,0,1
2025-05-02,9,4,5,B,15,14,1,98.0,0,1
2025-05-02,9,4,5,C,15,9,6,65.2,0,1
2025-05-02,9,4,5,D,15,8,7,57.6,0,1
2025-05-02,10,4,5,A,15,14,1,98.0,0,1
2025-05-02,10,4,5,B,15,13,2,90.7,0,1
2025-05-02,10,4,5,C,15,10,5,68.3,0,1
2025-05-02,10,4,5,D,15,10,5,72.9,0,1
2025-05-02,11,4,5,A,15,14,1,98.0,0,1
2025-05-02,11,4,5,B,15,11,4,74.8,0,1
2025-05-02,11,4,5,C,15,13,2,88.3,0,1
2025-05-02,11,4,5,D,15,6,9,46.2,0,1
2025-05-02,12,4,5,A,15,13,2,91.8,0,1
2025-05-02,12,4,5,B,15,12,3,84.3,0,1
2025-05-02,12,4,5,C,15,11,4,74.6,0,1
2025-05-02,12,4,5,D,15,8,7,58.4,0,1
2025-05-02,13,4,5,A,15,12,3,83.9,0,1
2025-05-02,13,4,5,B,15,11,4,78.6,0,1
2025-05-02,13,4,5,C,15,11,4,74.0,0,1
2025-05-02,13,4,5,D,15,9,6,64.8,0,1
2025-05-02,14,4,5,A,15,13,2,88.8,0,1
2025-05-02,14,4,5,B,15,9,6,61.8,0,1
2025-05-02,14,4,5,C,15,9,6,61.2,0,1
2025-05-02,14,4,5,D,15,7,8,48.5,0,1
2025-05-02,15,4,5,A,15,11,4,77.4,0,1
2025-05-02,15,4,5,B,15,11,4,78.1,0,1
2025-05-02,15,4,5,C,15,9,6,63.9,0,1
2025-05-02,15,4,5,D,15,11,4,76.9,0,1
2025-05-02,16,4,5,A,15,12,3,82.0,0,1
2025-05-02,16,4,5,B,15,10,5,70.5,0,1
2025-05-02,16,4,5,C,15,9,6,63.8,0,1
2025-05-02,16,4,5,D,15,7,8,50.9,0,1
2025-05-02,17,4,5,A,15,10,5,68.5,0,1
2025-05-02,17,4,5,B,15,10,5,69.0,0,1
2025-05-02,17,4,5,C,15,8,7,54.9,0,1
2025-05-02,17,4,5,D,15,6,9,41.7,0,1
2025-05-02,18,4,5,A,15,9,6,61.6,0,1
2025-05-02,18,4,5,B,15,8,7,56.4,0,1
2025-05-02,18,4,5,C,15,8,7,54.6,0,1
2025-05-02,18,4,5,D,15,8,7,57.5,0,1
2025-05-02,19,4,5,A,15,8,7,58.3,0,1
2025-05-02,19,4,5,B,15,8,7,57.4,0,1
2025-05-02,19,4,5,C,15,8,7,55.2,0,1
2025-05-02,19,4,5,D,15,4,11,33.3,0,1
2025-05-02,20,4,5,A,15,3,12,22.1,0,1
2025-05-02,20,4,5,B,15,2,13,19.6,0,1
2025-05-02,20,4,5,C,15,2,13,16.1,0,1
2025-05-02,20,4,5,D,15,3,12,21.5,0,1
2025-05-02,21,4,5,A,15,4,11,27.5,0,1
2025-05-02,21,4,5,B,15,3,12,20.6,0,1
2025-05-02,21,4,5,C,15,3,12,25.9,0,1
2025-05-02,21,4,5,D,15,5,10,33.8,0,1
2025-05-03,6,5,5,A,15,4,11,27.2,1,1
2025-05-03,6,5,5,B,15,0,15,5.0,1,1
2025-05-03,6,5,5,C,15,2,13,15.6,1,1
2025-05-03,6,5,5,D,15,1,14,8.4,1,1
2025-05-03,7,5,5,A,15,2,13,15.3,1,1
2025-05-03,7,5,5,B,15,1,14,9.1,1,1
2025-05-03,7,5,5,C,15,1,14,12.0,1,1
2025-05-03,7,5,5,D,15,1,14,11.0,1,1
2025-05-03,8,5,5,A,15,4,11,29.6,1,1
2025-05-03,8,5,5,B,15,3,12,22.6,1,1
2025-05-03,8,5,5,C,15,3,12,23.2,1,1
2025-05-03,8,5,5,D,15,3,12,25.7,1,1
2025-05-03,9,5,5,A,15,5,10,39.0,1,1
2025-05-03,9,5,5,B,15,5,10,36.6,1,1
2025-05-03,9,5,5,C,15,3,12,22.8,1,1
2025-05-03,9,5,5,D,15,3,12,26.1,1,1
2025-05-03,10,5,5,A,15,6,9,41.9,1,1
2025-05-03,10,5,5,B,15,5,10,39.1,1,1
2025-05-03,10,5,5,C,15,3,12,26.3,1,1
2025-05-03,10,5,5,D,15,3,12,22.0,1,1
2025-05-03,11,5,5,A,15,4,11,31.7,1,1
2025-05-03,11,5,5,B,15,2,13,17.1,1,1
2025-05-03,11,5,5,C,15,3,12,22.1,1,1
2025-05-03,11,5,5,D,15,4,11,27.0,1,1
2025-05-03,12,5,5,A,15,5,10,35.3,1,1
2025-05-03,12,5,5,B,15,3,12,24.1,1,1
2025-05-03,12,5,5,C,15,3,12,25.4,1,1
2025-05-03,12,5,5,D,15,2,13,14.4,1,1
2025-05-03,13,5,5,A,15,5,10,35.8,1,1
2025-05-03,13,5,5,B,15,3,12,25.6,1,1
2025-05-03,13,5,5,C,15,3,12,21.4,1,1
2025-05-03,13,5,5,D,15,2,13,18.1,1,1
2025-05-03,14,5,5,A,15,4,11,27.7,1,1
2025-05-03,14,5,5,B,15,3,12,20.9,1,1
2025-05-03,14,5,5,C,15,4,11,27.3,1,1
2025-05-03,14,5,5,D,15,2,13,16.4,1,1
2025-05-03,15,5,5,A,15,6,9,40.9,1,1
2025-05-03,15,5,5,B,15,5,10,36.2,1,1
2025-05-03,15,5,5,C,15,2,13,14.9,1,1
2025-05-03,15,5,5,D,15,3,12,20.2,1,1
2025-05-03,16,5,5,A,15,3,12,23.0,1,1
2025-05-03,16,5,5,B,15,3,12,21.9,1,1
2025-05-03,16,5,5,C,15,5,10,38.1,1,1
2025-05-03,16,5,5,D,15,2,13,17.1,1,1
2025-05-03,17,5,5,A,15,4,11,27.0,1,1
2025-05-03,17,5,5,B,15,3,12,25.3,1,1
2025-05-03,17,5,5,C,15,1,14,10.9,1,1
2025-05-03,17,5,5,D,15,1,14,10.0,1,1
2025-05-03,18,5,5,A,15,2,13,14.5,1,1
2025-05-03,18,5,5,B,15,2,13,13.9,1,1
2025-05-03,18,5,5,C,15,0,15,5.0,1,1
2025-05-03,18,5,5,D,15,3,12,21.2,1,1
2025-05-03,19,5,5,A,15,6,9,40.6,1,1
2025-05-03,19,5,5,B,15,3,12,22.2,1,1
2025-05-03,19,5,5,C,15,1,14,7.6,1,1
2025-05-03,19,5,5,D,15,1,14,11.7,1,1
2025-05-03,20,5,5,A,15,0,15,6.4,1,1
2025-05-03,20,5,5,B,15,0,15,5.0,1,1
2025-05-03,20,5,5,C,15,2,13,14.8,1,1
2025-05-03,20,5,5,D,15,2,13,13.5,1,1
2025-05-03,21,5,5,A,15,0,15,5.0,1,1
2025-05-03,21,5,5,B,15,2,13,14.6,1,1
2025-05-03,21,5,5,C,15,3,12,20.1,1,1
2025-05-03,21,5,5,D,15,3,12,22.2,1,1
2025-05-04,6,6,5,A,15,5,10,37.0,1,1
2025-05-04,6,6,5,B,15,0,15,5.0,1,1
2025-05-04,6,6,5,C,15,5,10,33.6,1,1
2025-05-04,6,6,5,D,15,1,14,7.0,1,1
2025-05-04,7,6,5,A,15,1,14,9.3,1,1
2025-05-04,7,6,5,B,15,2,13,14.9,1,1
2025-05-04,7,6,5,C,15,0,15,6.4,1,1
2025-05-04,7,6,5,D,15,1,14,13.0,1,1
2025-05-04,8,6,5,A,15,3,12,23.7,1,1
2025-05-04,8,6,5,B,15,4,11,27.8,1,1
2025-05-04,8,6,5,C,15,5,10,37.1,1,1
2025-05-04,8,6,5,D,15,3,12,23.3,1,1
2025-05-04,9,6,5,A,15,5,10,35.3,1,1
2025-05-04,9,6,5,B,15,5,10,33.6,1,1
2025-05-04,9,6,5,C,15,5,10,36.1,1,1
2025-05-04,9,6,5,D,15,1,14,10.6,1,1
2025-05-04,10,6,5,A,15,5,10,38.9,1,1
2025-05-04,10,6,5,B,15,4,11,27.6,1,1
2025-05-04,10,6,5,C,15,4,11,28.1,1,1
2025-05-04,10,6,5,D,15,4,11,32.3,1,1
2025-05-04,11,6,5,A,15,3,12,20.6,1,1
2025-05-04,11,6,5,B,15,2,13,18.1,1,1
2025-05-04,11,6,5,C,15,1,14,8.1,1,1
2025-05-04,11,6,5,D,15,2,13,16.6,1,1
2025-05-04,12,6,5,A,15,6,9,40.8,1,1
2025-05-04,12,6,5,B,15,3,12,25.3,1,1
2025-05-04,12,6,5,C,15,1,14,12.9,1,1
2025-05-04,12,6,5,D,15,2,13,17.1,1,1
2025-05-04,13,6,5,A,15,2,13,18.3,1,1
2025-05-04,13,6,5,B,15,2,13,17.2,1,1
2025-05-04,13,6,5,C,15,4,11,26.7,1,1
2025-05-04,13,6,5,D,15,1,14,11.6,1,1
2025-05-04,14,6,5,A,15,5,10,37.1,1,1
2025-05-04,14,6,5,B,15,3,12,23.9,1,1
2025-05-04,14,6,5,C,15,3,12,22.7,1,1
2025-05-04,14,6,5,D,15,2,13,17.4,1,1
2025-05-04,15,6,5,A,15,5,10,34.4,1,1
2025-05-04,15,6,5,B,15,4,11,30.8,1,1
2025-05-04,15,6,5,C,15,3,12,24.7,1,1
2025-05-04,15,6,5,D,15,3,12,24.1,1,1
2025-05-04,16,6,5,A,15,3,12,26.5,1,1
2025-05-04,16,6,5,B,15,4,11,28.8,1,1
2025-05-04,16,6,5,C,15,2,13,19.3,1,1
2025-05-04,16,6,5,D,15,2,13,19.6,1,1
2025-05-04,17,6,5,A,15,3,12,22.0,1,1
2025-05-04,17,6,5,B,15,2,13,17.3,1,1
2025-05-04,17,6,5,C,15,2,13,13.4,1,1
2025-05-04,17,6,5,D,15,3,12,20.5,1,1
2025-05-04,18,6,5,A,15,5,10,34.6,1,1
2025-05-04,18,6,5,B,15,4,11,30.4,1,1
2025-05-04,18,6,5,C,15,1,14,8.8,1,1
2025-05-04,18,6,5,D,15,4,11,27.1,1,1
2025-05-04,19,6,5,A,15,3,12,21.6,1,1
2025-05-04,19,6,5,B,15,3,12,25.8,1,1
2025-05-04,19,6,5,C,15,1,14,11.7,1,1
2025-05-04,19,6,5,D,15,2,13,17.9,1,1
2025-05-04,20,6,5,A,15,1,14,12.6,1,1
2025-05-04,20,6,5,B,15,0,15,5.0,1,1
2025-05-04,20,6,5,C,15,1,14,12.7,1,1
2025-05-04,20,6,5,D,15,2,13,17.8,1,1
2025-05-04,21,6,5,A,15,1,14,8.7,1,1
2025-05-04,21,6,5,B,15,2,13,19.6,1,1
2025-05-04,21,6,5,C,15,0,15,6.4,1,1
2025-05-04,21,6,5,D,15,2,13,13.8,1,1
2025-05-05,6,0,5,A,15,3,12,22.5,0,1
2025-05-05,6,0,5,B,15,8,7,54.4,0,1
2025-05-05,6,0,5,C,15,6,9,43.5,0,1
2025-05-05,6,0,5,D,15,3,12,25.7,0,1
2025-05-05,7,0,5,A,15,3,12,24.5,0,1
2025-05-05,7,0,5,B,15,5,10,37.3,0,1
2025-05-05,7,0,5,C,15,2,13,19.9,0,1
2025-05-05,7,0,5,D,15,4,11,31.6,0,1
2025-05-05,8,0,5,A,15,14,1,98.0,0,1
2025-05-05,8,0,5,B,15,11,4,77.5,0,1
2025-05-05,8,0,5,C,15,12,3,85.5,0,1
2025-05-05,8,0,5,D,15,11,4,74.4,0,1
2025-05-05,9,0,5,A,15,14,1,98.0,0,1
2025-05-05,9,0,5,B,15,12,3,85.1,0,1
2025-05-05,9,0,5,C,15,9,6,65.2,0,1
2025-05-05,9,0,5,D,15,11,4,75.8,0,1
2025-05-05,10,0,5,A,15,14,1,95.6,0,1
2025-05-05,10,0,5,B,15,11,4,73.9,0,1
2025-05-05,10,0,5,C,15,13,2,87.3,0,1
2025-05-05,10,0,5,D,15,12,3,84.8,0,1
2025-05-05,11,0,5,A,15,12,3,85.9,0,1
2025-05-05,11,0,5,B,15,13,2,92.3,0,1
2025-05-05,11,0,5,C,15,10,5,68.2,0,1
2025-05-05,11,0,5,D,15,8,7,57.0,0,1
2025-05-05,12,0,5,A,15,12,3,81.2,0,1
2025-05-05,12,0,5,B,15,13,2,88.1,0,1
2025-05-05,12,0,5,C,15,9,6,61.3,0,1
2025-05-05,12,0,5,D,15,9,6,65.9,0,1
2025-05-05,13,0,5,A,15,12,3,81.8,0,1
2025-05-05,13,0,5,B,15,10,5,71.3,0,1
2025-05-05,13,0,5,C,15,11,4,75.7,0,1
2025-05-05,13,0,5,D,15,8,7,57.0,0,1
2025-05-05,14,0,5,A,15,11,4,77.3,0,1
2025-05-05,14,0,5,B,15,11,4,79.1,0,1
2025-05-05,14,0,5,C,15,11,4,75.8,0,1
2025-05-05,14,0,5,D,15,9,6,61.2,0,1
2025-05-05,15,0,5,A,15,11,4,75.3,0,1
2025-05-05,15,0,5,B,15,9,6,65.9,0,1
2025-05-05,15,0,5,C,15,9,6,63.6,0,1
2025-05-05,15,0,5,D,15,8,7,58.6,0,1
2025-05-05,16,0,5,A,15,10,5,72.6,0,1
2025-05-05,16,0,5,B,15,11,4,75.8,0,1
2025-05-05,16,0,5,C,15,9,6,63.7,0,1
2025-05-05,16,0,5,D,15,6,9,42.3,0,1
2025-05-05,17,0,5,A,15,9,6,61.6,0,1
2025-05-05,17,0,5,B,15,8,7,56.0,0,1
2025-05-05,17,0,5,C,15,8,7,53.4,0,1
2025-05-05,17,0,5,D,15,9,6,63.1,0,1
2025-05-05,18,0,5,A,15,10,5,70.9,0,1
2025-05-05,18,0,5,B,15,7,8,53.3,0,1
2025-05-05,18,0,5,C,15,8,7,55.8,0,1
2025-05-05,18,0,5,D,15,6,9,45.2,0,1
2025-05-05,19,0,5,A,15,10,5,71.6,0,1
2025-05-05,19,0,5,B,15,9,6,64.6,0,1
2025-05-05,19,0,5,C,15,9,6,63.7,0,1
2025-05-05,19,0,5,D,15,7,8,47.8,0,1
2025-05-05,20,0,5,A,15,6,9,41.9,0,1
2025-05-05,20,0,5,B,15,4,11,32.3,0,1
2025-05-05,20,0,5,C,15,2,13,16.8,0,1
2025-05-05,20,0,5,D,15,5,10,37.7,0,1
2025-05-05,21,0,5,A,15,4,11,31.4,0,1
2025-05-05,21,0,5,B,15,2,13,18.3,0,1
2025-05-05,21,0,5,C,15,5,10,35.7,0,1
2025-05-05,21,0,5,D,15,5,10,36.6,0,1
2025-05-06,6,1,5,A,15,5,10,40.0,0,1
2025-05-06,6,1,5,B,15,4,11,31.0,0,1
2025-05-06,6,1,5,C,15,4,11,30.1,0,1
2025-05-06,6,1,5,D,15,5,10,33.7,0,1
2025-05-06,7,1,5,A,15,7,8,50.5,0,1
2025-05-06,7,1,5,B,15,5,10,39.6,0,1
2025-05-06,7,1,5,C,15,4,11,32.3,0,1
2025-05-06,7,1,5,D,15,5,10,40.0,0,1
2025-05-06,8,1,5,A,15,14,1,95.2,0,1
2025-05-06,8,1,5,B,15,13,2,93.2,0,1
2025-05-06,8,1,5,C,15,11,4,74.2,0,1
2025-05-06,8,1,5,D,15,10,5,71.4,0,1
2025-05-06,9,1,5,A,15,14,1,96.8,0,1
2025-05-06,9,1,5,B,15,12,3,84.6,0,1
2025-05-06,9,1,5,C,15,11,4,73.5,0,1
2025-05-06,9,1,5,D,15,11,4,78.8,0,1
2025-05-06,10,1,5,A,15,13,2,91.9,0,1
2025-05-06,10,1,5,B,15,11,4,79.1,0,1
2025-05-06,10,1,5,C,15,14,1,93.5,0,1
2025-05-06,10,1,5,D,15,11,4,75.8,0,1
2025-05-06,11,1,5,A,15,10,5,67.2,0,1
2025-05-06,11,1,5,B,15,10,5,70.5,0,1
2025-05-06,11,1,5,C,15,7,8,53.0,0,1
2025-05-06,11,1,5,D,15,7,8,52.4,0,1
2025-05-06,12,1,5,A,15,9,6,61.1,0,1
2025-05-06,12,1,5,B,15,11,4,73.9,0,1
2025-05-06,12,1,5,C,15,8,7,58.4,0,1
2025-05-06,12,1,5,D,15,9,6,60.5,0,1
2025-05-06,13,1,5,A,15,10,5,73.2,0,1
2025-05-06,13,1,5,B,15,11,4,75.7,0,1
2025-05-06,13,1,5,C,15,9,6,64.2,0,1
2025-05-06,13,1,5,D,15,10,5,72.0,0,1
2025-05-06,14,1,5,A,15,13,2,91.8,0,1
2025-05-06,14,1,5,B,15,11,4,76.3,0,1
2025-05-06,14,1,5,C,15,9,6,60.4,0,1
2025-05-06,14,1,5,D,15,10,5,71.9,0,1
2025-05-06,15,1,5,A,15,10,5,68.1,0,1
2025-05-06,15,1,5,B,15,8,7,58.8,0,1
2025-05-06,15,1,5,C,15,9,6,62.3,0,1
2025-05-06,15,1,5,D,15,11,4,74.0,0,1
2025-05-06,16,1,5,A,15,11,4,78.9,0,1
2025-05-06,16,1,5,B,15,10,5,68.5,0,1
2025-05-06,16,1,5,C,15,7,8,51.5,0,1
2025-05-06,16,1,5,D,15,9,6,63.6,0,1
2025-05-06,17,1,5,A,15,11,4,76.6,0,1
2025-05-06,17,1,5,B,15,9,6,66.3,0,1
2025-05-06,17,1,5,C,15,7,8,49.0,0,1
2025-05-06,17,1,5,D,15,6,9,42.3,0,1
2025-05-06,18,1,5,A,15,8,7,58.7,0,1
2025-05-06,18,1,5,B,15,9,6,60.7,0,1
2025-05-06,18,1,5,C,15,6,9,45.4,0,1
2025-05-06,18,1,5,D,15,5,10,38.6,0,1
2025-05-06,19,1,5,A,15,9,6,65.6,0,1
2025-05-06,19,1,5,B,15,8,7,56.1,0,1
2025-05-06,19,1,5,C,15,7,8,49.7,0,1
2025-05-06,19,1,5,D,15,7,8,51.7,0,1
2025-05-06,20,1,5,A,15,4,11,29.4,0,1
2025-05-06,20,1,5,B,15,3,12,22.7,0,1
2025-05-06,20,1,5,C,15,3,12,24.0,0,1
2025-05-06,20,1,5,D,15,1,14,12.1,0,1
2025-05-06,21,1,5,A,15,4,11,29.6,0,1
2025-05-06,21,1,5,B,15,3,12,26.2,0,1
2025-05-06,21,1,5,C,15,1,14,10.5,0,1
2025-05-06,21,1,5,D,15,4,11,28.0,0,1
2025-05-07,6,2,5,A,15,4,11,33.2,0,1
2025-05-07,6,2,5,B,15,5,10,35.7,0,1
2025-05-07,6,2,5,C,15,6,9,40.8,0,1
2025-05-07,6,2,5,D,15,5,10,35.4,0,1
2025-05-07,7,2,5,A,15,6,9,40.5,0,1
2025-05-07,7,2,5,B,15,4,11,32.1,0,1
2025-05-07,7,2,5,C,15,5,10,39.1,0,1
2025-05-07,7,2,5,D,15,5,10,33.4,0,1
2025-05-07,8,2,5,A,15,13,2,92.8,0,1
2025-05-07,8,2,5,B,15,11,4,78.6,0,1
2025-05-07,8,2,5,C,15,8,7,59.9,0,1
2025-05-07,8,2,5,D,15,10,5,69.2,0,1
2025-05-07,9,2,5,A,15,14,1,97.1,0,1
2025-05-07,9,2,5,B,15,14,1,94.1,0,1
2025-05-07,9,2,5,C,15,11,4,79.4,0,1
2025-05-07,9,2,5,D,15,11,4,78.7,0,1
2025-05-07,10,2,5,A,15,13,2,92.2,0,1
2025-05-07,10,2,5,B,15,14,1,94.1,0,1
2025-05-07,10,2,5,C,15,10,5,72.3,0,1
2025-05-07,10,2,5,D,15,11,4,74.2,0,1
2025-05-07,11,2,5,A,15,11,4,74.6,0,1
2025-05-07,11,2,5,B,15,11,4,76.9,0,1
2025-05-07,11,2,5,C,15,7,8,51.6,0,1
2025-05-07,11,2,5,D,15,8,7,57.9,0,1
2025-05-07,12,2,5,A,15,13,2,89.8,0,1
2025-05-07,12,2,5,B,15,10,5,70.8,0,1
2025-05-07,12,2,5,C,15,8,7,59.1,0,1
2025-05-07,12,2,5,D,15,10,5,66.8,0,1
2025-05-07,13,2,5,A,15,12,3,85.4,0,1
2025-05-07,13,2,5,B,15,10,5,71.1,0,1
2025-05-07,13,2,5,C,15,10,5,67.8,0,1
2025-05-07,13,2,5,D,15,12,3,81.1,0,1
2025-05-07,14,2,5,A,15,13,2,89.7,0,1
2025-05-07,14,2,5,B,15,11,4,79.3,0,1
2025-05-07,14,2,5,C,15,9,6,66.5,0,1
2025-05-07,14,2,5,D,15,8,7,57.3,0,1
2025-05-07,15,2,5,A,15,9,6,61.3,0,1
2025-05-07,15,2,5,B,15,9,6,64.6,0,1
2025-05-07,15,2,5,C,15,8,7,59.2,0,1
2025-05-07,15,2,5,D,15,6,9,41.0,0,1
2025-05-07,16,2,5,A,15,10,5,71.2,0,1
2025-05-07,16,2,5,B,15,8,7,54.2,0,1
2025-05-07,16,2,5,C,15,9,6,62.7,0,1
2025-05-07,16,2,5,D,15,9,6,62.6,0,1
2025-05-07,17,2,5,A,15,11,4,77.9,0,1
2025-05-07,17,2,5,B,15,9,6,63.3,0,1
2025-05-07,17,2,5,C,15,6,9,46.3,0,1
2025-05-07,17,2,5,D,15,4,11,32.5,0,1
2025-05-07,18,2,5,A,15,8,7,54.9,0,1
2025-05-07,18,2,5,B,15,7,8,49.8,0,1
2025-05-07,18,2,5,C,15,7,8,46.9,0,1
2025-05-07,18,2,5,D,15,7,8,46.7,0,1
2025-05-07,19,2,5,A,15,9,6,60.9,0,1
2025-05-07,19,2,5,B,15,9,6,62.7,0,1
2025-05-07,19,2,5,C,15,7,8,52.1,0,1
2025-05-07,19,2,5,D,15,7,8,48.1,0,1
2025-05-07,20,2,5,A,15,5,10,37.9,0,1
2025-05-07,20,2,5,B,15,2,13,15.6,0,1
2025-05-07,20,2,5,C,15,3,12,25.8,0,1
2025-05-07,20,2,5,D,15,2,13,19.9,0,1
2025-05-07,21,2,5,A,15,3,12,26.1,0,1
2025-05-07,21,2,5,B,15,4,11,32.1,0,1
2025-05-07,21,2,5,C,15,4,11,29.5,0,1
2025-05-07,21,2,5,D,15,1,14,12.4,0,1
2025-05-08,6,3,5,A,15,5,10,38.8,0,1
2025-05-08,6,3,5,B,15,5,10,37.2,0,1
2025-05-08,6,3,5,C,15,4,11,29.3,0,1
2025-05-08,6,3,5,D,15,4,11,32.7,0,1
2025-05-08,7,3,5,A,15,6,9,42.5,0,1
2025-05-08,7,3,5,B,15,7,8,49.7,0,1
2025-05-08,7,3,5,C,15,2,13,19.3,0,1
2025-05-08,7,3,5,D,15,4,11,27.0,0,1
2025-05-08,8,3,5,A,15,13,2,90.5,0,1
2025-05-08,8,3,5,B,15,13,2,89.8,0,1
2025-05-08,8,3,5,C,15,9,6,63.6,0,1
2025-05-08,8,3,5,D,15,10,5,70.8,0,1
2025-05-08,9,3,5,A,15,13,2,92.7,0,1
2025-05-08,9,3,5,B,15,11,4,79.1,0,1
2025-05-08,9,3,5,C,15,9,6,64.9,0,1
2025-05-08,9,3,5,D,15,9,6,64.3,0,1
2025-05-08,10,3,5,A,15,14,1,98.0,0,1
2025-05-08,10,3,5,B,15,12,3,84.8,0,1
2025-05-08,10,3,5,C,15,12,3,81.5,0,1
2025-05-08,10,3,5,D,15,12,3,81.3,0,1
2025-05-08,11,3,5,A,15,13,2,88.4,0,1
2025-05-08,11,3,5,B,15,10,5,70.5,0,1
2025-05-08,11,3,5,C,15,10,5,71.2,0,1
2025-05-08,11,3,5,D,15,8,7,55.6,0,1
2025-05-08,12,3,5,A,15,12,3,82.2,0,1
2025-05-08,12,3,5,B,15,9,6,62.8,0,1
2025-05-08,12,3,5,C,15,11,4,74.9,0,1
2025-05-08,12,3,5,D,15,8,7,56.9,0,1
2025-05-08,13,3,5,A,15,13,2,87.7,0,1
2025-05-08,13,3,5,B,15,10,5,66.7,0,1
2025-05-08,13,3,5,C,15,10,5,71.0,0,1
2025-05-08,13,3,5,D,15,8,7,53.9,0,1
2025-05-08,14,3,5,A,15,11,4,79.4,0,1
2025-05-08,14,3,5,B,15,11,4,77.0,0,1
2025-05-08,14,3,5,C,15,10,5,69.3,0,1
2025-05-08,14,3,5,D,15,8,7,55.8,0,1
2025-05-08,15,3,5,A,15,9,6,66.4,0,1
2025-05-08,15,3,5,B,15,14,1,93.9,0,1
2025-05-08,15,3,5,C,15,11,4,77.0,0,1
2025-05-08,15,3,5,D,15,9,6,61.8,0,1
2025-05-08,16,3,5,A,15,11,4,74.5,0,1
2025-05-08,16,3,5,B,15,10,5,69.1,0,1
2025-05-08,16,3,5,C,15,8,7,58.7,0,1
2025-05-08,16,3,5,D,15,9,6,66.1,0,1
2025-05-08,17,3,5,A,15,10,5,71.1,0,1
2025-05-08,17,3,5,B,15,8,7,53.7,0,1
2025-05-08,17,3,5,C,15,7,8,50.2,0,1
2025-05-08,17,3,5,D,15,8,7,57.0,0,1
2025-05-08,18,3,5,A,15,12,3,81.8,0,1
2025-05-08,18,3,5,B,15,10,5,72.2,0,1
2025-05-08,18,3,5,C,15,9,6,60.1,0,1
2025-05-08,18,3,5,D,15,6,9,46.0,0,1
2025-05-08,19,3,5,A,15,6,9,43.1,0,1
2025-05-08,19,3,5,B,15,9,6,62.4,0,1
2025-05-08,19,3,5,C,15,8,7,54.0,0,1
2025-05-08,19,3,5,D,15,7,8,49.1,0,1
2025-05-08,20,3,5,A,15,4,11,29.2,0,1
2025-05-08,20,3,5,B,15,2,13,14.4,0,1
2025-05-08,20,3,5,C,15,4,11,27.0,0,1
2025-05-08,20,3,5,D,15,3,12,25.1,0,1
2025-05-08,21,3,5,A,15,5,10,34.2,0,1
2025-05-08,21,3,5,B,15,4,11,32.6,0,1
2025-05-08,21,3,5,C,15,4,11,27.3,0,1
2025-05-08,21,3,5,D,15,2,13,16.7,0,1
2025-05-09,6,4,5,A,15,5,10,39.7,0,1
2025-05-09,6,4,5,B,15,5,10,35.7,0,1
2025-05-09,6,4,5,C,15,4,11,32.4,0,1
2025-05-09,6,4,5,D,15,5,10,36.0,0,1
2025-05-09,7,4,5,A,15,6,9,45.4,0,1
2025-05-09,7,4,5,B,15,7,8,51.6,0,1
2025-05-09,7,4,5,C,15,7,8,49.2,0,1
2025-05-09,7,4,5,D,15,4,11,28.6,0,1
2025-05-09,8,4,5,A,15,10,5,67.1,0,1
2025-05-09,8,4,5,B,15,14,1,94.9,0,1
2025-05-09,8,4,5,C,15,10,5,72.2,0,1
2025-05-09,8,4,5,D,15,9,6,61.6,0,1
2025-05-09,9,4,5,A,15,14,1,94.6,0,1
2025-05-09,9,4,5,B,15,12,3,81.4,0,1
2025-05-09,9,4,5,C,15,12,3,81.4,0,1
2025-05-09,9,4,5,D,15,8,7,55.5,0,1
2025-05-09,10,4,5,A,15,13,2,89.1,0,1
2025-05-09,10,4,5,B,15,13,2,87.7,0,1
2025-05-09,10,4,5,C,15,12,3,81.5,0,1
2025-05-09,10,4,5,D,15,10,5,73.1,0,1
2025-05-09,11,4,5,A,15,11,4,80.0,0,1
2025-05-09,11,4,5,B,15,10,5,67.2,0,1
2025-05-09,11,4,5,C,15,9,6,63.4,0,1
2025-05-09,11,4,5,D,15,9,6,61.9,0,1
2025-05-09,12,4,5,A,15,14,1,98.0,0,1
2025-05-09,12,4,5,B,15,8,7,58.6,0,1
2025-05-09,12,4,5,C,15,9,6,65.7,0,1
2025-05-09,12,4,5,D,15,7,8,49.3,0,1
2025-05-09,13,4,5,A,15,10,5,73.0,0,1
2025-05-09,13,4,5,B,15,12,3,82.7,0,1
2025-05-09,13,4,5,C,15,10,5,71.9,0,1
2025-05-09,13,4,5,D,15,9,6,63.6,0,1
2025-05-09,14,4,5,A,15,13,2,87.9,0,1
2025-05-09,14,4,5,B,15,9,6,66.2,0,1
2025-05-09,14,4,5,C,15,8,7,59.5,0,1
2025-05-09,14,4,5,D,15,11,4,73.5,0,1
2025-05-09,15,4,5,A,15,11,4,78.5,0,1
2025-05-09,15,4,5,B,15,11,4,75.9,0,1
2025-05-09,15,4,5,C,15,9,6,63.1,0,1
2025-05-09,15,4,5,D,15,6,9,41.2,0,1
2025-05-09,16,4,5,A,15,9,6,64.1,0,1
2025-05-09,16,4,5,B,15,9,6,65.4,0,1
2025-05-09,16,4,5,C,15,10,5,71.4,0,1
2025-05-09,16,4,5,D,15,9,6,62.3,0,1
2025-05-09,17,4,5,A,15,11,4,76.3,0,1
2025-05-09,17,4,5,B,15,7,8,52.1,0,1
2025-05-09,17,4,5,C,15,10,5,66.9,0,1
2025-05-09,17,4,5,D,15,6,9,40.3,0,1
2025-05-09,18,4,5,A,15,10,5,70.7,0,1
2025-05-09,18,4,5,B,15,8,7,59.9,0,1
2025-05-09,18,4,5,C,15,7,8,52.6,0,1
2025-05-09,18,4,5,D,15,8,7,58.7,0,1
2025-05-09,19,4,5,A,15,9,6,63.4,0,1
2025-05-09,19,4,5,B,15,7,8,49.2,0,1
2025-05-09,19,4,5,C,15,8,7,54.2,0,1
2025-05-09,19,4,5,D,15,6,9,44.8,0,1
2025-05-09,20,4,5,A,15,8,7,55.8,0,1
2025-05-09,20,4,5,B,15,4,11,30.4,0,1
2025-05-09,20,4,5,C,15,2,13,19.2,0,1
2025-05-09,20,4,5,D,15,1,14,11.6,0,1
2025-05-09,21,4,5,A,15,2,13,13.7,0,1
2025-05-09,21,4,5,B,15,2,13,16.8,0,1
2025-05-09,21,4,5,C,15,3,12,23.4,0,1
2025-05-09,21,4,5,D,15,4,11,31.4,0,1
2025-05-10,6,5,5,A,15,3,12,23.1,1,1
2025-05-10,6,5,5,B,15,2,13,14.1,1,1
2025-05-10,6,5,5,C,15,1,14,8.4,1,1
2025-05-10,6,5,5,D,15,1,14,12.0,1,1
2025-05-10,7,5,5,A,15,1,14,9.9,1,1
2025-05-10,7,5,5,B,15,3,12,26.0,1,1
2025-05-10,7,5,5,C,15,1,14,9.5,1,1
2025-05-10,7,5,5,D,15,1,14,9.1,1,1
2025-05-10,8,5,5,A,15,2,13,16.5,1,1
2025-05-10,8,5,5,B,15,4,11,28.2,1,1
2025-05-10,8,5,5,C,15,5,10,33.5,1,1
2025-05-10,8,5,5,D,15,2,13,15.3,1,1
2025-05-10,9,5,5,A,15,4,11,28.2,1,1
2025-05-10,9,5,5,B,15,5,10,36.1,1,1
2025-05-10,9,5,5,C,15,2,13,15.0,1,1
2025-05-10,9,5,5,D,15,4,11,32.3,1,1
2025-05-10,10,5,5,A,15,4,11,30.0,1,1
2025-05-10,10,5,5,B,15,3,12,26.6,1,1
2025-05-10,10,5,5,C,15,2,13,17.8,1,1
2025-05-10,10,5,5,D,15,4,11,26.8,1,1
2025-05-10,11,5,5,A,15,7,8,49.9,1,1
2025-05-10,11,5,5,B,15,4,11,32.5,1,1
2025-05-10,11,5,5,C,15,2,13,16.7,1,1
2025-05-10,11,5,5,D,15,4,11,30.1,1,1
2025-05-10,12,5,5,A,15,4,11,27.7,1,1
2025-05-10,12,5,5,B,15,5,10,37.2,1,1
2025-05-10,12,5,5,C,15,4,11,30.1,1,1
2025-05-10,12,5,5,D,15,0,15,5.0,1,1
2025-05-10,13,5,5,A,15,3,12,22.2,1,1
2025-05-10,13,5,5,B,15,5,10,33.8,1,1
2025-05-10,13,5,5,C,15,3,12,24.8,1,1
2025-05-10,13,5,5,D,15,1,14,12.8,1,1
2025-05-10,14,5,5,A,15,3,12,23.1,1,1
2025-05-10,14,5,5,B,15,1,14,9.3,1,1
2025-05-10,14,5,5,C,15,3,12,21.3,1,1
2025-05-10,14,5,5,D,15,5,10,37.3,1,1
2025-05-10,15,5,5,A,15,5,10,34.6,1,1
2025-05-10,15,5,5,B,15,6,9,42.0,1,1
2025-05-10,15,5,5,C,15,4,11,29.1,1,1
2025-05-10,15,5,5,D,15,4,11,27.8,1,1
2025-05-10,16,5,5,A,15,6,9,44.0,1,1
2025-05-10,16,5,5,B,15,4,11,27.5,1,1
2025-05-10,16,5,5,C,15,3,12,20.6,1,1
2025-05-10,16,5,5,D,15,4,11,27.9,1,1
2025-05-10,17,5,5,A,15,5,10,35.8,1,1
2025-05-10,17,5,5,B,15,2,13,17.2,1,1
2025-05-10,17,5,5,C,15,1,14,13.1,1,1
2025-05-10,17,5,5,D,15,2,13,17.9,1,1
2025-05-10,18,5,5,A,15,4,11,30.8,1,1
2025-05-10,18,5,5,B,15,4,11,27.4,1,1
2025-05-10,18,5,5,C,15,1,14,7.5,1,1
2025-05-10,18,5,5,D,15,4,11,32.1,1,1
2025-05-10,19,5,5,A,15,2,13,19.0,1,1
2025-05-10,19,5,5,B,15,2,13,18.9,1,1
2025-05-10,19,5,5,C,15,1,14,11.7,1,1
2025-05-10,19,5,5,D,15,5,10,38.4,1,1
2025-05-10,20,5,5,A,15,1,14,12.0,1,1
2025-05-10,20,5,5,B,15,0,15,5.0,1,1
2025-05-10,20,5,5,C,15,2,13,14.8,1,1
2025-05-10,20,5,5,D,15,1,14,13.2,1,1
2025-05-10,21,5,5,A,15,1,14,8.6,1,1
2025-05-10,21,5,5,B,15,2,13,15.5,1,1
2025-05-10,21,5,5,C,15,0,15,5.0,1,1
2025-05-10,21,5,5,D,15,0,15,5.0,1,1
2025-05-11,6,6,5,A,15,0,15,5.0,1,1
2025-05-11,6,6,5,B,15,0,15,5.0,1,1
2025-05-11,6,6,5,C,15,3,12,25.5,1,1
2025-05-11,6,6,5,D,15,3,12,22.9,1,1
2025-05-11,7,6,5,A,15,2,13,14.6,1,1
2025-05-11,7,6,5,B,15,3,12,25.6,1,1
2025-05-11,7,6,5,C,15,1,14,9.7,1,1
2025-05-11,7,6,5,D,15,1,14,7.9,1,1
2025-05-11,8,6,5,A,15,5,10,34.7,1,1
2025-05-11,8,6,5,B,15,4,11,28.8,1,1
2025-05-11,8,6,5,C,15,3,12,25.1,1,1
2025-05-11,8,6,5,D,15,4,11,32.9,1,1
2025-05-11,9,6,5,A,15,5,10,35.4,1,1
2025-05-11,9,6,5,B,15,5,10,35.4,1,1
2025-05-11,9,6,5,C,15,5,10,35.0,1,1
2025-05-11,9,6,5,D,15,4,11,26.9,1,1
2025-05-11,10,6,5,A,15,3,12,26.5,1,1
2025-05-11,10,6,5,B,15,2,13,18.9,1,1
2025-05-11,10,6,5,C,15,4,11,28.0,1,1
2025-05-11,10,6,5,D,15,3,12,22.4,1,1
2025-05-11,11,6,5,A,15,4,11,30.9,1,1
2025-05-11,11,6,5,B,15,3,12,26.1,1,1
2025-05-11,11,6,5,C,15,6,9,44.3,1,1
2025-05-11,11,6,5,D,15,1,14,10.4,1,1
2025-05-11,12,6,5,A,15,2,13,14.3,1,1
2025-05-11,12,6,5,B,15,4,11,28.9,1,1
2025-05-11,12,6,5,C,15,3,12,20.6,1,1
2025-05-11,12,6,5,D,15,3,12,23.5,1,1
2025-05-11,13,6,5,A,15,5,10,34.9,1,1
2025-05-11,13,6,5,B,15,5,10,36.5,1,1
2025-05-11,13,6,5,C,15,1,14,11.6,1,1
2025-05-11,13,6,5,D,15,2,13,16.5,1,1
2025-05-11,14,6,5,A,15,4,11,31.6,1,1
2025-05-11,14,6,5,B,15,4,11,30.7,1,1
2025-05-11,14,6,5,C,15,5,10,39.6,1,1
2025-05-11,14,6,5,D,15,4,11,27.2,1,1
2025-05-11,15,6,5,A,15,4,11,27.7,1,1
2025-05-11,15,6,5,B,15,2,13,17.4,1,1
2025-05-11,15,6,5,C,15,2,13,17.5,1,1
2025-05-11,15,6,5,D,15,2,13,14.9,1,1
2025-05-11,16,6,5,A,15,5,10,33.4,1,1
2025-05-11,16,6,5,B,15,3,12,26.6,1,1
2025-05-11,16,6,5,C,15,1,14,11.5,1,1
2025-05-11,16,6,5,D,15,2,13,16.1,1,1
2025-05-11,17,6,5,A,15,4,11,31.2,1,1
2025-05-11,17,6,5,B,15,3,12,23.8,1,1
2025-05-11,17,6,5,C,15,3,12,23.4,1,1
2025-05-11,17,6,5,D,15,2,13,19.9,1,1
2025-05-11,18,6,5,A,15,5,10,37.2,1,1
2025-05-11,18,6,5,B,15,3,12,22.9,1,1
2025-05-11,18,6,5,C,15,2,13,15.8,1,1
2025-05-11,18,6,5,D,15,1,14,9.5,1,1
2025-05-11,19,6,5,A,15,3,12,26.1,1,1
2025-05-11,19,6,5,B,15,0,15,5.0,1,1
2025-05-11,19,6,5,C,15,2,13,17.4,1,1
2025-05-11,19,6,5,D,15,2,13,15.2,1,1
2025-05-11,20,6,5,A,15,0,15,5.0,1,1
2025-05-11,20,6,5,B,15,0,15,5.0,1,1
2025-05-11,20,6,5,C,15,2,13,14.4,1,1
2025-05-11,20,6,5,D,15,1,14,8.8,1,1
2025-05-11,21,6,5,A,15,1,14,10.9,1,1
2025-05-11,21,6,5,B,15,1,14,11.2,1,1
2025-05-11,21,6,5,C,15,1,14,8.6,1,1
2025-05-11,21,6,5,D,15,2,13,16.9,1,1
2025-05-12,6,0,5,A,15,6,9,41.2,0,1
2025-05-12,6,0,5,B,15,3,12,23.3,0,1
2025-05-12,6,0,5,C,15,6,9,44.5,0,1
2025-05-12,6,0,5,D,15,4,11,31.0,0,1
2025-05-12,7,0,5,A,15,5,10,35.5,0,1
2025-05-12,7,0,5,B,15,3,12,25.0,0,1
2025-05-12,7,0,5,C,15,5,10,34.7,0,1
2025-05-12,7,0,5,D,15,4,11,27.1,0,1
2025-05-12,8,0,5,A,15,14,1,98.0,0,1
2025-05-12,8,0,5,B,15,12,3,82.2,0,1
2025-05-12,8,0,5,C,15,10,5,69.8,0,1
2025-05-12,8,0,5,D,15,11,4,75.2,0,1
2025-05-12,9,0,5,A,15,14,1,98.0,0,1
2025-05-12,9,0,5,B,15,12,3,86.3,0,1
2025-05-12,9,0,5,C,15,12,3,81.9,0,1
2025-05-12,9,0,5,D,15,10,5,67.7,0,1
2025-05-12,10,0,5,A,15,14,1,98.0,0,1
2025-05-12,10,0,5,B,15,14,1,94.3,0,1
2025-05-12,10,0,5,C,15,12,3,81.5,0,1
2025-05-12,10,0,5,D,15,9,6,66.6,0,1
2025-05-12,11,0,5,A,15,14,1,97.1,0,1
2025-05-12,11,0,5,B,15,8,7,56.1,0,1
2025-05-12,11,0,5,C,15,12,3,83.9,0,1
2025-05-12,11,0,5,D,15,6,9,46.4,0,1
2025-05-12,12,0,5,A,15,12,3,81.2,0,1
2025-05-12,12,0,5,B,15,11,4,74.7,0,1
2025-05-12,12,0,5,C,15,9,6,66.3,0,1
2025-05-12,12,0,5,D,15,10,5,68.1,0,1
2025-05-12,13,0,5,A,15,11,4,77.8,0,1
2025-05-12,13,0,5,B,15,11,4,77.1,0,1
2025-05-12,13,0,5,C,15,9,6,62.9,0,1
2025-05-12,13,0,5,D,15,9,6,62.4,0,1
2025-05-12,14,0,5,A,15,11,4,80.0,0,1
2025-05-12,14,0,5,B,15,10,5,70.7,0,1
2025-05-12,14,0,5,C,15,8,7,58.6,0,1
2025-05-12,14,0,5,D,15,7,8,51.9,0,1
2025-05-12,15,0,5,A,15,12,3,82.8,0,1
2025-05-12,15,0,5,B,15,11,4,77.5,0,1
2025-05-12,15,0,5,C,15,8,7,58.2,0,1
2025-05-12,15,0,5,D,15,7,8,49.0,0,1
2025-05-12,16,0,5,A,15,12,3,85.4,0,1
2025-05-12,16,0,5,B,15,10,5,69.7,0,1
2025-05-12,16,0,5,C,15,10,5,69.6,0,1
2025-05-12,16,0,5,D,15,7,8,48.8,0,1
2025-05-12,17,0,5,A,15,8,7,54.8,0,1
2025-05-12,17,0,5,B,15,8,7,55.7,0,1
2025-05-12,17,0,5,C,15,7,8,47.9,0,1
2025-05-12,17,0,5,D,15,7,8,47.4,0,1
2025-05-12,18,0,5,A,15,9,6,63.9,0,1
2025-05-12,18,0,5,B,15,9,6,65.9,0,1
2025-05-12,18,0,5,C,15,7,8,51.7,0,1
2025-05-12,18,0,5,D,15,7,8,49.2,0,1
2025-05-12,19,0,5,A,15,10,5,70.3,0,1
2025-05-12,19,0,5,B,15,9,6,61.6,0,1
2025-05-12,19,0,5,C,15,8,7,53.8,0,1
2025-05-12,19,0,5,D,15,7,8,52.1,0,1
2025-05-12,20,0,5,A,15,3,12,22.4,0,1
2025-05-12,20,0,5,B,15,5,10,36.2,0,1
2025-05-12,20,0,5,C,15,3,12,20.6,0,1
2025-05-12,20,0,5,D,15,1,14,9.5,0,1
2025-05-12,21,0,5,A,15,4,11,30.3,0,1
2025-05-12,21,0,5,B,15,2,13,18.2,0,1
2025-05-12,21,0,5,C,15,4,11,27.8,0,1
2025-05-12,21,0,5,D,15,5,10,37.7,0,1
2025-05-13,6,1,5,A,15,5,10,34.0,0,1
2025-05-13,6,1,5,B,15,5,10,37.7,0,1
2025-05-13,6,1,5,C,15,2,13,17.5,0,1
2025-05-13,6,1,5,D,15,4,11,31.6,0,1
2025-05-13,7,1,5,A,15,4,11,33.2,0,1
2025-05-13,7,1,5,B,15,4,11,30.0,0,1
2025-05-13,7,1,5,C,15,3,12,22.7,0,1
2025-05-13,7,1,5,D,15,5,10,33.9,0,1
2025-05-13,8,1,5,A,15,14,1,98.0,0,1
2025-05-13,8,1,5,B,15,12,3,85.2,0,1
2025-05-13,8,1,5,C,15,10,5,69.6,0,1
2025-05-13,8,1,5,D,15,12,3,80.7,0,1
2025-05-13,9,1,5,A,15,13,2,91.7,0,1
2025-05-13,9,1,5,B,15,10,5,67.7,0,1
2025-05-13,9,1,5,C,15,12,3,80.2,0,1
2025-05-13,9,1,5,D,15,8,7,59.2,0,1
2025-05-13,10,1,5,A,15,14,1,98.0,0,1
2025-05-13,10,1,5,B,15,12,3,82.0,0,1
2025-05-13,10,1,5,C,15,12,3,81.3,0,1
2025-05-13,10,1,5,D,15,11,4,79.2,0,1
2025-05-13,11,1,5,A,15,11,4,76.6,0,1
2025-05-13,11,1,5,B,15,10,5,70.5,0,1
2025-05-13,11,1,5,C,15,10,5,66.9,0,1
2025-05-13,11,1,5,D,15,10,5,72.3,0,1
2025-05-13,12,1,5,A,15,12,3,81.0,0,1
2025-05-13,12,1,5,B,15,10,5,70.2,0,1
2025-05-13,12,1,5,C,15,10,5,71.3,0,1
2025-05-13,12,1,5,D,15,8,7,55.4,0,1
2025-05-13,13,1,5,A,15,13,2,87.5,0,1
2025-05-13,13,1,5,B,15,9,6,62.6,0,1
2025-05-13,13,1,5,C,15,12,3,85.2,0,1
2025-05-13,13,1,5,D,15,7,8,49.2,0,1
2025-05-13,14,1,5,A,15,11,4,77.9,0,1
2025-05-13,14,1,5,B,15,10,5,69.7,0,1
2025-05-13,14,1,5,C,15,11,4,78.3,0,1
2025-05-13,14,1,5,D,15,6,9,45.4,0,1
2025-05-13,15,1,5,A,15,14,1,96.4,0,1
2025-05-13,15,1,5,B,15,11,4,76.1,0,1
2025-05-13,15,1,5,C,15,9,6,66.3,0,1
2025-05-13,15,1,5,D,15,7,8,48.1,0,1
2025-05-13,16,1,5,A,15,12,3,85.1,0,1
2025-05-13,16,1,5,B,15,9,6,64.2,0,1
2025-05-13,16,1,5,C,15,10,5,73.1,0,1
2025-05-13,16,1,5,D,15,7,8,48.2,0,1
2025-05-13,17,1,5,A,15,10,5,68.1,0,1
2025-05-13,17,1,5,B,15,8,7,55.6,0,1
2025-05-13,17,1,5,C,15,6,9,46.1,0,1
2025-05-13,17,1,5,D,15,8,7,53.9,0,1
2025-05-13,18,1,5,A,15,10,5,73.3,0,1
2025-05-13,18,1,5,B,15,10,5,69.7,0,1
2025-05-13,18,1,5,C,15,5,10,39.8,0,1
2025-05-13,18,1,5,D,15,8,7,56.5,0,1
2025-05-13,19,1,5,A,15,13,2,89.0,0,1
2025-05-13,19,1,5,B,15,8,7,56.4,0,1
2025-05-13,19,1,5,C,15,10,5,69.2,0,1
2025-05-13,19,1,5,D,15,6,9,45.9,0,1
2025-05-13,20,1,5,A,15,2,13,17.8,0,1
2025-05-13,20,1,5,B,15,3,12,22.6,0,1
2025-05-13,20,1,5,C,15,4,11,30.9,0,1
2025-05-13,20,1,5,D,15,1,14,13.3,0,1
2025-05-13,21,1,5,A,15,3,12,23.9,0,1
2025-05-13,21,1,5,B,15,4,11,29.7,0,1
2025-05-13,21,1,5,C,15,3,12,22.5,0,1
2025-05-13,21,1,5,D,15,3,12,24.7,0,1
2025-05-14,6,2,5,A,15,6,9,42.2,0,1
2025-05-14,6,2,5,B,15,5,10,38.8,0,1
2025-05-14,6,2,5,C,15,4,11,28.0,0,1
2025-05-14,6,2,5,D,15,4,11,29.9,0,1
2025-05-14,7,2,5,A,15,4,11,32.8,0,1
2025-05-14,7,2,5,B,15,6,9,45.3,0,1
2025-05-14,7,2,5,C,15,3,12,26.4,0,1
2025-05-14,7,2,5,D,15,5,10,37.0,0,1
2025-05-14,8,2,5,A,15,14,1,95.9,0,1
2025-05-14,8,2,5,B,15,12,3,86.6,0,1
2025-05-14,8,2,5,C,15,10,5,72.5,0,1
2025-05-14,8,2,5,D,15,8,7,59.9,0,1
2025-05-14,9,2,5,A,15,12,3,83.8,0,1
2025-05-14,9,2,5,B,15,11,4,76.6,0,1
2025-05-14,9,2,5,C,15,11,4,73.9,0,1
2025-05-14,9,2,5,D,15,10,5,69.7,0,1
2025-05-14,10,2,5,A,15,14,1,98.0,0,1
2025-05-14,10,2,5,B,15,12,3,81.4,0,1
2025-05-14,10,2,5,C,15,10,5,69.4,0,1
2025-05-14,10,2,5,D,15,8,7,56.5,0,1
2025-05-14,11,2,5,A,15,13,2,90.1,0,1
2025-05-14,11,2,5,B,15,12,3,86.1,0,1
2025-05-14,11,2,5,C,15,11,4,77.6,0,1
2025-05-14,11,2,5,D,15,9,6,65.7,0,1
2025-05-14,12,2,5,A,15,13,2,91.4,0,1
2025-05-14,12,2,5,B,15,13,2,88.6,0,1
2025-05-14,12,2,5,C,15,10,5,70.2,0,1
2025-05-14,12,2,5,D,15,9,6,65.2,0,1
2025-05-14,13,2,5,A,15,12,3,83.7,0,1
2025-05-14,13,2,5,B,15,9,6,64.1,0,1
2025-05-14,13,2,5,C,15,9,6,62.0,0,1
2025-05-14,13,2,5,D,15,8,7,59.9,0,1
2025-05-14,14,2,5,A,15,12,3,81.0,0,1
2025-05-14,14,2,5,B,15,12,3,85.4,0,1
2025-05-14,14,2,5,C,15,9,6,63.7,0,1
2025-05-14,14,2,5,D,15,9,6,65.4,0,1
2025-05-14,15,2,5,A,15,11,4,77.0,0,1
2025-05-14,15,2,5,B,15,10,5,67.5,0,1
2025-05-14,15,2,5,C,15,7,8,52.4,0,1
2025-05-14,15,2,5,D,15,7,8,50.1,0,1
2025-05-14,16,2,5,A,15,12,3,84.7,0,1
2025-05-14,16,2,5,B,15,10,5,70.1,0,1
2025-05-14,16,2,5,C,15,10,5,70.5,0,1
2025-05-14,16,2,5,D,15,8,7,57.5,0,1
2025-05-14,17,2,5,A,15,9,6,66.2,0,1
2025-05-14,17,2,5,B,15,11,4,77.2,0,1
2025-05-14,17,2,5,C,15,7,8,53.2,0,1
2025-05-14,17,2,5,D,15,8,7,57.3,0,1
2025-05-14,18,2,5,A,15,9,6,65.8,0,1
2025-05-14,18,2,5,B,15,9,6,65.7,0,1
2025-05-14,18,2,5,C,15,9,6,61.4,0,1
2025-05-14,18,2,5,D,15,7,8,49.7,0,1
2025-05-14,19,2,5,A,15,7,8,50.2,0,1
2025-05-14,19,2,5,B,15,9,6,60.1,0,1
2025-05-14,19,2,5,C,15,9,6,63.8,0,1
2025-05-14,19,2,5,D,15,7,8,52.2,0,1
2025-05-14,20,2,5,A,15,4,11,32.3,0,1
2025-05-14,20,2,5,B,15,1,14,11.2,0,1
2025-05-14,20,2,5,C,15,2,13,16.7,0,1
2025-05-14,20,2,5,D,15,3,12,23.3,0,1
2025-05-14,21,2,5,A,15,4,11,32.0,0,1
2025-05-14,21,2,5,B,15,5,10,34.7,0,1
2025-05-14,21,2,5,C,15,3,12,21.3,0,1
2025-05-14,21,2,5,D,15,3,12,23.2,0,1
2025-05-15,6,3,5,A,15,6,9,40.4,0,1
2025-05-15,6,3,5,B,15,4,11,27.1,0,1
2025-05-15,6,3,5,C,15,2,13,13.5,0,1
2025-05-15,6,3,5,D,15,4,11,31.4,0,1
2025-05-15,7,3,5,A,15,6,9,41.6,0,1
2025-05-15,7,3,5,B,15,4,11,30.1,0,1
2025-05-15,7,3,5,C,15,2,13,18.5,0,1
2025-05-15,7,3,5,D,15,4,11,33.0,0,1
2025-05-15,8,3,5,A,15,14,1,95.6,0,1
2025-05-15,8,3,5,B,15,13,2,89.5,0,1
2025-05-15,8,3,5,C,15,13,2,91.4,0,1
2025-05-15,8,3,5,D,15,7,8,50.9,0,1
2025-05-15,9,3,5,A,15,13,2,92.2,0,1
2025-05-15,9,3,5,B,15,12,3,83.3,0,1
2025-05-15,9,3,5,C,15,13,2,88.1,0,1
2025-05-15,9,3,5,D,15,8,7,54.9,0,1
2025-05-15,10,3,5,A,15,14,1,98.0,0,1
2025-05-15,10,3,5,B,15,12,3,86.1,0,1
2025-05-15,10,3,5,C,15,11,4,75.7,0,1
2025-05-15,10,3,5,D,15,9,6,66.4,0,1
2025-05-15,11,3,5,A,15,12,3,82.8,0,1
2025-05-15,11,3,5,B,15,12,3,83.4,0,1
2025-05-15,11,3,5,C,15,8,7,59.0,0,1
2025-05-15,11,3,5,D,15,9,6,62.8,0,1
2025-05-15,12,3,5,A,15,12,3,83.2,0,1
2025-05-15,12,3,5,B,15,10,5,68.9,0,1
2025-05-15,12,3,5,C,15,13,2,88.2,0,1
2025-05-15,12,3,5,D,15,9,6,63.4,0,1
2025-05-15,13,3,5,A,15,13,2,91.2,0,1
2025-05-15,13,3,5,B,15,12,3,84.1,0,1
2025-05-15,13,3,5,C,15,8,7,56.1,0,1
2025-05-15,13,3,5,D,15,11,4,74.0,0,1
2025-05-15,14,3,5,A,15,9,6,60.4,0,1
2025-05-15,14,3,5,B,15,9,6,63.8,0,1
2025-05-15,14,3,5,C,15,8,7,59.3,0,1
2025-05-15,14,3,5,D,15,9,6,60.7,0,1
2025-05-15,15,3,5,A,15,12,3,82.2,0,1
2025-05-15,15,3,5,B,15,10,5,68.7,0,1
2025-05-15,15,3,5,C,15,9,6,62.9,0,1
2025-05-15,15,3,5,D,15,7,8,48.2,0,1
2025-05-15,16,3,5,A,15,10,5,68.5,0,1
2025-05-15,16,3,5,B,15,11,4,75.8,0,1
2025-05-15,16,3,5,C,15,10,5,68.5,0,1
2025-05-15,16,3,5,D,15,10,5,68.7,0,1
2025-05-15,17,3,5,A,15,9,6,62.7,0,1
2025-05-15,17,3,5,B,15,9,6,65.5,0,1
2025-05-15,17,3,5,C,15,7,8,51.7,0,1
2025-05-15,17,3,5,D,15,8,7,57.5,0,1
2025-05-15,18,3,5,A,15,11,4,77.2,0,1
2025-05-15,18,3,5,B,15,9,6,61.7,0,1
2025-05-15,18,3,5,C,15,7,8,51.3,0,1
2025-05-15,18,3,5,D,15,8,7,55.7,0,1
2025-05-15,19,3,5,A,15,11,4,74.2,0,1
2025-05-15,19,3,5,B,15,8,7,54.5,0,1
2025-05-15,19,3,5,C,15,6,9,43.4,0,1
2025-05-15,19,3,5,D,15,6,9,45.7,0,1
2025-05-15,20,3,5,A,15,6,9,40.9,0,1
2025-05-15,20,3,5,B,15,5,10,34.2,0,1
2025-05-15,20,3,5,C,15,2,13,13.6,0,1
2025-05-15,20,3,5,D,15,1,14,10.7,0,1
2025-05-15,21,3,5,A,15,5,10,38.9,0,1
2025-05-15,21,3,5,B,15,2,13,15.9,0,1
2025-05-15,21,3,5,C,15,3,12,26.6,0,1
2025-05-15,21,3,5,D,15,2,13,15.1,0,1
2025-05-16,6,4,5,A,15,7,8,53.2,0,1
2025-05-16,6,4,5,B,15,4,11,28.8,0,1
2025-05-16,6,4,5,C,15,6,9,40.6,0,1
2025-05-16,6,4,5,D,15,4,11,29.5,0,1
2025-05-16,7,4,5,A,15,6,9,42.3,0,1
2025-05-16,7,4,5,B,15,2,13,19.2,0,1
2025-05-16,7,4,5,C,15,2,13,13.9,0,1
2025-05-16,7,4,5,D,15,3,12,26.2,0,1
2025-05-16,8,4,5,A,15,14,1,98.0,0,1
2025-05-16,8,4,5,B,15,11,4,76.0,0,1
2025-05-16,8,4,5,C,15,10,5,67.8,0,1
2025-05-16,8,4,5,D,15,10,5,72.5,0,1
2025-05-16,9,4,5,A,15,14,1,98.0,0,1
2025-05-16,9,4,5,B,15,12,3,83.9,0,1
2025-05-16,9,4,5,C,15,12,3,82.7,0,1
2025-05-16,9,4,5,D,15,8,7,58.6,0,1
2025-05-16,10,4,5,A,15,14,1,94.9,0,1
2025-05-16,10,4,5,B,15,14,1,98.0,0,1
2025-05-16,10,4,5,C,15,11,4,77.0,0,1
2025-05-16,10,4,5,D,15,10,5,69.0,0,1
2025-05-16,11,4,5,A,15,14,1,98.0,0,1
2025-05-16,11,4,5,B,15,9,6,63.8,0,1
2025-05-16,11,4,5,C,15,11,4,73.9,0,1
2025-05-16,11,4,5,D,15,10,5,73.3,0,1
2025-05-16,12,4,5,A,15,12,3,83.7,0,1
2025-05-16,12,4,5,B,15,12,3,81.9,0,1
2025-05-16,12,4,5,C,15,8,7,59.6,0,1
2025-05-16,12,4,5,D,15,8,7,54.5,0,1
2025-05-16,13,4,5,A,15,13,2,89.3,0,1
2025-05-16,13,4,5,B,15,12,3,81.4,0,1
2025-05-16,13,4,5,C,15,11,4,76.5,0,1
2025-05-16,13,4,5,D,15,10,5,72.6,0,1
2025-05-16,14,4,5,A,15,11,4,80.0,0,1
2025-05-16,14,4,5,B,15,11,4,79.5,0,1
2025-05-16,14,4,5,C,15,9,6,60.3,0,1
2025-05-16,14,4,5,D,15,9,6,63.2,0,1
2025-05-16,15,4,5,A,15,12,3,82.2,0,1
2025-05-16,15,4,5,B,15,11,4,73.6,0,1
2025-05-16,15,4,5,C,15,9,6,66.4,0,1
2025-05-16,15,4,5,D,15,6,9,43.2,0,1
2025-05-16,16,4,5,A,15,10,5,71.5,0,1
2025-05-16,16,4,5,B,15,10,5,70.8,0,1
2025-05-16,16,4,5,C,15,7,8,49.5,0,1
2025-05-16,16,4,5,D,15,9,6,62.6,0,1
2025-05-16,17,4,5,A,15,11,4,76.0,0,1
2025-05-16,17,4,5,B,15,9,6,62.6,0,1
2025-05-16,17,4,5,C,15,6,9,45.0,0,1
2025-05-16,17,4,5,D,15,8,7,59.0,0,1
2025-05-16,18,4,5,A,15,12,3,85.3,0,1
2025-05-16,18,4,5,B,15,9,6,61.2,0,1
2025-05-16,18,4,5,C,15,8,7,58.1,0,1
2025-05-16,18,4,5,D,15,7,8,49.6,0,1
2025-05-16,19,4,5,A,15,10,5,73.2,0,1
2025-05-16,19,4,5,B,15,8,7,59.0,0,1
2025-05-16,19,4,5,C,15,8,7,53.7,0,1
2025-05-16,19,4,5,D,15,8,7,55.2,0,1
2025-05-16,20,4,5,A,15,7,8,47.5,0,1
2025-05-16,20,4,5,B,15,2,13,13.8,0,1
2025-05-16,20,4,5,C,15,3,12,21.7,0,1
2025-05-16,20,4,5,D,15,1,14,10.6,0,1
2025-05-16,21,4,5,A,15,6,9,41.5,0,1
2025-05-16,21,4,5,B,15,3,12,20.3,0,1
2025-05-16,21,4,5,C,15,1,14,11.0,0,1
2025-05-16,21,4,5,D,15,3,12,25.1,0,1
2025-05-17,6,5,5,A,15,4,11,28.0,1,1
2025-05-17,6,5,5,B,15,2,13,17.6,1,1
2025-05-17,6,5,5,C,15,1,14,12.7,1,1
2025-05-17,6,5,5,D,15,1,14,13.1,1,1
2025-05-17,7,5,5,A,15,3,12,25.4,1,1
2025-05-17,7,5,5,B,15,0,15,5.3,1,1
2025-05-17,7,5,5,C,15,1,14,10.1,1,1
2025-05-17,7,5,5,D,15,0,15,6.2,1,1
2025-05-17,8,5,5,A,15,3,12,24.9,1,1
2025-05-17,8,5,5,B,15,4,11,27.1,1,1
2025-05-17,8,5,5,C,15,5,10,35.6,1,1
2025-05-17,8,5,5,D,15,4,11,28.3,1,1
2025-05-17,9,5,5,A,15,5,10,39.4,1,1
2025-05-17,9,5,5,B,15,4,11,30.9,1,1
2025-05-17,9,5,5,C,15,4,11,31.0,1,1
2025-05-17,9,5,5,D,15,2,13,17.4,1,1
2025-05-17,10,5,5,A,15,4,11,31.7,1,1
2025-05-17,10,5,5,B,15,4,11,31.3,1,1
2025-05-17,10,5,5,C,15,4,11,29.0,1,1
2025-05-17,10,5,5,D,15,3,12,26.4,1,1
2025-05-17,11,5,5,A,15,4,11,29.1,1,1
2025-05-17,11,5,5,B,15,3,12,23.2,1,1
2025-05-17,11,5,5,C,15,7,8,48.9,1,1
2025-05-17,11,5,5,D,15,4,11,28.3,1,1
2025-05-17,12,5,5,A,15,5,10,33.5,1,1
2025-05-17,12,5,5,B,15,3,12,24.4,1,1
2025-05-17,12,5,5,C,15,3,12,20.0,1,1
2025-05-17,12,5,5,D,15,2,13,20.0,1,1
2025-05-17,13,5,5,A,15,4,11,32.5,1,1
2025-05-17,13,5,5,B,15,1,14,11.2,1,1
2025-05-17,13,5,5,C,15,1,14,11.1,1,1
2025-05-17,13,5,5,D,15,2,13,15.9,1,1
2025-05-17,14,5,5,A,15,4,11,29.8,1,1
2025-05-17,14,5,5,B,15,3,12,22.6,1,1
2025-05-17,14,5,5,C,15,5,10,33.9,1,1
2025-05-17,14,5,5,D,15,1,14,7.7,1,1
2025-05-17,15,5,5,A,15,3,12,22.2,1,1
2025-05-17,15,5,5,B,15,5,10,36.7,1,1
2025-05-17,15,5,5,C,15,3,12,23.1,1,1
2025-05-17,15,5,5,D,15,4,11,26.7,1,1
2025-05-17,16,5,5,A,15,6,9,44.6,1,1
2025-05-17,16,5,5,B,15,2,13,18.9,1,1
2025-05-17,16,5,5,C,15,3,12,21.3,1,1
2025-05-17,16,5,5,D,15,2,13,17.4,1,1
2025-05-17,17,5,5,A,15,1,14,8.5,1,1
2025-05-17,17,5,5,B,15,2,13,18.5,1,1
2025-05-17,17,5,5,C,15,3,12,25.9,1,1
2025-05-17,17,5,5,D,15,3,12,21.1,1,1
2025-05-17,18,5,5,A,15,4,11,29.1,1,1
2025-05-17,18,5,5,B,15,2,13,18.0,1,1
2025-05-17,18,5,5,C,15,2,13,13.7,1,1
2025-05-17,18,5,5,D,15,4,11,27.0,1,1
2025-05-17,19,5,5,A,15,3,12,20.2,1,1
2025-05-17,19,5,5,B,15,3,12,23.4,1,1
2025-05-17,19,5,5,C,15,3,12,20.2,1,1
2025-05-17,19,5,5,D,15,4,11,28.5,1,1
2025-05-17,20,5,5,A,15,2,13,17.8,1,1
2025-05-17,20,5,5,B,15,0,15,5.0,1,1
2025-05-17,20,5,5,C,15,0,15,5.0,1,1
2025-05-17,20,5,5,D,15,1,14,11.6,1,1
2025-05-17,21,5,5,A,15,1,14,9.5,1,1
2025-05-17,21,5,5,B,15,0,15,5.1,1,1
2025-05-17,21,5,5,C,15,2,13,16.0,1,1
2025-05-17,21,5,5,D,15,1,14,8.5,1,1
2025-05-18,6,6,5,A,15,2,13,14.5,1,1
2025-05-18,6,6,5,B,15,2,13,18.5,1,1
2025-05-18,6,6,5,C,15,1,14,8.0,1,1
2025-05-18,6,6,5,D,15,3,12,22.3,1,1
2025-05-18,7,6,5,A,15,1,14,7.8,1,1
2025-05-18,7,6,5,B,15,2,13,17.5,1,1
2025-05-18,7,6,5,C,15,3,12,22.5,1,1
2025-05-18,7,6,5,D,15,0,15,5.0,1,1
2025-05-18,8,6,5,A,15,4,11,31.5,1,1
2025-05-18,8,6,5,B,15,5,10,38.9,1,1
2025-05-18,8,6,5,C,15,5,10,36.0,1,1
2025-05-18,8,6,5,D,15,3,12,22.4,1,1
2025-05-18,9,6,5,A,15,4,11,28.3,1,1
2025-05-18,9,6,5,B,15,5,10,37.4,1,1
2025-05-18,9,6,5,C,15,5,10,36.2,1,1
2025-05-18,9,6,5,D,15,2,13,14.5,1,1
2025-05-18,10,6,5,A,15,3,12,24.6,1,1
2025-05-18,10,6,5,B,15,4,11,31.6,1,1
2025-05-18,10,6,5,C,15,4,11,31.8,1,1
2025-05-18,10,6,5,D,15,3,12,21.4,1,1
2025-05-18,11,6,5,A,15,5,10,35.6,1,1
2025-05-18,11,6,5,B,15,3,12,20.6,1,1
2025-05-18,11,6,5,C,15,1,14,6.7,1,1
2025-05-18,11,6,5,D,15,2,13,17.6,1,1
2025-05-18,12,6,5,A,15,4,11,30.7,1,1
2025-05-18,12,6,5,B,15,3,12,24.0,1,1
2025-05-18,12,6,5,C,15,2,13,14.4,1,1
2025-05-18,12,6,5,D,15,0,15,6.5,1,1
2025-05-18,13,6,5,A,15,3,12,26.1,1,1
2025-05-18,13,6,5,B,15,5,10,33.4,1,1
2025-05-18,13,6,5,C,15,5,10,33.7,1,1
2025-05-18,13,6,5,D,15,4,11,30.5,1,1
2025-05-18,14,6,5,A,15,3,12,21.6,1,1
2025-05-18,14,6,5,B,15,2,13,15.3,1,1
2025-05-18,14,6,5,C,15,3,12,26.0,1,1
2025-05-18,14,6,5,D,15,3,12,24.7,1,1
2025-05-18,15,6,5,A,15,4,11,31.4,1,1
2025-05-18,15,6,5,B,15,1,14,8.4,1,1
2025-05-18,15,6,5,C,15,2,13,15.1,1,1
2025-05-18,15,6,5,D,15,2,13,19.4,1,1
2025-05-18,16,6,5,A,15,4,11,32.1,1,1
2025-05-18,16,6,5,B,15,4,11,30.6,1,1
2025-05-18,16,6,5,C,15,3,12,23.2,1,1
2025-05-18,16,6,5,D,15,3,12,22.2,1,1
2025-05-18,17,6,5,A,15,3,12,24.8,1,1
2025-05-18,17,6,5,B,15,3,12,26.5,1,1
2025-05-18,17,6,5,C,15,3,12,21.4,1,1
2025-05-18,17,6,5,D,15,2,13,17.3,1,1
2025-05-18,18,6,5,A,15,3,12,22.0,1,1
2025-05-18,18,6,5,B,15,3,12,21.7,1,1
2025-05-18,18,6,5,C,15,3,12,22.8,1,1
2025-05-18,18,6,5,D,15,2,13,18.9,1,1
2025-05-18,19,6,5,A,15,4,11,27.2,1,1
2025-05-18,19,6,5,B,15,4,11,31.7,1,1
2025-05-18,19,6,5,C,15,3,12,21.0,1,1
2025-05-18,19,6,5,D,15,1,14,11.6,1,1
2025-05-18,20,6,5,A,15,2,13,17.1,1,1
2025-05-18,20,6,5,B,15,0,15,5.0,1,1
2025-05-18,20,6,5,C,15,0,15,5.0,1,1
2025-05-18,20,6,5,D,15,1,14,9.7,1,1
2025-05-18,21,6,5,A,15,2,13,14.2,1,1
2025-05-18,21,6,5,B,15,0,15,5.0,1,1
2025-05-18,21,6,5,C,15,0,15,5.0,1,1
2025-05-18,21,6,5,D,15,0,15,5.0,1,1
2025-05-19,6,0,5,A,15,5,10,36.4,0,1
2025-05-19,6,0,5,B,15,6,9,42.5,0,1
2025-05-19,6,0,5,C,15,5,10,37.2,0,1
2025-05-19,6,0,5,D,15,4,11,27.8,0,1
2025-05-19,7,0,5,A,15,5,10,35.9,0,1
2025-05-19,7,0,5,B,15,3,12,24.2,0,1
2025-05-19,7,0,5,C,15,6,9,42.9,0,1
2025-05-19,7,0,5,D,15,4,11,32.7,0,1
2025-05-19,8,0,5,A,15,13,2,92.1,0,1
2025-05-19,8,0,5,B,15,13,2,90.8,0,1
2025-05-19,8,0,5,C,15,11,4,75.9,0,1
2025-05-19,8,0,5,D,15,9,6,65.7,0,1
2025-05-19,9,0,5,A,15,14,1,98.0,0,1
2025-05-19,9,0,5,B,15,11,4,79.1,0,1
2025-05-19,9,0,5,C,15,11,4,73.7,0,1
2025-05-19,9,0,5,D,15,10,5,69.0,0,1
2025-05-19,10,0,5,A,15,14,1,93.8,0,1
2025-05-19,10,0,5,B,15,13,2,90.4,0,1
2025-05-19,10,0,5,C,15,13,2,91.5,0,1
2025-05-19,10,0,5,D,15,9,6,62.0,0,1
2025-05-19,11,0,5,A,15,10,5,72.9,0,1
2025-05-19,11,0,5,B,15,8,7,59.0,0,1
2025-05-19,11,0,5,C,15,9,6,66.3,0,1
2025-05-19,11,0,5,D,15,8,7,54.7,0,1
2025-05-19,12,0,5,A,15,13,2,87.9,0,1
2025-05-19,12,0,5,B,15,11,4,76.1,0,1
2025-05-19,12,0,5,C,15,8,7,54.7,0,1
2025-05-19,12,0,5,D,15,6,9,45.5,0,1
2025-05-19,13,0,5,A,15,13,2,88.6,0,1
2025-05-19,13,0,5,B,15,11,4,76.1,0,1
2025-05-19,13,0,5,C,15,9,6,64.1,0,1
2025-05-19,13,0,5,D,15,7,8,46.7,0,1
2025-05-19,14,0,5,A,15,12,3,84.3,0,1
2025-05-19,14,0,5,B,15,12,3,80.2,0,1
2025-05-19,14,0,5,C,15,9,6,65.2,0,1
2025-05-19,14,0,5,D,15,7,8,49.2,0,1
2025-05-19,15,0,5,A,15,12,3,80.9,0,1
2025-05-19,15,0,5,B,15,8,7,59.1,0,1
2025-05-19,15,0,5,C,15,10,5,71.5,0,1
2025-05-19,15,0,5,D,15,8,7,56.7,0,1
2025-05-19,16,0,5,A,15,9,6,66.4,0,1
2025-05-19,16,0,5,B,15,10,5,67.6,0,1
2025-05-19,16,0,5,C,15,10,5,66.7,0,1
2025-05-19,16,0,5,D,15,8,7,53.3,0,1
2025-05-19,17,0,5,A,15,10,5,66.8,0,1
2025-05-19,17,0,5,B,15,7,8,50.2,0,1
2025-05-19,17,0,5,C,15,8,7,58.5,0,1
2025-05-19,17,0,5,D,15,6,9,42.8,0,1
2025-05-19,18,0,5,A,15,7,8,51.7,0,1
2025-05-19,18,0,5,B,15,8,7,57.0,0,1
2025-05-19,18,0,5,C,15,9,6,61.8,0,1
2025-05-19,18,0,5,D,15,6,9,44.9,0,1
2025-05-19,19,0,5,A,15,12,3,82.9,0,1
2025-05-19,19,0,5,B,15,9,6,63.4,0,1
2025-05-19,19,0,5,C,15,8,7,56.7,0,1
2025-05-19,19,0,5,D,15,7,8,47.0,0,1
2025-05-19,20,0,5,A,15,4,11,28.2,0,1
2025-05-19,20,0,5,B,15,3,12,22.9,0,1
2025-05-19,20,0,5,C,15,3,12,20.1,0,1
2025-05-19,20,0,5,D,15,3,12,24.2,0,1
2025-05-19,21,0,5,A,15,3,12,21.3,0,1
2025-05-19,21,0,5,B,15,2,13,16.4,0,1
2025-05-19,21,0,5,C,15,2,13,13.5,0,1
2025-05-19,21,0,5,D,15,5,10,36.4,0,1
2025-05-20,6,1,5,A,15,6,9,44.5,0,1
2025-05-20,6,1,5,B,15,5,10,37.4,0,1
2025-05-20,6,1,5,C,15,3,12,23.0,0,1
2025-05-20,6,1,5,D,15,4,11,33.0,0,1
2025-05-20,7,1,5,A,15,5,10,39.3,0,1
2025-05-20,7,1,5,B,15,5,10,36.7,0,1
2025-05-20,7,1,5,C,15,3,12,23.7,0,1
2025-05-20,7,1,5,D,15,4,11,29.3,0,1
2025-05-20,8,1,5,A,15,14,1,94.4,0,1
2025-05-20,8,1,5,B,15,11,4,78.9,0,1
2025-05-20,8,1,5,C,15,12,3,82.4,0,1
2025-05-20,8,1,5,D,15,8,7,55.7,0,1
2025-05-20,9,1,5,A,15,14,1,98.0,0,1
2025-05-20,9,1,5,B,15,13,2,90.5,0,1
2025-05-20,9,1,5,C,15,10,5,69.5,0,1
2025-05-20,9,1,5,D,15,9,6,61.4,0,1
2025-05-20,10,1,5,A,15,14,1,96.0,0,1
2025-05-20,10,1,5,B,15,13,2,87.3,0,1
2025-05-20,10,1,5,C,15,11,4,75.3,0,1
2025-05-20,10,1,5,D,15,10,5,71.5,0,1
2025-05-20,11,1,5,A,15,14,1,98.0,0,1
2025-05-20,11,1,5,B,15,10,5,70.9,0,1
2025-05-20,11,1,5,C,15,8,7,53.8,0,1
2025-05-20,11,1,5,D,15,9,6,66.6,0,1
2025-05-20,12,1,5,A,15,14,1,98.0,0,1
2025-05-20,12,1,5,B,15,11,4,78.1,0,1
2025-05-20,12,1,5,C,15,8,7,58.8,0,1
2025-05-20,12,1,5,D,15,8,7,59.0,0,1
2025-05-20,13,1,5,A,15,11,4,77.3,0,1
2025-05-20,13,1,5,B,15,12,3,80.1,0,1
2025-05-20,13,1,5,C,15,8,7,56.7,0,1
2025-05-20,13,1,5,D,15,8,7,57.6,0,1
2025-05-20,14,1,5,A,15,10,5,72.5,0,1
2025-05-20,14,1,5,B,15,10,5,71.0,0,1
2025-05-20,14,1,5,C,15,9,6,60.1,0,1
2025-05-20,14,1,5,D,15,8,7,57.4,0,1
2025-05-20,15,1,5,A,15,12,3,80.7,0,1
2025-05-20,15,1,5,B,15,9,6,62.1,0,1
2025-05-20,15,1,5,C,15,10,5,68.0,0,1
2025-05-20,15,1,5,D,15,8,7,55.6,0,1
2025-05-20,16,1,5,A,15,10,5,72.6,0,1
2025-05-20,16,1,5,B,15,13,2,87.9,0,1
2025-05-20,16,1,5,C,15,10,5,66.8,0,1
2025-05-20,16,1,5,D,15,8,7,54.8,0,1
2025-05-20,17,1,5,A,15,12,3,80.3,0,1
2025-05-20,17,1,5,B,15,11,4,74.7,0,1
2025-05-20,17,1,5,C,15,7,8,52.8,0,1
2025-05-20,17,1,5,D,15,7,8,50.8,0,1
2025-05-20,18,1,5,A,15,9,6,61.1,0,1
2025-05-20,18,1,5,B,15,8,7,58.8,0,1
2025-05-20,18,1,5,C,15,7,8,52.4,0,1
2025-05-20,18,1,5,D,15,7,8,49.5,0,1
2025-05-20,19,1,5,A,15,10,5,71.7,0,1
2025-05-20,19,1,5,B,15,9,6,64.5,0,1
2025-05-20,19,1,5,C,15,8,7,55.9,0,1
2025-05-20,19,1,5,D,15,5,10,38.3,0,1
2025-05-20,20,1,5,A,15,3,12,21.2,0,1
2025-05-20,20,1,5,B,15,3,12,20.6,0,1
2025-05-20,20,1,5,C,15,3,12,20.2,0,1
2025-05-20,20,1,5,D,15,4,11,28.4,0,1
2025-05-20,21,1,5,A,15,2,13,19.4,0,1
2025-05-20,21,1,5,B,15,3,12,22.1,0,1
2025-05-20,21,1,5,C,15,4,11,30.1,0,1
2025-05-20,21,1,5,D,15,2,13,17.6,0,1
2025-05-21,6,2,5,A,15,6,9,43.9,0,1
2025-05-21,6,2,5,B,15,5,10,33.9,0,1
2025-05-21,6,2,5,C,15,5,10,33.6,0,1
2025-05-21,6,2,5,D,15,3,12,26.2,0,1
2025-05-21,7,2,5,A,15,6,9,45.6,0,1
2025-05-21,7,2,5,B,15,3,12,22.6,0,1
2025-05-21,7,2,5,C,15,4,11,28.6,0,1
2025-05-21,7,2,5,D,15,4,11,30.4,0,1
2025-05-21,8,2,5,A,15,14,1,98.0,0,1
2025-05-21,8,2,5,B,15,14,1,96.9,0,1
2025-05-21,8,2,5,C,15,11,4,73.4,0,1
2025-05-21,8,2,5,D,15,11,4,79.8,0,1
2025-05-21,9,2,5,A,15,13,2,92.5,0,1
2025-05-21,9,2,5,B,15,14,1,95.6,0,1
2025-05-21,9,2,5,C,15,12,3,83.0,0,1
2025-05-21,9,2,5,D,15,9,6,60.7,0,1
2025-05-21,10,2,5,A,15,14,1,98.0,0,1
2025-05-21,10,2,5,B,15,12,3,84.6,0,1
2025-05-21,10,2,5,C,15,12,3,81.5,0,1
2025-05-21,10,2,5,D,15,9,6,66.2,0,1
2025-05-21,11,2,5,A,15,12,3,83.8,0,1
2025-05-21,11,2,5,B,15,12,3,86.0,0,1
2025-05-21,11,2,5,C,15,10,5,66.7,0,1
2025-05-21,11,2,5,D,15,9,6,66.6,0,1
2025-05-21,12,2,5,A,15,12,3,84.4,0,1
2025-05-21,12,2,5,B,15,13,2,88.3,0,1
2025-05-21,12,2,5,C,15,9,6,62.1,0,1
2025-05-21,12,2,5,D,15,8,7,55.1,0,1
2025-05-21,13,2,5,A,15,14,1,98.0,0,1
2025-05-21,13,2,5,B,15,10,5,71.4,0,1
2025-05-21,13,2,5,C,15,12,3,80.3,0,1
2025-05-21,13,2,5,D,15,10,5,67.1,0,1
2025-05-21,14,2,5,A,15,11,4,79.3,0,1
2025-05-21,14,2,5,B,15,8,7,55.5,0,1
2025-05-21,14,2,5,C,15,9,6,62.8,0,1
2025-05-21,14,2,5,D,15,8,7,56.8,0,1
2025-05-21,15,2,5,A,15,13,2,89.8,0,1
2025-05-21,15,2,5,B,15,12,3,82.7,0,1
2025-05-21,15,2,5,C,15,8,7,57.5,0,1
2025-05-21,15,2,5,D,15,9,6,62.4,0,1
2025-05-21,16,2,5,A,15,12,3,86.6,0,1
2025-05-21,16,2,5,B,15,11,4,78.6,0,1
2025-05-21,16,2,5,C,15,10,5,67.0,0,1
2025-05-21,16,2,5,D,15,6,9,40.5,0,1
2025-05-21,17,2,5,A,15,10,5,67.8,0,1
2025-05-21,17,2,5,B,15,7,8,50.8,0,1
2025-05-21,17,2,5,C,15,7,8,52.4,0,1
2025-05-21,17,2,5,D,15,8,7,55.8,0,1
2025-05-21,18,2,5,A,15,10,5,71.4,0,1
2025-05-21,18,2,5,B,15,10,5,69.2,0,1
2025-05-21,18,2,5,C,15,8,7,56.7,0,1
2025-05-21,18,2,5,D,15,5,10,37.6,0,1
2025-05-21,19,2,5,A,15,7,8,48.8,0,1
2025-05-21,19,2,5,B,15,9,6,61.2,0,1
2025-05-21,19,2,5,C,15,7,8,52.3,0,1
2025-05-21,19,2,5,D,15,6,9,40.2,0,1
2025-05-21,20,2,5,A,15,2,13,15.1,0,1
2025-05-21,20,2,5,B,15,2,13,19.1,0,1
2025-05-21,20,2,5,C,15,3,12,20.9,0,1
2025-05-21,20,2,5,D,15,3,12,25.3,0,1
2025-05-21,21,2,5,A,15,4,11,30.3,0,1
2025-05-21,21,2,5,B,15,5,10,37.9,0,1
2025-05-21,21,2,5,C,15,2,13,14.2,0,1
2025-05-21,21,2,5,D,15,4,11,27.0,0,1
2025-05-22,6,3,5,A,15,6,9,40.6,0,1
2025-05-22,6,3,5,B,15,6,9,40.6,0,1
2025-05-22,6,3,5,C,15,4,11,28.0,0,1
2025-05-22,6,3,5,D,15,5,10,36.6,0,1
2025-05-22,7,3,5,A,15,6,9,42.6,0,1
2025-05-22,7,3,5,B,15,4,11,29.6,0,1
2025-05-22,7,3,5,C,15,4,11,31.4,0,1
2025-05-22,7,3,5,D,15,3,12,26.1,0,1
2025-05-22,8,3,5,A,15,14,1,98.0,0,1
2025-05-22,8,3,5,B,15,11,4,75.6,0,1
2025-05-22,8,3,5,C,15,11,4,76.3,0,1
2025-05-22,8,3,5,D,15,10,5,71.2,0,1
2025-05-22,9,3,5,A,15,14,1,98.0,0,1
2025-05-22,9,3,5,B,15,14,1,95.8,0,1
2025-05-22,9,3,5,C,15,12,3,82.7,0,1
2025-05-22,9,3,5,D,15,10,5,67.9,0,1
2025-05-22,10,3,5,A,15,14,1,98.0,0,1
2025-05-22,10,3,5,B,15,13,2,87.4,0,1
2025-05-22,10,3,5,C,15,11,4,79.7,0,1
2025-05-22,10,3,5,D,15,8,7,53.4,0,1
2025-05-22,11,3,5,A,15,12,3,83.8,0,1
2025-05-22,11,3,5,B,15,9,6,63.1,0,1
2025-05-22,11,3,5,C,15,11,4,77.7,0,1
2025-05-22,11,3,5,D,15,8,7,59.5,0,1
2025-05-22,12,3,5,A,15,12,3,84.7,0,1
2025-05-22,12,3,5,B,15,12,3,82.2,0,1
2025-05-22,12,3,5,C,15,10,5,70.9,0,1
2025-05-22,12,3,5,D,15,7,8,51.0,0,1
2025-05-22,13,3,5,A,15,12,3,85.7,0,1
2025-05-22,13,3,5,B,15,10,5,72.3,0,1
2025-05-22,13,3,5,C,15,8,7,53.5,0,1
2025-05-22,13,3,5,D,15,8,7,54.5,0,1
2025-05-22,14,3,5,A,15,11,4,79.0,0,1
2025-05-22,14,3,5,B,15,10,5,69.1,0,1
2025-05-22,14,3,5,C,15,7,8,51.1,0,1
2025-05-22,14,3,5,D,15,9,6,65.2,0,1
2025-05-22,15,3,5,A,15,11,4,79.7,0,1
2025-05-22,15,3,5,B,15,10,5,70.3,0,1
2025-05-22,15,3,5,C,15,9,6,66.2,0,1
2025-05-22,15,3,5,D,15,7,8,49.7,0,1
2025-05-22,16,3,5,A,15,12,3,84.2,0,1
2025-05-22,16,3,5,B,15,10,5,67.1,0,1
2025-05-22,16,3,5,C,15,8,7,55.8,0,1
2025-05-22,16,3,5,D,15,9,6,60.6,0,1
2025-05-22,17,3,5,A,15,12,3,80.9,0,1
2025-05-22,17,3,5,B,15,9,6,65.8,0,1
2025-05-22,17,3,5,C,15,9,6,61.4,0,1
2025-05-22,17,3,5,D,15,6,9,43.8,0,1
2025-05-22,18,3,5,A,15,8,7,56.2,0,1
2025-05-22,18,3,5,B,15,10,5,71.9,0,1
2025-05-22,18,3,5,C,15,10,5,70.4,0,1
2025-05-22,18,3,5,D,15,9,6,60.3,0,1
2025-05-22,19,3,5,A,15,9,6,66.3,0,1
2025-05-22,19,3,5,B,15,7,8,50.8,0,1
2025-05-22,19,3,5,C,15,6,9,45.5,0,1
2025-05-22,19,3,5,D,15,5,10,34.5,0,1
2025-05-22,20,3,5,A,15,4,11,27.9,0,1
2025-05-22,20,3,5,B,15,5,10,37.8,0,1
2025-05-22,20,3,5,C,15,3,12,21.4,0,1
2025-05-22,20,3,5,D,15,3,12,22.4,0,1
2025-05-22,21,3,5,A,15,5,10,39.8,0,1
2025-05-22,21,3,5,B,15,3,12,21.8,0,1
2025-05-22,21,3,5,C,15,5,10,38.8,0,1
2025-05-22,21,3,5,D,15,5,10,35.9,0,1
2025-05-23,6,4,5,A,15,5,10,39.2,0,1
2025-05-23,6,4,5,B,15,4,11,30.4,0,1
2025-05-23,6,4,5,C,15,5,10,37.1,0,1
2025-05-23,6,4,5,D,15,3,12,25.2,0,1
2025-05-23,7,4,5,A,15,4,11,31.0,0,1
2025-05-23,7,4,5,B,15,6,9,45.2,0,1
2025-05-23,7,4,5,C,15,6,9,41.2,0,1
2025-05-23,7,4,5,D,15,4,11,29.2,0,1
2025-05-23,8,4,5,A,15,13,2,87.6,0,1
2025-05-23,8,4,5,B,15,11,4,75.2,0,1
2025-05-23,8,4,5,C,15,11,4,77.4,0,1
2025-05-23,8,4,5,D,15,9,6,64.0,0,1
2025-05-23,9,4,5,A,15,14,1,95.0,0,1
2025-05-23,9,4,5,B,15,13,2,93.2,0,1
2025-05-23,9,4,5,C,15,12,3,82.4,0,1
2025-05-23,9,4,5,D,15,11,4,79.0,0,1
2025-05-23,10,4,5,A,15,13,2,89.8,0,1
2025-05-23,10,4,5,B,15,12,3,82.3,0,1
2025-05-23,10,4,5,C,15,12,3,82.6,0,1
2025-05-23,10,4,5,D,15,10,5,71.6,0,1
2025-05-23,11,4,5,A,15,14,1,98.0,0,1
2025-05-23,11,4,5,B,15,11,4,78.4,0,1
2025-05-23,11,4,5,C,15,12,3,82.3,0,1
2025-05-23,11,4,5,D,15,9,6,64.3,0,1
2025-05-23,12,4,5,A,15,14,1,94.7,0,1
2025-05-23,12,4,5,B,15,10,5,72.4,0,1
2025-05-23,12,4,5,C,15,10,5,67.6,0,1
2025-05-23,12,4,5,D,15,10,5,67.3,0,1
2025-05-23,13,4,5,A,15,14,1,98.0,0,1
2025-05-23,13,4,5,B,15,12,3,80.8,0,1
2025-05-23,13,4,5,C,15,10,5,66.8,0,1
2025-05-23,13,4,5,D,15,10,5,71.0,0,1
2025-05-23,14,4,5,A,15,9,6,63.0,0,1
2025-05-23,14,4,5,B,15,8,7,58.6,0,1
2025-05-23,14,4,5,C,15,10,5,68.5,0,1
2025-05-23,14,4,5,D,15,8,7,56.1,0,1
2025-05-23,15,4,5,A,15,12,3,85.3,0,1
2025-05-23,15,4,5,B,15,10,5,70.5,0,1
2025-05-23,15,4,5,C,15,10,5,67.6,0,1
2025-05-23,15,4,5,D,15,7,8,49.5,0,1
2025-05-23,16,4,5,A,15,12,3,85.1,0,1
2025-05-23,16,4,5,B,15,11,4,78.0,0,1
2025-05-23,16,4,5,C,15,10,5,72.8,0,1
2025-05-23,16,4,5,D,15,10,5,72.1,0,1
2025-05-23,17,4,5,A,15,10,5,71.0,0,1
2025-05-23,17,4,5,B,15,9,6,62.2,0,1
2025-05-23,17,4,5,C,15,6,9,41.8,0,1
2025-05-23,17,4,5,D,15,6,9,43.7,0,1
2025-05-23,18,4,5,A,15,10,5,67.5,0,1
2025-05-23,18,4,5,B,15,10,5,68.4,0,1
2025-05-23,18,4,5,C,15,7,8,49.1,0,1
2025-05-23,18,4,5,D,15,8,7,54.4,0,1
2025-05-23,19,4,5,A,15,10,5,69.0,0,1
2025-05-23,19,4,5,B,15,8,7,58.6,0,1
2025-05-23,19,4,5,C,15,8,7,56.0,0,1
2025-05-23,19,4,5,D,15,6,9,44.9,0,1
2025-05-23,20,4,5,A,15,3,12,25.3,0,1
2025-05-23,20,4,5,B,15,1,14,11.4,0,1
2025-05-23,20,4,5,C,15,3,12,20.5,0,1
2025-05-23,20,4,5,D,15,2,13,16.2,0,1
2025-05-23,21,4,5,A,15,3,12,24.6,0,1
2025-05-23,21,4,5,B,15,4,11,28.3,0,1
2025-05-23,21,4,5,C,15,4,11,27.8,0,1
2025-05-23,21,4,5,D,15,3,12,21.9,0,1
2025-05-24,6,5,5,A,15,3,12,22.1,1,1
2025-05-24,6,5,5,B,15,2,13,16.9,1,1
2025-05-24,6,5,5,C,15,1,14,8.7,1,1
2025-05-24,6,5,5,D,15,0,15,6.1,1,1
2025-05-24,7,5,5,A,15,2,13,16.6,1,1
2025-05-24,7,5,5,B,15,2,13,16.8,1,1
2025-05-24,7,5,5,C,15,3,12,22.2,1,1
2025-05-24,7,5,5,D,15,2,13,19.3,1,1
2025-05-24,8,5,5,A,15,4,11,29.9,1,1
2025-05-24,8,5,5,B,15,4,11,28.9,1,1
2025-05-24,8,5,5,C,15,4,11,32.1,1,1
2025-05-24,8,5,5,D,15,4,11,32.3,1,1
2025-05-24,9,5,5,A,15,6,9,41.7,1,1
2025-05-24,9,5,5,B,15,4,11,29.2,1,1
2025-05-24,9,5,5,C,15,2,13,16.7,1,1
2025-05-24,9,5,5,D,15,2,13,15.8,1,1
2025-05-24,10,5,5,A,15,5,10,36.4,1,1
2025-05-24,10,5,5,B,15,4,11,32.5,1,1
2025-05-24,10,5,5,C,15,2,13,18.0,1,1
2025-05-24,10,5,5,D,15,3,12,24.2,1,1
2025-05-24,11,5,5,A,15,5,10,35.2,1,1
2025-05-24,11,5,5,B,15,2,13,17.0,1,1
2025-05-24,11,5,5,C,15,4,11,32.5,1,1
2025-05-24,11,5,5,D,15,2,13,18.0,1,1
2025-05-24,12,5,5,A,15,6,9,40.2,1,1
2025-05-24,12,5,5,B,15,3,12,22.0,1,1
2025-05-24,12,5,5,C,15,2,13,15.4,1,1
2025-05-24,12,5,5,D,15,2,13,17.3,1,1
2025-05-24,13,5,5,A,15,4,11,29.4,1,1
2025-05-24,13,5,5,B,15,3,12,23.1,1,1
2025-05-24,13,5,5,C,15,3,12,21.9,1,1
2025-05-24,13,5,5,D,15,3,12,23.7,1,1
2025-05-24,14,5,5,A,15,4,11,26.8,1,1
2025-05-24,14,5,5,B,15,3,12,24.0,1,1
2025-05-24,14,5,5,C,15,1,14,8.4,1,1
2025-05-24,14,5,5,D,15,3,12,22.7,1,1
2025-05-24,15,5,5,A,15,4,11,27.5,1,1
2025-05-24,15,5,5,B,15,5,10,37.4,1,1
2025-05-24,15,5,5,C,15,2,13,14.5,1,1
2025-05-24,15,5,5,D,15,0,15,5.1,1,1
2025-05-24,16,5,5,A,15,4,11,33.1,1,1
2025-05-24,16,5,5,B,15,4,11,27.3,1,1
2025-05-24,16,5,5,C,15,2,13,14.0,1,1
2025-05-24,16,5,5,D,15,1,14,7.4,1,1
2025-05-24,17,5,5,A,15,5,10,36.4,1,1
2025-05-24,17,5,5,B,15,4,11,32.3,1,1
2025-05-24,17,5,5,C,15,0,15,5.0,1,1
2025-05-24,17,5,5,D,15,1,14,13.1,1,1
2025-05-24,18,5,5,A,15,5,10,37.5,1,1
2025-05-24,18,5,5,B,15,2,13,17.2,1,1
2025-05-24,18,5,5,C,15,2,13,15.0,1,1
2025-05-24,18,5,5,D,15,2,13,14.5,1,1
2025-05-24,19,5,5,A,15,2,13,15.2,1,1
2025-05-24,19,5,5,B,15,1,14,7.4,1,1
2025-05-24,19,5,5,C,15,4,11,27.3,1,1
2025-05-24,19,5,5,D,15,0,15,5.0,1,1
2025-05-24,20,5,5,A,15,1,14,12.0,1,1
2025-05-24,20,5,5,B,15,2,13,15.8,1,1
2025-05-24,20,5,5,C,15,0,15,5.0,1,1
2025-05-24,20,5,5,D,15,0,15,5.0,1,1
2025-05-24,21,5,5,A,15,2,13,19.8,1,1
2025-05-24,21,5,5,B,15,1,14,13.0,1,1
2025-05-24,21,5,5,C,15,0,15,5.0,1,1
2025-05-24,21,5,5,D,15,2,13,16.6,1,1
2025-05-25,6,6,5,A,15,3,12,23.7,1,1
2025-05-25,6,6,5,B,15,2,13,14.4,1,1
2025-05-25,6,6,5,C,15,0,15,5.0,1,1
2025-05-25,6,6,5,D,15,0,15,6.5,1,1
2025-05-25,7,6,5,A,15,2,13,16.4,1,1
2025-05-25,7,6,5,B,15,1,14,10.7,1,1
2025-05-25,7,6,5,C,15,2,13,18.5,1,1
2025-05-25,7,6,5,D,15,0,15,5.0,1,1
2025-05-25,8,6,5,A,15,3,12,22.3,1,1
2025-05-25,8,6,5,B,15,4,11,31.2,1,1
2025-05-25,8,6,5,C,15,3,12,22.8,1,1
2025-05-25,8,6,5,D,15,2,13,18.8,1,1
2025-05-25,9,6,5,A,15,3,12,20.1,1,1
2025-05-25,9,6,5,B,15,4,11,29.9,1,1
2025-05-25,9,6,5,C,15,3,12,26.4,1,1
2025-05-25,9,6,5,D,15,4,11,29.0,1,1
2025-05-25,10,6,5,A,15,5,10,34.8,1,1
2025-05-25,10,6,5,B,15,4,11,28.7,1,1
2025-05-25,10,6,5,C,15,5,10,36.2,1,1
2025-05-25,10,6,5,D,15,1,14,13.3,1,1
2025-05-25,11,6,5,A,15,5,10,34.5,1,1
2025-05-25,11,6,5,B,15,1,14,12.9,1,1
2025-05-25,11,6,5,C,15,2,13,16.9,1,1
2025-05-25,11,6,5,D,15,1,14,11.3,1,1
2025-05-25,12,6,5,A,15,5,10,36.4,1,1
2025-05-25,12,6,5,B,15,3,12,25.7,1,1
2025-05-25,12,6,5,C,15,3,12,23.5,1,1
2025-05-25,12,6,5,D,15,1,14,12.1,1,1
2025-05-25,13,6,5,A,15,4,11,27.8,1,1
2025-05-25,13,6,5,B,15,3,12,20.1,1,1
2025-05-25,13,6,5,C,15,4,11,26.7,1,1
2025-05-25,13,6,5,D,15,1,14,13.1,1,1
2025-05-25,14,6,5,A,15,5,10,38.8,1,1
2025-05-25,14,6,5,B,15,1,14,11.1,1,1
2025-05-25,14,6,5,C,15,2,13,15.6,1,1
2025-05-25,14,6,5,D,15,4,11,33.0,1,1
2025-05-25,15,6,5,A,15,3,12,24.7,1,1
2025-05-25,15,6,5,B,15,2,13,14.0,1,1
2025-05-25,15,6,5,C,15,3,12,23.8,1,1
2025-05-25,15,6,5,D,15,2,13,15.8,1,1
2025-05-25,16,6,5,A,15,3,12,21.5,1,1
2025-05-25,16,6,5,B,15,2,13,15.7,1,1
2025-05-25,16,6,5,C,15,6,9,44.2,1,1
2025-05-25,16,6,5,D,15,2,13,17.6,1,1
2025-05-25,17,6,5,A,15,1,14,8.7,1,1
2025-05-25,17,6,5,B,15,4,11,32.9,1,1
2025-05-25,17,6,5,C,15,3,12,23.8,1,1
2025-05-25,17,6,5,D,15,1,14,10.7,1,1
2025-05-25,18,6,5,A,15,2,13,16.7,1,1
2025-05-25,18,6,5,B,15,3,12,26.4,1,1
2025-05-25,18,6,5,C,15,2,13,16.9,1,1
2025-05-25,18,6,5,D,15,0,15,5.0,1,1
2025-05-25,19,6,5,A,15,5,10,38.4,1,1
2025-05-25,19,6,5,B,15,2,13,17.5,1,1
2025-05-25,19,6,5,C,15,4,11,30.9,1,1
2025-05-25,19,6,5,D,15,4,11,27.0,1,1
2025-05-25,20,6,5,A,15,0,15,5.0,1,1
2025-05-25,20,6,5,B,15,2,13,17.0,1,1
2025-05-25,20,6,5,C,15,0,15,5.0,1,1
2025-05-25,20,6,5,D,15,0,15,5.0,1,1
2025-05-25,21,6,5,A,15,0,15,6.7,1,1
2025-05-25,21,6,5,B,15,1,14,11.9,1,1
2025-05-25,21,6,5,C,15,0,15,5.0,1,1
2025-05-25,21,6,5,D,15,0,15,5.0,1,1
2025-05-26,6,0,5,A,15,7,8,49.4,0,1
2025-05-26,6,0,5,B,15,5,10,35.9,0,1
2025-05-26,6,0,5,C,15,3,12,24.8,0,1
2025-05-26,6,0,5,D,15,5,10,33.6,0,1
2025-05-26,7,0,5,A,15,6,9,41.8,0,1
2025-05-26,7,0,5,B,15,2,13,14.8,0,1
2025-05-26,7,0,5,C,15,5,10,34.9,0,1
2025-05-26,7,0,5,D,15,4,11,31.1,0,1
2025-05-26,8,0,5,A,15,14,1,97.9,0,1
2025-05-26,8,0,5,B,15,13,2,92.1,0,1
2025-05-26,8,0,5,C,15,10,5,71.1,0,1
2025-05-26,8,0,5,D,15,10,5,70.7,0,1
2025-05-26,9,0,5,A,15,12,3,85.2,0,1
2025-05-26,9,0,5,B,15,13,2,88.3,0,1
2025-05-26,9,0,5,C,15,13,2,92.1,0,1
2025-05-26,9,0,5,D,15,9,6,60.0,0,1
2025-05-26,10,0,5,A,15,13,2,91.7,0,1
2025-05-26,10,0,5,B,15,11,4,79.3,0,1
2025-05-26,10,0,5,C,15,11,4,77.5,0,1
2025-05-26,10,0,5,D,15,8,7,59.5,0,1
2025-05-26,11,0,5,A,15,13,2,89.6,0,1
2025-05-26,11,0,5,B,15,12,3,81.8,0,1
2025-05-26,11,0,5,C,15,10,5,71.8,0,1
2025-05-26,11,0,5,D,15,6,9,45.9,0,1
2025-05-26,12,0,5,A,15,14,1,94.2,0,1
2025-05-26,12,0,5,B,15,12,3,82.5,0,1
2025-05-26,12,0,5,C,15,11,4,74.1,0,1
2025-05-26,12,0,5,D,15,9,6,63.0,0,1
2025-05-26,13,0,5,A,15,13,2,88.0,0,1
2025-05-26,13,0,5,B,15,12,3,83.3,0,1
2025-05-26,13,0,5,C,15,12,3,82.9,0,1
2025-05-26,13,0,5,D,15,7,8,52.4,0,1
2025-05-26,14,0,5,A,15,13,2,89.1,0,1
2025-05-26,14,0,5,B,15,10,5,69.3,0,1
2025-05-26,14,0,5,C,15,9,6,62.0,0,1
2025-05-26,14,0,5,D,15,6,9,43.7,0,1
2025-05-26,15,0,5,A,15,11,4,78.2,0,1
2025-05-26,15,0,5,B,15,9,6,62.0,0,1
2025-05-26,15,0,5,C,15,8,7,59.3,0,1
2025-05-26,15,0,5,D,15,7,8,47.2,0,1
2025-05-26,16,0,5,A,15,11,4,76.9,0,1
2025-05-26,16,0,5,B,15,10,5,66.8,0,1
2025-05-26,16,0,5,C,15,9,6,63.8,0,1
2025-05-26,16,0,5,D,15,6,9,43.1,0,1
2025-05-26,17,0,5,A,15,8,7,57.4,0,1
2025-05-26,17,0,5,B,15,9,6,62.9,0,1
2025-05-26,17,0,5,C,15,7,8,47.6,0,1
2025-05-26,17,0,5,D,15,8,7,56.6,0,1
2025-05-26,18,0,5,A,15,10,5,70.8,0,1
2025-05-26,18,0,5,B,15,9,6,64.9,0,1
2025-05-26,18,0,5,C,15,9,6,65.3,0,1
2025-05-26,18,0,5,D,15,6,9,45.5,0,1
2025-05-26,19,0,5,A,15,9,6,64.4,0,1
2025-05-26,19,0,5,B,15,10,5,67.0,0,1
2025-05-26,19,0,5,C,15,8,7,58.1,0,1
2025-05-26,19,0,5,D,15,6,9,46.5,0,1
2025-05-26,20,0,5,A,15,5,10,39.9,0,1
2025-05-26,20,0,5,B,15,3,12,23.3,0,1
2025-05-26,20,0,5,C,15,3,12,22.8,0,1
2025-05-26,20,0,5,D,15,3,12,20.2,0,1
2025-05-26,21,0,5,A,15,3,12,21.3,0,1
2025-05-26,21,0,5,B,15,3,12,25.6,0,1
2025-05-26,21,0,5,C,15,5,10,33.7,0,1
2025-05-26,21,0,5,D,15,3,12,23.6,0,1
2025-05-27,6,1,5,A,15,6,9,40.5,0,1
2025-05-27,6,1,5,B,15,5,10,33.7,0,1
2025-05-27,6,1,5,C,15,5,10,34.1,0,1
2025-05-27,6,1,5,D,15,5,10,34.0,0,1
2025-05-27,7,1,5,A,15,6,9,45.1,0,1
2025-05-27,7,1,5,B,15,4,11,32.3,0,1
2025-05-27,7,1,5,C,15,5,10,34.1,0,1
2025-05-27,7,1,5,D,15,4,11,31.8,0,1
2025-05-27,8,1,5,A,15,13,2,89.7,0,1
2025-05-27,8,1,5,B,15,12,3,86.3,0,1
2025-05-27,8,1,5,C,15,8,7,59.2,0,1
2025-05-27,8,1,5,D,15,10,5,71.9,0,1
2025-05-27,9,1,5,A,15,14,1,98.0,0,1
2025-05-27,9,1,5,B,15,13,2,91.0,0,1
2025-05-27,9,1,5,C,15,11,4,73.3,0,1
2025-05-27,9,1,5,D,15,10,5,70.5,0,1
2025-05-27,10,1,5,A,15,14,1,98.0,0,1
2025-05-27,10,1,5,B,15,14,1,96.3,0,1
2025-05-27,10,1,5,C,15,11,4,76.3,0,1
2025-05-27,10,1,5,D,15,10,5,69.1,0,1
2025-05-27,11,1,5,A,15,14,1,95.1,0,1
2025-05-27,11,1,5,B,15,9,6,63.0,0,1
2025-05-27,11,1,5,C,15,9,6,64.9,0,1
2025-05-27,11,1,5,D,15,10,5,70.7,0,1
2025-05-27,12,1,5,A,15,14,1,94.1,0,1
2025-05-27,12,1,5,B,15,11,4,78.0,0,1
2025-05-27,12,1,5,C,15,8,7,55.5,0,1
2025-05-27,12,1,5,D,15,8,7,59.6,0,1
2025-05-27,13,1,5,A,15,12,3,81.5,0,1
2025-05-27,13,1,5,B,15,11,4,77.6,0,1
2025-05-27,13,1,5,C,15,9,6,61.0,0,1
2025-05-27,13,1,5,D,15,7,8,51.8,0,1
2025-05-27,14,1,5,A,15,9,6,64.0,0,1
2025-05-27,14,1,5,B,15,11,4,79.8,0,1
2025-05-27,14,1,5,C,15,8,7,59.8,0,1
2025-05-27,14,1,5,D,15,8,7,57.3,0,1
2025-05-27,15,1,5,A,15,12,3,80.5,0,1
2025-05-27,15,1,5,B,15,9,6,61.5,0,1
2025-05-27,15,1,5,C,15,7,8,52.9,0,1
2025-05-27,15,1,5,D,15,7,8,48.0,0,1
2025-05-27,16,1,5,A,15,11,4,74.7,0,1
2025-05-27,16,1,5,B,15,10,5,72.9,0,1
2025-05-27,16,1,5,C,15,8,7,56.6,0,1
2025-05-27,16,1,5,D,15,10,5,70.0,0,1
2025-05-27,17,1,5,A,15,11,4,77.2,0,1
2025-05-27,17,1,5,B,15,9,6,66.5,0,1
2025-05-27,17,1,5,C,15,7,8,53.0,0,1
2025-05-27,17,1,5,D,15,9,6,60.1,0,1
2025-05-27,18,1,5,A,15,10,5,67.3,0,1
2025-05-27,18,1,5,B,15,8,7,59.7,0,1
2025-05-27,18,1,5,C,15,8,7,55.4,0,1
2025-05-27,18,1,5,D,15,8,7,53.6,0,1
2025-05-27,19,1,5,A,15,11,4,74.1,0,1
2025-05-27,19,1,5,B,15,8,7,56.2,0,1
2025-05-27,19,1,5,C,15,7,8,49.7,0,1
2025-05-27,19,1,5,D,15,7,8,53.1,0,1
2025-05-27,20,1,5,A,15,5,10,34.5,0,1
2025-05-27,20,1,5,B,15,3,12,21.9,0,1
2025-05-27,20,1,5,C,15,1,14,9.8,0,1
2025-05-27,20,1,5,D,15,2,13,18.3,0,1
2025-05-27,21,1,5,A,15,5,10,33.7,0,1
2025-05-27,21,1,5,B,15,5,10,39.4,0,1
2025-05-27,21,1,5,C,15,1,14,12.9,0,1
2025-05-27,21,1,5,D,15,2,13,16.6,0,1
2025-05-28,6,2,5,A,15,5,10,37.1,0,1
2025-05-28,6,2,5,B,15,6,9,45.8,0,1
2025-05-28,6,2,5,C,15,4,11,31.2,0,1
2025-05-28,6,2,5,D,15,3,12,20.7,0,1
2025-05-28,7,2,5,A,15,6,9,44.7,0,1
2025-05-28,7,2,5,B,15,4,11,31.8,0,1
2025-05-28,7,2,5,C,15,3,12,21.7,0,1
2025-05-28,7,2,5,D,15,3,12,20.9,0,1
2025-05-28,8,2,5,A,15,14,1,98.0,0,1
2025-05-28,8,2,5,B,15,13,2,88.1,0,1
2025-05-28,8,2,5,C,15,11,4,77.4,0,1
2025-05-28,8,2,5,D,15,9,6,66.0,0,1
2025-05-28,9,2,5,A,15,14,1,98.0,0,1
2025-05-28,9,2,5,B,15,13,2,87.2,0,1
2025-05-28,9,2,5,C,15,11,4,78.8,0,1
2025-05-28,9,2,5,D,15,10,5,68.9,0,1
2025-05-28,10,2,5,A,15,14,1,98.0,0,1
2025-05-28,10,2,5,B,15,12,3,85.2,0,1
2025-05-28,10,2,5,C,15,10,5,68.7,0,1
2025-05-28,10,2,5,D,15,9,6,63.1,0,1
2025-05-28,11,2,5,A,15,10,5,70.4,0,1
2025-05-28,11,2,5,B,15,13,2,91.2,0,1
2025-05-28,11,2,5,C,15,11,4,74.4,0,1
2025-05-28,11,2,5,D,15,8,7,53.4,0,1
2025-05-28,12,2,5,A,15,12,3,84.0,0,1
2025-05-28,12,2,5,B,15,10,5,69.9,0,1
2025-05-28,12,2,5,C,15,11,4,79.8,0,1
2025-05-28,12,2,5,D,15,7,8,48.6,0,1
2025-05-28,13,2,5,A,15,13,2,87.2,0,1
2025-05-28,13,2,5,B,15,11,4,74.1,0,1
2025-05-28,13,2,5,C,15,11,4,74.1,0,1
2025-05-28,13,2,5,D,15,8,7,59.2,0,1
2025-05-28,14,2,5,A,15,9,6,66.4,0,1
2025-05-28,14,2,5,B,15,10,5,68.0,0,1
2025-05-28,14,2,5,C,15,8,7,55.2,0,1
2025-05-28,14,2,5,D,15,8,7,56.6,0,1
2025-05-28,15,2,5,A,15,13,2,92.0,0,1
2025-05-28,15,2,5,B,15,8,7,56.1,0,1
2025-05-28,15,2,5,C,15,8,7,56.6,0,1
2025-05-28,15,2,5,D,15,7,8,51.6,0,1
2025-05-28,16,2,5,A,15,11,4,77.4,0,1
2025-05-28,16,2,5,B,15,11,4,75.9,0,1
2025-05-28,16,2,5,C,15,9,6,61.6,0,1
2025-05-28,16,2,5,D,15,8,7,59.3,0,1
2025-05-28,17,2,5,A,15,9,6,64.0,0,1
2025-05-28,17,2,5,B,15,9,6,61.8,0,1
2025-05-28,17,2,5,C,15,9,6,60.2,0,1
2025-05-28,17,2,5,D,15,6,9,42.1,0,1
2025-05-28,18,2,5,A,15,11,4,75.3,0,1
2025-05-28,18,2,5,B,15,9,6,60.4,0,1
2025-05-28,18,2,5,C,15,9,6,62.4,0,1
2025-05-28,18,2,5,D,15,6,9,46.4,0,1
2025-05-28,19,2,5,A,15,10,5,72.0,0,1
2025-05-28,19,2,5,B,15,8,7,59.7,0,1
2025-05-28,19,2,5,C,15,7,8,53.2,0,1
2025-05-28,19,2,5,D,15,7,8,50.1,0,1
2025-05-28,20,2,5,A,15,4,11,33.0,0,1
2025-05-28,20,2,5,B,15,2,13,15.0,0,1
2025-05-28,20,2,5,C,15,5,10,34.0,0,1
2025-05-28,20,2,5,D,15,0,15,5.1,0,1
2025-05-28,21,2,5,A,15,3,12,23.3,0,1
2025-05-28,21,2,5,B,15,3,12,24.2,0,1
2025-05-28,21,2,5,C,15,3,12,25.8,0,1
2025-05-28,21,2,5,D,15,4,11,32.6,0,1
2025-05-29,6,3,5,A,15,3,12,25.4,0,1
2025-05-29,6,3,5,B,15,4,11,30.9,0,1
2025-05-29,6,3,5,C,15,2,13,14.5,0,1
2025-05-29,6,3,5,D,15,4,11,28.3,0,1
2025-05-29,7,3,5,A,15,6,9,42.4,0,1
2025-05-29,7,3,5,B,15,7,8,47.7,0,1
2025-05-29,7,3,5,C,15,4,11,32.5,0,1
2025-05-29,7,3,5,D,15,5,10,36.4,0,1
2025-05-29,8,3,5,A,15,14,1,98.0,0,1
2025-05-29,8,3,5,B,15,12,3,81.5,0,1
2025-05-29,8,3,5,C,15,9,6,65.2,0,1
2025-05-29,8,3,5,D,15,10,5,70.2,0,1
2025-05-29,9,3,5,A,15,12,3,85.8,0,1
2025-05-29,9,3,5,B,15,14,1,95.4,0,1
2025-05-29,9,3,5,C,15,11,4,75.2,0,1
2025-05-29,9,3,5,D,15,11,4,77.6,0,1
2025-05-29,10,3,5,A,15,14,1,93.9,0,1
2025-05-29,10,3,5,B,15,13,2,87.2,0,1
2025-05-29,10,3,5,C,15,11,4,78.2,0,1
2025-05-29,10,3,5,D,15,10,5,67.6,0,1
2025-05-29,11,3,5,A,15,12,3,82.8,0,1
2025-05-29,11,3,5,B,15,11,4,78.1,0,1
2025-05-29,11,3,5,C,15,9,6,60.1,0,1
2025-05-29,11,3,5,D,15,7,8,50.3,0,1
2025-05-29,12,3,5,A,15,14,1,96.2,0,1
2025-05-29,12,3,5,B,15,12,3,80.8,0,1
2025-05-29,12,3,5,C,15,10,5,68.0,0,1
2025-05-29,12,3,5,D,15,10,5,73.3,0,1
2025-05-29,13,3,5,A,15,12,3,84.1,0,1
2025-05-29,13,3,5,B,15,12,3,85.6,0,1
2025-05-29,13,3,5,C,15,10,5,68.9,0,1
2025-05-29,13,3,5,D,15,7,8,51.8,0,1
2025-05-29,14,3,5,A,15,14,1,95.3,0,1
2025-05-29,14,3,5,B,15,11,4,77.9,0,1
2025-05-29,14,3,5,C,15,9,6,62.0,0,1
2025-05-29,14,3,5,D,15,9,6,61.8,0,1
2025-05-29,15,3,5,A,15,11,4,77.3,0,1
2025-05-29,15,3,5,B,15,11,4,76.6,0,1
2025-05-29,15,3,5,C,15,6,9,43.9,0,1
2025-05-29,15,3,5,D,15,7,8,47.8,0,1
2025-05-29,16,3,5,A,15,13,2,88.3,0,1
2025-05-29,16,3,5,B,15,10,5,68.0,0,1
2025-05-29,16,3,5,C,15,9,6,64.7,0,1
2025-05-29,16,3,5,D,15,6,9,45.2,0,1
2025-05-29,17,3,5,A,15,12,3,83.8,0,1
2025-05-29,17,3,5,B,15,10,5,69.5,0,1
2025-05-29,17,3,5,C,15,7,8,52.4,0,1
2025-05-29,17,3,5,D,15,6,9,44.8,0,1
2025-05-29,18,3,5,A,15,11,4,77.2,0,1
2025-05-29,18,3,5,B,15,11,4,75.9,0,1
2025-05-29,18,3,5,C,15,9,6,61.6,0,1
2025-05-29,18,3,5,D,15,9,6,65.4,0,1
2025-05-29,19,3,5,A,15,9,6,61.6,0,1
2025-05-29,19,3,5,B,15,8,7,53.4,0,1
2025-05-29,19,3,5,C,15,6,9,44.5,0,1
2025-05-29,19,3,5,D,15,7,8,51.5,0,1
2025-05-29,20,3,5,A,15,4,11,30.2,0,1
2025-05-29,20,3,5,B,15,3,12,23.8,0,1
2025-05-29,20,3,5,C,15,4,11,29.0,0,1
2025-05-29,20,3,5,D,15,4,11,29.9,0,1
2025-05-29,21,3,5,A,15,2,13,16.5,0,1
2025-05-29,21,3,5,B,15,3,12,20.2,0,1
2025-05-29,21,3,5,C,15,4,11,29.1,0,1
2025-05-29,21,3,5,D,15,2,13,16.3,0,1
2025-05-30,6,4,5,A,15,5,10,33.9,0,1
2025-05-30,6,4,5,B,15,6,9,43.1,0,1
2025-05-30,6,4,5,C,15,3,12,21.2,0,1
2025-05-30,6,4,5,D,15,3,12,25.6,0,1
2025-05-30,7,4,5,A,15,6,9,42.9,0,1
2025-05-30,7,4,5,B,15,4,11,30.4,0,1
2025-05-30,7,4,5,C,15,5,10,37.8,0,1
2025-05-30,7,4,5,D,15,3,12,23.4,0,1
2025-05-30,8,4,5,A,15,14,1,98.0,0,1
2025-05-30,8,4,5,B,15,12,3,84.0,0,1
2025-05-30,8,4,5,C,15,12,3,81.9,0,1
2025-05-30,8,4,5,D,15,11,4,74.0,0,1
2025-05-30,9,4,5,A,15,13,2,92.7,0,1
2025-05-30,9,4,5,B,15,10,5,68.6,0,1
2025-05-30,9,4,5,C,15,11,4,79.4,0,1
2025-05-30,9,4,5,D,15,10,5,68.6,0,1
2025-05-30,10,4,5,A,15,14,1,98.0,0,1
2025-05-30,10,4,5,B,15,12,3,83.2,0,1
2025-05-30,10,4,5,C,15,10,5,73.1,0,1
2025-05-30,10,4,5,D,15,12,3,84.1,0,1
2025-05-30,11,4,5,A,15,11,4,74.5,0,1
2025-05-30,11,4,5,B,15,12,3,80.9,0,1
2025-05-30,11,4,5,C,15,9,6,62.9,0,1
2025-05-30,11,4,5,D,15,8,7,57.3,0,1
2025-05-30,12,4,5,A,15,12,3,83.7,0,1
2025-05-30,12,4,5,B,15,10,5,68.6,0,1
2025-05-30,12,4,5,C,15,10,5,72.1,0,1
2025-05-30,12,4,5,D,15,10,5,71.1,0,1
2025-05-30,13,4,5,A,15,13,2,90.0,0,1
2025-05-30,13,4,5,B,15,11,4,75.8,0,1
2025-05-30,13,4,5,C,15,8,7,59.6,0,1
2025-05-30,13,4,5,D,15,9,6,64.1,0,1
2025-05-30,14,4,5,A,15,14,1,97.8,0,1
2025-05-30,14,4,5,B,15,10,5,67.0,0,1
2025-05-30,14,4,5,C,15,8,7,60.0,0,1
2025-05-30,14,4,5,D,15,7,8,51.5,0,1
2025-05-30,15,4,5,A,15,11,4,76.6,0,1
2025-05-30,15,4,5,B,15,7,8,48.0,0,1
2025-05-30,15,4,5,C,15,9,6,66.2,0,1
2025-05-30,15,4,5,D,15,7,8,49.2,0,1
2025-05-30,16,4,5,A,15,10,5,67.6,0,1
2025-05-30,16,4,5,B,15,11,4,76.0,0,1
2025-05-30,16,4,5,C,15,8,7,54.3,0,1
2025-05-30,16,4,5,D,15,7,8,53.3,0,1
2025-05-30,17,4,5,A,15,12,3,80.7,0,1
2025-05-30,17,4,5,B,15,7,8,48.7,0,1
2025-05-30,17,4,5,C,15,6,9,41.7,0,1
2025-05-30,17,4,5,D,15,7,8,50.2,0,1
2025-05-30,18,4,5,A,15,11,4,78.2,0,1
2025-05-30,18,4,5,B,15,7,8,47.4,0,1
2025-05-30,18,4,5,C,15,8,7,57.3,0,1
2025-05-30,18,4,5,D,15,7,8,52.6,0,1
2025-05-30,19,4,5,A,15,7,8,52.5,0,1
2025-05-30,19,4,5,B,15,9,6,66.4,0,1
2025-05-30,19,4,5,C,15,9,6,61.0,0,1
2025-05-30,19,4,5,D,15,6,9,45.5,0,1
2025-05-30,20,4,5,A,15,5,10,38.8,0,1
2025-05-30,20,4,5,B,15,5,10,34.1,0,1
2025-05-30,20,4,5,C,15,3,12,23.3,0,1
2025-05-30,20,4,5,D,15,2,13,16.4,0,1
2025-05-30,21,4,5,A,15,3,12,21.0,0,1
2025-05-30,21,4,5,B,15,3,12,24.7,0,1
2025-05-30,21,4,5,C,15,4,11,27.1,0,1
2025-05-30,21,4,5,D,15,2,13,17.4,0,1
2025-05-31,6,5,5,A,15,0,15,5.0,1,1
2025-05-31,6,5,5,B,15,3,12,22.4,1,1
2025-05-31,6,5,5,C,15,1,14,12.5,1,1
2025-05-31,6,5,5,D,15,1,14,6.8,1,1
2025-05-31,7,5,5,A,15,3,12,20.9,1,1
2025-05-31,7,5,5,B,15,3,12,24.4,1,1
2025-05-31,7,5,5,C,15,0,15,5.0,1,1
2025-05-31,7,5,5,D,15,1,14,13.3,1,1
2025-05-31,8,5,5,A,15,3,12,22.8,1,1
2025-05-31,8,5,5,B,15,5,10,33.7,1,1
2025-05-31,8,5,5,C,15,4,11,27.8,1,1
2025-05-31,8,5,5,D,15,4,11,28.9,1,1
2025-05-31,9,5,5,A,15,4,11,30.2,1,1
2025-05-31,9,5,5,B,15,2,13,14.8,1,1
2025-05-31,9,5,5,C,15,3,12,23.2,1,1
2025-05-31,9,5,5,D,15,4,11,27.1,1,1
2025-05-31,10,5,5,A,15,6,9,42.3,1,1
2025-05-31,10,5,5,B,15,3,12,20.4,1,1
2025-05-31,10,5,5,C,15,5,10,35.0,1,1
2025-05-31,10,5,5,D,15,2,13,18.6,1,1
2025-05-31,11,5,5,A,15,4,11,33.1,1,1
2025-05-31,11,5,5,B,15,3,12,22.2,1,1
2025-05-31,11,5,5,C,15,3,12,25.1,1,1
2025-05-31,11,5,5,D,15,4,11,28.1,1,1
2025-05-31,12,5,5,A,15,3,12,20.4,1,1
2025-05-31,12,5,5,B,15,3,12,20.8,1,1
2025-05-31,12,5,5,C,15,3,12,25.1,1,1
2025-05-31,12,5,5,D,15,6,9,40.2,1,1
2025-05-31,13,5,5,A,15,3,12,23.3,1,1
2025-05-31,13,5,5,B,15,6,9,42.6,1,1
2025-05-31,13,5,5,C,15,5,10,39.7,1,1
2025-05-31,13,5,5,D,15,3,12,20.2,1,1
2025-05-31,14,5,5,A,15,3,12,25.8,1,1
2025-05-31,14,5,5,B,15,2,13,19.0,1,1
2025-05-31,14,5,5,C,15,3,12,21.5,1,1
2025-05-31,14,5,5,D,15,1,14,8.3,1,1
2025-05-31,15,5,5,A,15,4,11,27.6,1,1
2025-05-31,15,5,5,B,15,5,10,36.5,1,1
2025-05-31,15,5,5,C,15,2,13,17.2,1,1
2025-05-31,15,5,5,D,15,2,13,17.7,1,1
2025-05-31,16,5,5,A,15,2,13,14.6,1,1
2025-05-31,16,5,5,B,15,4,11,27.5,1,1
2025-05-31,16,5,5,C,15,3,12,24.2,1,1
2025-05-31,16,5,5,D,15,3,12,20.1,1,1
2025-05-31,17,5,5,A,15,3,12,22.4,1,1
2025-05-31,17,5,5,B,15,2,13,18.7,1,1
2025-05-31,17,5,5,C,15,3,12,22.9,1,1
2025-05-31,17,5,5,D,15,2,13,16.6,1,1
2025-05-31,18,5,5,A,15,4,11,26.7,1,1
2025-05-31,18,5,5,B,15,3,12,22.7,1,1
2025-05-31,18,5,5,C,15,4,11,27.9,1,1
2025-05-31,18,5,5,D,15,3,12,22.2,1,1
2025-05-31,19,5,5,A,15,3,12,25.7,1,1
2025-05-31,19,5,5,B,15,4,11,33.1,1,1
2025-05-31,19,5,5,C,15,3,12,22.3,1,1
2025-05-31,19,5,5,D,15,4,11,27.2,1,1
2025-05-31,20,5,5,A,15,2,13,14.9,1,1
2025-05-31,20,5,5,B,15,0,15,5.0,1,1
2025-05-31,20,5,5,C,15,2,13,18.3,1,1
2025-05-31,20,5,5,D,15,1,14,8.1,1,1
2025-05-31,21,5,5,A,15,1,14,9.6,1,1
2025-05-31,21,5,5,B,15,1,14,11.0,1,1
2025-05-31,21,5,5,C,15,0,15,5.1,1,1
2025-05-31,21,5,5,D,15,1,14,8.8,1,1
2025-06-01,6,6,6,A,15,0,15,5.0,1,0
2025-06-01,6,6,6,B,15,2,13,15.1,1,0
2025-06-01,6,6,6,C,15,0,15,5.0,1,0
2025-06-01,6,6,6,D,15,0,15,5.0,1,0
2025-06-01,7,6,6,A,15,0,15,5.0,1,0
2025-06-01,7,6,6,B,15,1,14,7.1,1,0
2025-06-01,7,6,6,C,15,0,15,5.9,1,0
2025-06-01,7,6,6,D,15,1,14,7.0,1,0
2025-06-01,8,6,6,A,15,0,15,5.5,1,0
2025-06-01,8,6,6,B,15,0,15,5.0,1,0
2025-06-01,8,6,6,C,15,2,13,15.7,1,0
2025-06-01,8,6,6,D,15,3,12,21.4,1,0
2025-06-01,9,6,6,A,15,0,15,5.5,1,0
2025-06-01,9,6,6,B,15,3,12,24.6,1,0
2025-06-01,9,6,6,C,15,1,14,13.0,1,0
2025-06-01,9,6,6,D,15,1,14,9.5,1,0
2025-06-01,10,6,6,A,15,1,14,10.5,1,0
2025-06-01,10,6,6,B,15,0,15,5.0,1,0
2025-06-01,10,6,6,C,15,2,13,18.6,1,0
2025-06-01,10,6,6,D,15,0,15,5.0,1,0
2025-06-01,11,6,6,A,15,0,15,5.8,1,0
2025-06-01,11,6,6,B,15,2,13,18.4,1,0
2025-06-01,11,6,6,C,15,0,15,5.0,1,0
2025-06-01,11,6,6,D,15,0,15,5.0,1,0
2025-06-01,12,6,6,A,15,1,14,11.9,1,0
2025-06-01,12,6,6,B,15,1,14,12.8,1,0
2025-06-01,12,6,6,C,15,1,14,13.3,1,0
2025-06-01,12,6,6,D,15,0,15,6.0,1,0
2025-06-01,13,6,6,A,15,4,11,32.3,1,0
2025-06-01,13,6,6,B,15,1,14,8.7,1,0
2025-06-01,13,6,6,C,15,1,14,7.6,1,0
2025-06-01,13,6,6,D,15,0,15,5.0,1,0
2025-06-01,14,6,6,A,15,1,14,12.3,1,0
2025-06-01,14,6,6,B,15,2,13,14.7,1,0
2025-06-01,14,6,6,C,15,2,13,18.4,1,0
2025-06-01,14,6,6,D,15,0,15,5.0,1,0
2025-06-01,15,6,6,A,15,1,14,9.3,1,0
2025-06-01,15,6,6,B,15,2,13,13.4,1,0
2025-06-01,15,6,6,C,15,2,13,13.5,1,0
2025-06-01,15,6,6,D,15,1,14,7.9,1,0
2025-06-01,16,6,6,A,15,2,13,15.6,1,0
2025-06-01,16,6,6,B,15,0,15,5.0,1,0
2025-06-01,16,6,6,C,15,3,12,21.3,1,0
2025-06-01,16,6,6,D,15,2,13,15.8,1,0
2025-06-01,17,6,6,A,15,0,15,5.0,1,0
2025-06-01,17,6,6,B,15,0,15,5.0,1,0
2025-06-01,17,6,6,C,15,0,15,5.0,1,0
2025-06-01,17,6,6,D,15,1,14,12.1,1,0
2025-06-01,18,6,6,A,15,0,15,5.0,1,0
2025-06-01,18,6,6,B,15,0,15,5.8,1,0
2025-06-01,18,6,6,C,15,1,14,11.2,1,0
2025-06-01,18,6,6,D,15,0,15,6.2,1,0
2025-06-01,19,6,6,A,15,1,14,11.7,1,0
2025-06-01,19,6,6,B,15,0,15,5.0,1,0
2025-06-01,19,6,6,C,15,1,14,12.3,1,0
2025-06-01,19,6,6,D,15,0,15,5.0,1,0
2025-06-01,20,6,6,A,15,0,15,5.0,1,0
2025-06-01,20,6,6,B,15,0,15,5.4,1,0
2025-06-01,20,6,6,C,15,0,15,5.0,1,0
2025-06-01,20,6,6,D,15,0,15,5.0,1,0
2025-06-01,21,6,6,A,15,0,15,5.0,1,0
2025-06-01,21,6,6,B,15,0,15,5.0,1,0
2025-06-01,21,6,6,C,15,0,15,5.0,1,0
2025-06-01,21,6,6,D,15,0,15,5.0,1,0
2025-06-02,6,0,6,A,15,1,14,12.4,0,0
2025-06-02,6,0,6,B,15,2,13,17.1,0,0
2025-06-02,6,0,6,C,15,0,15,5.0,0,0
2025-06-02,6,0,6,D,15,3,12,20.5,0,0
2025-06-02,7,0,6,A,15,3,12,26.3,0,0
2025-06-02,7,0,6,B,15,0,15,5.0,0,0
2025-06-02,7,0,6,C,15,3,12,23.5,0,0
2025-06-02,7,0,6,D,15,1,14,10.1,0,0
2025-06-02,8,0,6,A,15,6,9,42.4,0,0
2025-06-02,8,0,6,B,15,4,11,30.0,0,0
2025-06-02,8,0,6,C,15,5,10,38.0,0,0
2025-06-02,8,0,6,D,15,4,11,30.4,0,0
2025-06-02,9,0,6,A,15,4,11,32.6,0,0
2025-06-02,9,0,6,B,15,3,12,24.7,0,0
2025-06-02,9,0,6,C,15,2,13,18.9,0,0
2025-06-02,9,0,6,D,15,4,11,28.7,0,0
2025-06-02,10,0,6,A,15,6,9,43.7,0,0
2025-06-02,10,0,6,B,15,5,10,39.2,0,0
2025-06-02,10,0,6,C,15,4,11,29.7,0,0
2025-06-02,10,0,6,D,15,2,13,17.9,0,0
2025-06-02,11,0,6,A,15,4,11,29.0,0,0
2025-06-02,11,0,6,B,15,5,10,39.2,0,0
2025-06-02,11,0,6,C,15,3,12,23.1,0,0
2025-06-02,11,0,6,D,15,3,12,25.1,0,0
2025-06-02,12,0,6,A,15,3,12,25.9,0,0
2025-06-02,12,0,6,B,15,4,11,32.7,0,0
2025-06-02,12,0,6,C,15,3,12,23.3,0,0
2025-06-02,12,0,6,D,15,4,11,32.4,0,0
2025-06-02,13,0,6,A,15,6,9,40.7,0,0
2025-06-02,13,0,6,B,15,3,12,26.0,0,0
2025-06-02,13,0,6,C,15,3,12,26.0,0,0
2025-06-02,13,0,6,D,15,2,13,19.6,0,0
2025-06-02,14,0,6,A,15,3,12,20.8,0,0
2025-06-02,14,0,6,B,15,3,12,21.1,0,0
2025-06-02,14,0,6,C,15,4,11,26.8,0,0
2025-06-02,14,0,6,D,15,3,12,25.0,0,0
2025-06-02,15,0,6,A,15,5,10,33.4,0,0
2025-06-02,15,0,6,B,15,3,12,25.6,0,0
2025-06-02,15,0,6,C,15,4,11,32.7,0,0
2025-06-02,15,0,6,D,15,3,12,22.9,0,0
2025-06-02,16,0,6,A,15,5,10,37.8,0,0
2025-06-02,16,0,6,B,15,2,13,13.8,0,0
2025-06-02,16,0,6,C,15,0,15,5.0,0,0
2025-06-02,16,0,6,D,15,3,12,24.7,0,0
2025-06-02,17,0,6,A,15,2,13,16.2,0,0
2025-06-02,17,0,6,B,15,3,12,22.3,0,0
2025-06-02,17,0,6,C,15,2,13,19.2,0,0
2025-06-02,17,0,6,D,15,4,11,31.9,0,0
2025-06-02,18,0,6,A,15,4,11,30.8,0,0
2025-06-02,18,0,6,B,15,3,12,25.3,0,0
2025-06-02,18,0,6,C,15,4,11,28.3,0,0
2025-06-02,18,0,6,D,15,3,12,22.1,0,0
2025-06-02,19,0,6,A,15,3,12,23.9,0,0
2025-06-02,19,0,6,B,15,4,11,32.6,0,0
2025-06-02,19,0,6,C,15,1,14,12.7,0,0
2025-06-02,19,0,6,D,15,3,12,21.8,0,0
2025-06-02,20,0,6,A,15,0,15,5.0,0,0
2025-06-02,20,0,6,B,15,1,14,11.6,0,0
2025-06-02,20,0,6,C,15,1,14,10.5,0,0
2025-06-02,20,0,6,D,15,3,12,21.4,0,0
2025-06-02,21,0,6,A,15,0,15,5.0,0,0
2025-06-02,21,0,6,B,15,0,15,5.2,0,0
2025-06-02,21,0,6,C,15,2,13,15.6,0,0
2025-06-02,21,0,6,D,15,1,14,10.7,0,0
2025-06-03,6,1,6,A,15,2,13,17.5,0,0
2025-06-03,6,1,6,B,15,0,15,6.4,0,0
2025-06-03,6,1,6,C,15,1,14,7.9,0,0
2025-06-03,6,1,6,D,15,3,12,21.2,0,0
2025-06-03,7,1,6,A,15,2,13,15.7,0,0
2025-06-03,7,1,6,B,15,2,13,17.0,0,0
2025-06-03,7,1,6,C,15,1,14,11.7,0,0
2025-06-03,7,1,6,D,15,0,15,5.0,0,0
2025-06-03,8,1,6,A,15,6,9,46.6,0,0
2025-06-03,8,1,6,B,15,5,10,38.0,0,0
2025-06-03,8,1,6,C,15,7,8,49.0,0,0
2025-06-03,8,1,6,D,15,2,13,19.1,0,0
2025-06-03,9,1,6,A,15,6,9,45.7,0,0
2025-06-03,9,1,6,B,15,3,12,23.5,0,0
2025-06-03,9,1,6,C,15,4,11,31.9,0,0
2025-06-03,9,1,6,D,15,5,10,35.0,0,0
2025-06-03,10,1,6,A,15,3,12,22.5,0,0
2025-06-03,10,1,6,B,15,4,11,32.4,0,0
2025-06-03,10,1,6,C,15,3,12,26.1,0,0
2025-06-03,10,1,6,D,15,3,12,21.6,0,0
2025-06-03,11,1,6,A,15,5,10,37.6,0,0
2025-06-03,11,1,6,B,15,5,10,39.0,0,0
2025-06-03,11,1,6,C,15,3,12,25.9,0,0
2025-06-03,11,1,6,D,15,3,12,25.6,0,0
2025-06-03,12,1,6,A,15,5,10,35.4,0,0
2025-06-03,12,1,6,B,15,4,11,30.0,0,0
2025-06-03,12,1,6,C,15,2,13,18.3,0,0
2025-06-03,12,1,6,D,15,4,11,32.9,0,0
2025-06-03,13,1,6,A,15,5,10,36.9,0,0
2025-06-03,13,1,6,B,15,4,11,33.2,0,0
2025-06-03,13,1,6,C,15,3,12,20.5,0,0
2025-06-03,13,1,6,D,15,3,12,20.3,0,0
2025-06-03,14,1,6,A,15,4,11,30.8,0,0
2025-06-03,14,1,6,B,15,2,13,15.7,0,0
2025-06-03,14,1,6,C,15,1,14,11.7,0,0
2025-06-03,14,1,6,D,15,2,13,17.6,0,0
2025-06-03,15,1,6,A,15,5,10,36.4,0,0
2025-06-03,15,1,6,B,15,3,12,22.8,0,0
2025-06-03,15,1,6,C,15,2,13,17.0,0,0
2025-06-03,15,1,6,D,15,2,13,15.9,0,0
2025-06-03,16,1,6,A,15,4,11,28.6,0,0
2025-06-03,16,1,6,B,15,3,12,25.2,0,0
2025-06-03,16,1,6,C,15,6,9,42.5,0,0
2025-06-03,16,1,6,D,15,4,11,30.8,0,0
2025-06-03,17,1,6,A,15,5,10,35.8,0,0
2025-06-03,17,1,6,B,15,5,10,33.3,0,0
2025-06-03,17,1,6,C,15,2,13,13.6,0,0
2025-06-03,17,1,6,D,15,1,14,9.4,0,0
2025-06-03,18,1,6,A,15,2,13,18.7,0,0
2025-06-03,18,1,6,B,15,5,10,34.7,0,0
2025-06-03,18,1,6,C,15,2,13,17.2,0,0
2025-06-03,18,1,6,D,15,1,14,9.2,0,0
2025-06-03,19,1,6,A,15,3,12,24.2,0,0
2025-06-03,19,1,6,B,15,3,12,22.1,0,0
2025-06-03,19,1,6,C,15,3,12,23.7,0,0
2025-06-03,19,1,6,D,15,3,12,21.2,0,0
2025-06-03,20,1,6,A,15,0,15,5.0,0,0
2025-06-03,20,1,6,B,15,2,13,15.5,0,0
2025-06-03,20,1,6,C,15,0,15,5.0,0,0
2025-06-03,20,1,6,D,15,1,14,6.7,0,0
2025-06-03,21,1,6,A,15,2,13,17.0,0,0
2025-06-03,21,1,6,B,15,0,15,5.0,0,0
2025-06-03,21,1,6,C,15,0,15,5.0,0,0
2025-06-03,21,1,6,D,15,1,14,12.7,0,0
2025-06-04,6,2,6,A,15,1,14,9.2,0,0
2025-06-04,6,2,6,B,15,1,14,10.9,0,0
2025-06-04,6,2,6,C,15,2,13,17.0,0,0
2025-06-04,6,2,6,D,15,4,11,27.6,0,0
2025-06-04,7,2,6,A,15,3,12,20.9,0,0
2025-06-04,7,2,6,B,15,2,13,17.8,0,0
2025-06-04,7,2,6,C,15,2,13,16.8,0,0
2025-06-04,7,2,6,D,15,0,15,5.0,0,0
2025-06-04,8,2,6,A,15,6,9,40.0,0,0
2025-06-04,8,2,6,B,15,5,10,33.8,0,0
2025-06-04,8,2,6,C,15,4,11,33.2,0,0
2025-06-04,8,2,6,D,15,4,11,28.1,0,0
2025-06-04,9,2,6,A,15,6,9,42.1,0,0
2025-06-04,9,2,6,B,15,4,11,31.5,0,0
2025-06-04,9,2,6,C,15,4,11,31.1,0,0
2025-06-04,9,2,6,D,15,2,13,17.4,0,0
2025-06-04,10,2,6,A,15,5,10,36.5,0,0
2025-06-04,10,2,6,B,15,6,9,45.1,0,0
2025-06-04,10,2,6,C,15,4,11,33.2,0,0
2025-06-04,10,2,6,D,15,4,11,27.0,0,0
2025-06-04,11,2,6,A,15,7,8,49.7,0,0
2025-06-04,11,2,6,B,15,2,13,19.1,0,0
2025-06-04,11,2,6,C,15,2,13,18.1,0,0
2025-06-04,11,2,6,D,15,5,10,37.7,0,0
2025-06-04,12,2,6,A,15,5,10,34.9,0,0
2025-06-04,12,2,6,B,15,4,11,28.1,0,0
2025-06-04,12,2,6,C,15,2,13,17.4,0,0
2025-06-04,12,2,6,D,15,4,11,27.6,0,0
2025-06-04,13,2,6,A,15,5,10,38.9,0,0
2025-06-04,13,2,6,B,15,3,12,21.2,0,0
2025-06-04,13,2,6,C,15,3,12,25.9,0,0
2025-06-04,13,2,6,D,15,3,12,21.3,0,0
2025-06-04,14,2,6,A,15,5,10,34.2,0,0
2025-06-04,14,2,6,B,15,2,13,19.0,0,0
2025-06-04,14,2,6,C,15,5,10,35.2,0,0
2025-06-04,14,2,6,D,15,4,11,29.7,0,0
2025-06-04,15,2,6,A,15,4,11,29.3,0,0
2025-06-04,15,2,6,B,15,3,12,26.3,0,0
2025-06-04,15,2,6,C,15,3,12,24.1,0,0
2025-06-04,15,2,6,D,15,2,13,16.2,0,0
2025-06-04,16,2,6,A,15,4,11,28.7,0,0
2025-06-04,16,2,6,B,15,3,12,25.8,0,0
2025-06-04,16,2,6,C,15,5,10,38.1,0,0
2025-06-04,16,2,6,D,15,4,11,30.0,0,0
2025-06-04,17,2,6,A,15,5,10,35.1,0,0
2025-06-04,17,2,6,B,15,4,11,27.0,0,0
2025-06-04,17,2,6,C,15,1,14,12.7,0,0
2025-06-04,17,2,6,D,15,2,13,18.9,0,0
2025-06-04,18,2,6,A,15,5,10,35.4,0,0
2025-06-04,18,2,6,B,15,2,13,13.9,0,0
2025-06-04,18,2,6,C,15,4,11,26.7,0,0
2025-06-04,18,2,6,D,15,5,10,37.8,0,0
2025-06-04,19,2,6,A,15,5,10,36.1,0,0
2025-06-04,19,2,6,B,15,5,10,35.3,0,0
2025-06-04,19,2,6,C,15,3,12,23.3,0,0
2025-06-04,19,2,6,D,15,4,11,26.9,0,0
2025-06-04,20,2,6,A,15,0,15,5.8,0,0
2025-06-04,20,2,6,B,15,2,13,16.4,0,0
2025-06-04,20,2,6,C,15,2,13,14.2,0,0
2025-06-04,20,2,6,D,15,1,14,10.3,0,0
2025-06-04,21,2,6,A,15,3,12,22.0,0,0
2025-06-04,21,2,6,B,15,0,15,5.7,0,0
2025-06-04,21,2,6,C,15,1,14,7.5,0,0
2025-06-04,21,2,6,D,15,1,14,8.8,0,0
2025-06-05,6,3,6,A,15,1,14,7.9,0,0
2025-06-05,6,3,6,B,15,2,13,15.8,0,0
2025-06-05,6,3,6,C,15,0,15,5.0,0,0
2025-06-05,6,3,6,D,15,2,13,19.6,0,0
2025-06-05,7,3,6,A,15,2,13,16.5,0,0
2025-06-05,7,3,6,B,15,1,14,9.8,0,0
2025-06-05,7,3,6,C,15,0,15,5.9,0,0
2025-06-05,7,3,6,D,15,1,14,9.3,0,0
2025-06-05,8,3,6,A,15,6,9,44.6,0,0
2025-06-05,8,3,6,B,15,5,10,38.4,0,0
2025-06-05,8,3,6,C,15,3,12,25.0,0,0
2025-06-05,8,3,6,D,15,3,12,20.4,0,0
2025-06-05,9,3,6,A,15,6,9,44.4,0,0
2025-06-05,9,3,6,B,15,4,11,28.2,0,0
2025-06-05,9,3,6,C,15,4,11,31.1,0,0
2025-06-05,9,3,6,D,15,4,11,28.2,0,0
2025-06-05,10,3,6,A,15,6,9,41.6,0,0
2025-06-05,10,3,6,B,15,6,9,40.9,0,0
2025-06-05,10,3,6,C,15,3,12,20.5,0,0
2025-06-05,10,3,6,D,15,1,14,11.9,0,0
2025-06-05,11,3,6,A,15,4,11,30.0,0,0
2025-06-05,11,3,6,B,15,6,9,44.4,0,0
2025-06-05,11,3,6,C,15,6,9,43.2,0,0
2025-06-05,11,3,6,D,15,5,10,38.6,0,0
2025-06-05,12,3,6,A,15,4,11,33.0,0,0
2025-06-05,12,3,6,B,15,2,13,15.7,0,0
2025-06-05,12,3,6,C,15,1,14,8.3,0,0
2025-06-05,12,3,6,D,15,2,13,19.1,0,0
2025-06-05,13,3,6,A,15,4,11,32.9,0,0
2025-06-05,13,3,6,B,15,6,9,40.4,0,0
2025-06-05,13,3,6,C,15,5,10,33.9,0,0
2025-06-05,13,3,6,D,15,3,12,25.8,0,0
2025-06-05,14,3,6,A,15,3,12,25.1,0,0
2025-06-05,14,3,6,B,15,3,12,20.3,0,0
2025-06-05,14,3,6,C,15,4,11,27.2,0,0
2025-06-05,14,3,6,D,15,4,11,28.0,0,0
2025-06-05,15,3,6,A,15,5,10,35.3,0,0
2025-06-05,15,3,6,B,15,2,13,19.7,0,0
2025-06-05,15,3,6,C,15,4,11,30.4,0,0
2025-06-05,15,3,6,D,15,3,12,25.8,0,0
2025-06-05,16,3,6,A,15,3,12,23.6,0,0
2025-06-05,16,3,6,B,15,3,12,21.7,0,0
2025-06-05,16,3,6,C,15,4,11,30.7,0,0
2025-06-05,16,3,6,D,15,3,12,20.5,0,0
2025-06-05,17,3,6,A,15,6,9,40.3,0,0
2025-06-05,17,3,6,B,15,4,11,28.0,0,0
2025-06-05,17,3,6,C,15,2,13,17.7,0,0
2025-06-05,17,3,6,D,15,2,13,19.1,0,0
2025-06-05,18,3,6,A,15,4,11,28.1,0,0
2025-06-05,18,3,6,B,15,2,13,18.2,0,0
2025-06-05,18,3,6,C,15,2,13,14.3,0,0
2025-06-05,18,3,6,D,15,3,12,24.8,0,0
2025-06-05,19,3,6,A,15,5,10,34.4,0,0
2025-06-05,19,3,6,B,15,4,11,28.8,0,0
2025-06-05,19,3,6,C,15,5,10,33.7,0,0
2025-06-05,19,3,6,D,15,2,13,14.9,0,0
2025-06-05,20,3,6,A,15,3,12,24.9,0,0
2025-06-05,20,3,6,B,15,0,15,5.0,0,0
2025-06-05,20,3,6,C,15,0,15,5.0,0,0
2025-06-05,20,3,6,D,15,0,15,5.0,0,0
2025-06-05,21,3,6,A,15,1,14,7.9,0,0
2025-06-05,21,3,6,B,15,0,15,6.0,0,0
2025-06-05,21,3,6,C,15,1,14,13.2,0,0
2025-06-05,21,3,6,D,15,1,14,10.0,0,0
2025-06-06,6,4,6,A,15,0,15,6.6,0,0
2025-06-06,6,4,6,B,15,1,14,10.9,0,0
2025-06-06,6,4,6,C,15,1,14,9.6,0,0
2025-06-06,6,4,6,D,15,0,15,5.0,0,0
2025-06-06,7,4,6,A,15,1,14,8.3,0,0
2025-06-06,7,4,6,B,15,1,14,7.8,0,0
2025-06-06,7,4,6,C,15,3,12,24.1,0,0
2025-06-06,7,4,6,D,15,1,14,12.7,0,0
2025-06-06,8,4,6,A,15,6,9,44.4,0,0
2025-06-06,8,4,6,B,15,3,12,22.0,0,0
2025-06-06,8,4,6,C,15,6,9,40.2,0,0
2025-06-06,8,4,6,D,15,5,10,37.6,0,0
2025-06-06,9,4,6,A,15,3,12,23.1,0,0
2025-06-06,9,4,6,B,15,4,11,28.4,0,0
2025-06-06,9,4,6,C,15,5,10,34.6,0,0
2025-06-06,9,4,6,D,15,4,11,32.4,0,0
2025-06-06,10,4,6,A,15,5,10,33.7,0,0
2025-06-06,10,4,6,B,15,4,11,31.6,0,0
2025-06-06,10,4,6,C,15,3,12,25.8,0,0
2025-06-06,10,4,6,D,15,4,11,28.1,0,0
2025-06-06,11,4,6,A,15,6,9,44.1,0,0
2025-06-06,11,4,6,B,15,3,12,23.8,0,0
2025-06-06,11,4,6,C,15,5,10,35.0,0,0
2025-06-06,11,4,6,D,15,2,13,17.7,0,0
2025-06-06,12,4,6,A,15,4,11,27.7,0,0
2025-06-06,12,4,6,B,15,5,10,36.5,0,0
2025-06-06,12,4,6,C,15,5,10,34.4,0,0
2025-06-06,12,4,6,D,15,4,11,30.8,0,0
2025-06-06,13,4,6,A,15,3,12,24.0,0,0
2025-06-06,13,4,6,B,15,3,12,26.3,0,0
2025-06-06,13,4,6,C,15,5,10,33.6,0,0
2025-06-06,13,4,6,D,15,3,12,24.3,0,0
2025-06-06,14,4,6,A,15,3,12,23.6,0,0
2025-06-06,14,4,6,B,15,4,11,31.7,0,0
2025-06-06,14,4,6,C,15,2,13,19.5,0,0
2025-06-06,14,4,6,D,15,5,10,36.8,0,0
2025-06-06,15,4,6,A,15,6,9,44.6,0,0
2025-06-06,15,4,6,B,15,4,11,32.8,0,0
2025-06-06,15,4,6,C,15,5,10,36.1,0,0
2025-06-06,15,4,6,D,15,3,12,22.9,0,0
2025-06-06,16,4,6,A,15,5,10,38.3,0,0
2025-06-06,16,4,6,B,15,5,10,39.8,0,0
2025-06-06,16,4,6,C,15,4,11,27.2,0,0
2025-06-06,16,4,6,D,15,3,12,20.4,0,0
2025-06-06,17,4,6,A,15,2,13,14.0,0,0
2025-06-06,17,4,6,B,15,3,12,23.3,0,0
2025-06-06,17,4,6,C,15,4,11,28.2,0,0
2025-06-06,17,4,6,D,15,4,11,26.8,0,0
2025-06-06,18,4,6,A,15,4,11,31.6,0,0
2025-06-06,18,4,6,B,15,2,13,19.7,0,0
2025-06-06,18,4,6,C,15,0,15,5.8,0,0
2025-06-06,18,4,6,D,15,2,13,15.2,0,0
2025-06-06,19,4,6,A,15,3,12,25.2,0,0
2025-06-06,19,4,6,B,15,3,12,21.5,0,0
2025-06-06,19,4,6,C,15,3,12,26.5,0,0
2025-06-06,19,4,6,D,15,5,10,35.1,0,0
2025-06-06,20,4,6,A,15,1,14,12.5,0,0
2025-06-06,20,4,6,B,15,1,14,8.3,0,0
2025-06-06,20,4,6,C,15,1,14,6.9,0,0
2025-06-06,20,4,6,D,15,1,14,9.0,0,0
2025-06-06,21,4,6,A,15,0,15,5.0,0,0
2025-06-06,21,4,6,B,15,1,14,11.0,0,0
2025-06-06,21,4,6,C,15,1,14,12.6,0,0
2025-06-06,21,4,6,D,15,1,14,9.7,0,0
2025-06-07,6,5,6,A,15,1,14,9.3,1,0
2025-06-07,6,5,6,B,15,1,14,8.4,1,0
2025-06-07,6,5,6,C,15,0,15,5.0,1,0
2025-06-07,6,5,6,D,15,1,14,9.0,1,0
2025-06-07,7,5,6,A,15,0,15,5.0,1,0
2025-06-07,7,5,6,B,15,0,15,5.0,1,0
2025-06-07,7,5,6,C,15,0,15,5.0,1,0
2025-06-07,7,5,6,D,15,1,14,7.4,1,0
2025-06-07,8,5,6,A,15,1,14,11.9,1,0
2025-06-07,8,5,6,B,15,0,15,5.0,1,0
2025-06-07,8,5,6,C,15,2,13,14.5,1,0
2025-06-07,8,5,6,D,15,0,15,5.0,1,0
2025-06-07,9,5,6,A,15,2,13,14.8,1,0
2025-06-07,9,5,6,B,15,2,13,13.8,1,0
2025-06-07,9,5,6,C,15,2,13,17.8,1,0
2025-06-07,9,5,6,D,15,3,12,23.8,1,0
2025-06-07,10,5,6,A,15,0,15,5.0,1,0
2025-06-07,10,5,6,B,15,1,14,11.5,1,0
2025-06-07,10,5,6,C,15,1,14,8.5,1,0
2025-06-07,10,5,6,D,15,1,14,13.0,1,0
2025-06-07,11,5,6,A,15,2,13,13.8,1,0
2025-06-07,11,5,6,B,15,1,14,7.7,1,0
2025-06-07,11,5,6,C,15,0,15,5.9,1,0
2025-06-07,11,5,6,D,15,0,15,5.0,1,0
2025-06-07,12,5,6,A,15,2,13,20.0,1,0
2025-06-07,12,5,6,B,15,2,13,14.2,1,0
2025-06-07,12,5,6,C,15,2,13,16.8,1,0
2025-06-07,12,5,6,D,15,0,15,5.9,1,0
2025-06-07,13,5,6,A,15,1,14,6.8,1,0
2025-06-07,13,5,6,B,15,0,15,5.0,1,0
2025-06-07,13,5,6,C,15,1,14,12.3,1,0
2025-06-07,13,5,6,D,15,0,15,5.0,1,0
2025-06-07,14,5,6,A,15,3,12,26.1,1,0
2025-06-07,14,5,6,B,15,0,15,5.0,1,0
2025-06-07,14,5,6,C,15,1,14,11.0,1,0
2025-06-07,14,5,6,D,15,3,12,20.4,1,0
2025-06-07,15,5,6,A,15,2,13,16.1,1,0
2025-06-07,15,5,6,B,15,1,14,11.2,1,0
2025-06-07,15,5,6,C,15,0,15,5.0,1,0
2025-06-07,15,5,6,D,15,0,15,5.0,1,0
2025-06-07,16,5,6,A,15,2,13,17.4,1,0
2025-06-07,16,5,6,B,15,3,12,21.8,1,0
2025-06-07,16,5,6,C,15,0,15,5.3,1,0
2025-06-07,16,5,6,D,15,0,15,5.0,1,0
2025-06-07,17,5,6,A,15,0,15,5.0,1,0
2025-06-07,17,5,6,B,15,0,15,5.0,1,0
2025-06-07,17,5,6,C,15,0,15,6.7,1,0
2025-06-07,17,5,6,D,15,2,13,19.5,1,0
2025-06-07,18,5,6,A,15,2,13,15.0,1,0
2025-06-07,18,5,6,B,15,1,14,10.8,1,0
2025-06-07,18,5,6,C,15,0,15,5.0,1,0
2025-06-07,18,5,6,D,15,0,15,5.0,1,0
2025-06-07,19,5,6,A,15,3,12,20.9,1,0
2025-06-07,19,5,6,B,15,1,14,10.0,1,0
2025-06-07,19,5,6,C,15,0,15,5.0,1,0
2025-06-07,19,5,6,D,15,0,15,5.0,1,0
2025-06-07,20,5,6,A,15,0,15,5.0,1,0
2025-06-07,20,5,6,B,15,0,15,5.0,1,0
2025-06-07,20,5,6,C,15,1,14,7.7,1,0
2025-06-07,20,5,6,D,15,0,15,5.0,1,0
2025-06-07,21,5,6,A,15,0,15,5.0,1,0
2025-06-07,21,5,6,B,15,2,13,14.0,1,0
2025-06-07,21,5,6,C,15,0,15,5.0,1,0
2025-06-07,21,5,6,D,15,2,13,17.7,1,0
2025-06-08,6,6,6,A,15,0,15,5.0,1,0
2025-06-08,6,6,6,B,15,0,15,5.6,1,0
2025-06-08,6,6,6,C,15,0,15,5.0,1,0
2025-06-08,6,6,6,D,15,0,15,5.0,1,0
2025-06-08,7,6,6,A,15,1,14,9.2,1,0
2025-06-08,7,6,6,B,15,1,14,8.4,1,0
2025-06-08,7,6,6,C,15,0,15,5.0,1,0
2025-06-08,7,6,6,D,15,0,15,5.0,1,0
2025-06-08,8,6,6,A,15,5,10,33.7,1,0
2025-06-08,8,6,6,B,15,1,14,8.0,1,0
2025-06-08,8,6,6,C,15,2,13,16.3,1,0
2025-06-08,8,6,6,D,15,0,15,5.0,1,0
2025-06-08,9,6,6,A,15,1,14,11.4,1,0
2025-06-08,9,6,6,B,15,1,14,10.9,1,0
2025-06-08,9,6,6,C,15,2,13,14.5,1,0
2025-06-08,9,6,6,D,15,0,15,5.0,1,0
2025-06-08,10,6,6,A,15,2,13,15.0,1,0
2025-06-08,10,6,6,B,15,0,15,5.0,1,0
2025-06-08,10,6,6,C,15,1,14,13.3,1,0
2025-06-08,10,6,6,D,15,0,15,5.0,1,0
2025-06-08,11,6,6,A,15,0,15,5.2,1,0
2025-06-08,11,6,6,B,15,1,14,8.3,1,0
2025-06-08,11,6,6,C,15,0,15,5.0,1,0
2025-06-08,11,6,6,D,15,0,15,5.0,1,0
2025-06-08,12,6,6,A,15,0,15,5.0,1,0
2025-06-08,12,6,6,B,15,0,15,5.0,1,0
2025-06-08,12,6,6,C,15,2,13,17.6,1,0
2025-06-08,12,6,6,D,15,0,15,5.0,1,0
2025-06-08,13,6,6,A,15,1,14,10.6,1,0
2025-06-08,13,6,6,B,15,2,13,16.5,1,0
2025-06-08,13,6,6,C,15,0,15,5.0,1,0
2025-06-08,13,6,6,D,15,0,15,5.0,1,0
2025-06-08,14,6,6,A,15,1,14,13.1,1,0
2025-06-08,14,6,6,B,15,2,13,18.7,1,0
2025-06-08,14,6,6,C,15,0,15,5.0,1,0
2025-06-08,14,6,6,D,15,0,15,6.6,1,0
2025-06-08,15,6,6,A,15,0,15,5.0,1,0
2025-06-08,15,6,6,B,15,0,15,6.7,1,0
2025-06-08,15,6,6,C,15,1,14,9.1,1,0
2025-06-08,15,6,6,D,15,0,15,5.0,1,0
2025-06-08,16,6,6,A,15,1,14,7.6,1,0
2025-06-08,16,6,6,B,15,0,15,5.0,1,0
2025-06-08,16,6,6,C,15,1,14,9.4,1,0
2025-06-08,16,6,6,D,15,2,13,16.3,1,0
2025-06-08,17,6,6,A,15,0,15,5.0,1,0
2025-06-08,17,6,6,B,15,0,15,5.0,1,0
2025-06-08,17,6,6,C,15,1,14,11.6,1,0
2025-06-08,17,6,6,D,15,2,13,16.4,1,0
2025-06-08,18,6,6,A,15,0,15,5.0,1,0
2025-06-08,18,6,6,B,15,1,14,7.0,1,0
2025-06-08,18,6,6,C,15,1,14,9.8,1,0
2025-06-08,18,6,6,D,15,0,15,5.9,1,0
2025-06-08,19,6,6,A,15,0,15,5.0,1,0
2025-06-08,19,6,6,B,15,1,14,12.4,1,0
2025-06-08,19,6,6,C,15,2,13,19.7,1,0
2025-06-08,19,6,6,D,15,1,14,7.7,1,0
2025-06-08,20,6,6,A,15,0,15,5.0,1,0
2025-06-08,20,6,6,B,15,0,15,5.0,1,0
2025-06-08,20,6,6,C,15,2,13,17.3,1,0
2025-06-08,20,6,6,D,15,1,14,10.1,1,0
2025-06-08,21,6,6,A,15,1,14,9.1,1,0
2025-06-08,21,6,6,B,15,0,15,6.4,1,0
2025-06-08,21,6,6,C,15,0,15,5.0,1,0
2025-06-08,21,6,6,D,15,0,15,5.0,1,0
2025-06-09,6,0,6,A,15,2,13,15.5,0,0
2025-06-09,6,0,6,B,15,2,13,18.4,0,0
2025-06-09,6,0,6,C,15,3,12,24.7,0,0
2025-06-09,6,0,6,D,15,3,12,20.1,0,0
2025-06-09,7,0,6,A,15,0,15,5.0,0,0
2025-06-09,7,0,6,B,15,2,13,15.8,0,0
2025-06-09,7,0,6,C,15,2,13,18.5,0,0
2025-06-09,7,0,6,D,15,2,13,16.2,0,0
2025-06-09,8,0,6,A,15,5,10,34.1,0,0
2025-06-09,8,0,6,B,15,8,7,57.3,0,0
2025-06-09,8,0,6,C,15,3,12,20.4,0,0
2025-06-09,8,0,6,D,15,2,13,18.5,0,0
2025-06-09,9,0,6,A,15,6,9,41.0,0,0
2025-06-09,9,0,6,B,15,7,8,50.9,0,0
2025-06-09,9,0,6,C,15,3,12,23.9,0,0
2025-06-09,9,0,6,D,15,3,12,25.1,0,0
2025-06-09,10,0,6,A,15,7,8,47.7,0,0
2025-06-09,10,0,6,B,15,5,10,33.9,0,0
2025-06-09,10,0,6,C,15,4,11,27.9,0,0
2025-06-09,10,0,6,D,15,4,11,31.7,0,0
2025-06-09,11,0,6,A,15,5,10,36.7,0,0
2025-06-09,11,0,6,B,15,5,10,38.2,0,0
2025-06-09,11,0,6,C,15,5,10,37.3,0,0
2025-06-09,11,0,6,D,15,3,12,26.5,0,0
2025-06-09,12,0,6,A,15,5,10,36.8,0,0
2025-06-09,12,0,6,B,15,4,11,31.7,0,0
2025-06-09,12,0,6,C,15,4,11,30.9,0,0
2025-06-09,12,0,6,D,15,3,12,24.4,0,0
2025-06-09,13,0,6,A,15,5,10,34.5,0,0
2025-06-09,13,0,6,B,15,5,10,39.6,0,0
2025-06-09,13,0,6,C,15,5,10,39.1,0,0
2025-06-09,13,0,6,D,15,1,14,11.9,0,0
2025-06-09,14,0,6,A,15,4,11,32.3,0,0
2025-06-09,14,0,6,B,15,3,12,22.5,0,0
2025-06-09,14,0,6,C,15,3,12,22.7,0,0
2025-06-09,14,0,6,D,15,3,12,25.6,0,0
2025-06-09,15,0,6,A,15,5,10,37.6,0,0
2025-06-09,15,0,6,B,15,4,11,27.1,0,0
2025-06-09,15,0,6,C,15,1,14,9.9,0,0
2025-06-09,15,0,6,D,15,2,13,14.7,0,0
2025-06-09,16,0,6,A,15,5,10,39.4,0,0
2025-06-09,16,0,6,B,15,0,15,6.1,0,0
2025-06-09,16,0,6,C,15,5,10,34.7,0,0
2025-06-09,16,0,6,D,15,3,12,26.6,0,0
2025-06-09,17,0,6,A,15,5,10,38.1,0,0
2025-06-09,17,0,6,B,15,3,12,22.4,0,0
2025-06-09,17,0,6,C,15,0,15,5.1,0,0
2025-06-09,17,0,6,D,15,3,12,22.6,0,0
2025-06-09,18,0,6,A,15,5,10,37.8,0,0
2025-06-09,18,0,6,B,15,4,11,31.4,0,0
2025-06-09,18,0,6,C,15,2,13,16.3,0,0
2025-06-09,18,0,6,D,15,2,13,19.9,0,0
2025-06-09,19,0,6,A,15,3,12,23.3,0,0
2025-06-09,19,0,6,B,15,2,13,17.4,0,0
2025-06-09,19,0,6,C,15,4,11,29.2,0,0
2025-06-09,19,0,6,D,15,1,14,9.6,0,0
2025-06-09,20,0,6,A,15,0,15,5.0,0,0
2025-06-09,20,0,6,B,15,0,15,5.0,0,0
2025-06-09,20,0,6,C,15,0,15,5.0,0,0
2025-06-09,20,0,6,D,15,1,14,9.2,0,0
2025-06-09,21,0,6,A,15,3,12,20.8,0,0
2025-06-09,21,0,6,B,15,1,14,8.5,0,0
2025-06-09,21,0,6,C,15,0,15,5.0,0,0
2025-06-09,21,0,6,D,15,2,13,14.7,0,0
2025-06-10,6,1,6,A,15,4,11,29.6,0,0
2025-06-10,6,1,6,B,15,1,14,8.8,0,0
2025-06-10,6,1,6,C,15,1,14,8.8,0,0
2025-06-10,6,1,6,D,15,2,13,15.3,0,0
2025-06-10,7,1,6,A,15,4,11,29.1,0,0
2025-06-10,7,1,6,B,15,1,14,9.8,0,0
2025-06-10,7,1,6,C,15,0,15,5.0,0,0
2025-06-10,7,1,6,D,15,2,13,16.3,0,0
2025-06-10,8,1,6,A,15,6,9,45.5,0,0
2025-06-10,8,1,6,B,15,5,10,34.0,0,0
2025-06-10,8,1,6,C,15,3,12,26.1,0,0
2025-06-10,8,1,6,D,15,5,10,35.2,0,0
2025-06-10,9,1,6,A,15,6,9,43.3,0,0
2025-06-10,9,1,6,B,15,4,11,27.9,0,0
2025-06-10,9,1,6,C,15,4,11,31.0,0,0
2025-06-10,9,1,6,D,15,2,13,16.4,0,0
2025-06-10,10,1,6,A,15,6,9,44.6,0,0
2025-06-10,10,1,6,B,15,4,11,31.9,0,0
2025-06-10,10,1,6,C,15,4,11,27.1,0,0
2025-06-10,10,1,6,D,15,4,11,26.9,0,0
2025-06-10,11,1,6,A,15,5,10,34.8,0,0
2025-06-10,11,1,6,B,15,5,10,37.2,0,0
2025-06-10,11,1,6,C,15,4,11,31.7,0,0
2025-06-10,11,1,6,D,15,3,12,22.7,0,0
2025-06-10,12,1,6,A,15,6,9,40.6,0,0
2025-06-10,12,1,6,B,15,4,11,33.2,0,0
2025-06-10,12,1,6,C,15,3,12,23.6,0,0
2025-06-10,12,1,6,D,15,3,12,23.0,0,0
2025-06-10,13,1,6,A,15,4,11,33.3,0,0
2025-06-10,13,1,6,B,15,5,10,34.0,0,0
2025-06-10,13,1,6,C,15,3,12,24.1,0,0
2025-06-10,13,1,6,D,15,3,12,20.9,0,0
2025-06-10,14,1,6,A,15,7,8,48.0,0,0
2025-06-10,14,1,6,B,15,5,10,35.5,0,0
2025-06-10,14,1,6,C,15,2,13,19.1,0,0
2025-06-10,14,1,6,D,15,4,11,27.0,0,0
2025-06-10,15,1,6,A,15,4,11,33.1,0,0
2025-06-10,15,1,6,B,15,4,11,31.1,0,0
2025-06-10,15,1,6,C,15,3,12,26.3,0,0
2025-06-10,15,1,6,D,15,4,11,31.9,0,0
2025-06-10,16,1,6,A,15,5,10,35.0,0,0
2025-06-10,16,1,6,B,15,4,11,27.5,0,0
2025-06-10,16,1,6,C,15,5,10,33.5,0,0
2025-06-10,16,1,6,D,15,3,12,24.3,0,0
2025-06-10,17,1,6,A,15,4,11,28.6,0,0
2025-06-10,17,1,6,B,15,3,12,26.5,0,0
2025-06-10,17,1,6,C,15,3,12,20.9,0,0
2025-06-10,17,1,6,D,15,2,13,19.3,0,0
2025-06-10,18,1,6,A,15,3,12,22.9,0,0
2025-06-10,18,1,6,B,15,2,13,18.0,0,0
2025-06-10,18,1,6,C,15,2,13,13.6,0,0
2025-06-10,18,1,6,D,15,1,14,8.1,0,0
2025-06-10,19,1,6,A,15,3,12,20.6,0,0
2025-06-10,19,1,6,B,15,3,12,22.6,0,0
2025-06-10,19,1,6,C,15,3,12,22.4,0,0
2025-06-10,19,1,6,D,15,2,13,17.0,0,0
2025-06-10,20,1,6,A,15,0,15,5.0,0,0
2025-06-10,20,1,6,B,15,3,12,22.6,0,0
2025-06-10,20,1,6,C,15,2,13,17.7,0,0
2025-06-10,20,1,6,D,15,1,14,11.6,0,0
2025-06-10,21,1,6,A,15,4,11,26.8,0,0
2025-06-10,21,1,6,B,15,0,15,5.0,0,0
2025-06-10,21,1,6,C,15,3,12,24.1,0,0
2025-06-10,21,1,6,D,15,0,15,5.0,0,0
2025-06-11,6,2,6,A,15,2,13,18.0,0,0
2025-06-11,6,2,6,B,15,0,15,5.0,0,0
2025-06-11,6,2,6,C,15,1,14,12.7,0,0
2025-06-11,6,2,6,D,15,2,13,14.3,0,0
2025-06-11,7,2,6,A,15,2,13,14.9,0,0
2025-06-11,7,2,6,B,15,2,13,19.7,0,0
2025-06-11,7,2,6,C,15,2,13,13.4,0,0
2025-06-11,7,2,6,D,15,1,14,7.0,0,0
2025-06-11,8,2,6,A,15,5,10,34.6,0,0
2025-06-11,8,2,6,B,15,6,9,40.5,0,0
2025-06-11,8,2,6,C,15,3,12,25.4,0,0
2025-06-11,8,2,6,D,15,5,10,34.5,0,0
2025-06-11,9,2,6,A,15,7,8,48.9,0,0
2025-06-11,9,2,6,B,15,3,12,20.7,0,0
2025-06-11,9,2,6,C,15,5,10,39.7,0,0
2025-06-11,9,2,6,D,15,6,9,43.7,0,0
2025-06-11,10,2,6,A,15,6,9,41.1,0,0
2025-06-11,10,2,6,B,15,5,10,38.8,0,0
2025-06-11,10,2,6,C,15,5,10,38.9,0,0
2025-06-11,10,2,6,D,15,3,12,25.0,0,0
2025-06-11,11,2,6,A,15,5,10,36.0,0,0
2025-06-11,11,2,6,B,15,2,13,19.5,0,0
2025-06-11,11,2,6,C,15,4,11,28.1,0,0
2025-06-11,11,2,6,D,15,4,11,28.0,0,0
2025-06-11,12,2,6,A,15,5,10,38.6,0,0
2025-06-11,12,2,6,B,15,5,10,38.5,0,0
2025-06-11,12,2,6,C,15,3,12,20.8,0,0
2025-06-11,12,2,6,D,15,2,13,19.7,0,0
2025-06-11,13,2,6,A,15,7,8,49.7,0,0
2025-06-11,13,2,6,B,15,4,11,28.8,0,0
2025-06-11,13,2,6,C,15,4,11,28.6,0,0
2025-06-11,13,2,6,D,15,3,12,23.5,0,0
2025-06-11,14,2,6,A,15,3,12,25.6,0,0
2025-06-11,14,2,6,B,15,6,9,41.0,0,0
2025-06-11,14,2,6,C,15,3,12,21.0,0,0
2025-06-11,14,2,6,D,15,2,13,13.4,0,0
2025-06-11,15,2,6,A,15,4,11,28.6,0,0
2025-06-11,15,2,6,B,15,1,14,12.0,0,0
2025-06-11,15,2,6,C,15,2,13,20.0,0,0
2025-06-11,15,2,6,D,15,2,13,14.7,0,0
2025-06-11,16,2,6,A,15,5,10,37.1,0,0
2025-06-11,16,2,6,B,15,3,12,22.6,0,0
2025-06-11,16,2,6,C,15,4,11,32.3,0,0
2025-06-11,16,2,6,D,15,5,10,33.6,0,0
2025-06-11,17,2,6,A,15,5,10,33.8,0,0
2025-06-11,17,2,6,B,15,3,12,22.3,0,0
2025-06-11,17,2,6,C,15,3,12,22.7,0,0
2025-06-11,17,2,6,D,15,1,14,7.0,0,0
2025-06-11,18,2,6,A,15,3,12,26.5,0,0
2025-06-11,18,2,6,B,15,2,13,17.1,0,0
2025-06-11,18,2,6,C,15,4,11,27.2,0,0
2025-06-11,18,2,6,D,15,5,10,39.8,0,0
2025-06-11,19,2,6,A,15,4,11,31.6,0,0
2025-06-11,19,2,6,B,15,1,14,8.1,0,0
2025-06-11,19,2,6,C,15,2,13,18.7,0,0
2025-06-11,19,2,6,D,15,3,12,20.2,0,0
2025-06-11,20,2,6,A,15,1,14,12.2,0,0
2025-06-11,20,2,6,B,15,0,15,5.0,0,0
2025-06-11,20,2,6,C,15,1,14,11.0,0,0
2025-06-11,20,2,6,D,15,0,15,5.0,0,0
2025-06-11,21,2,6,A,15,0,15,5.0,0,0
2025-06-11,21,2,6,B,15,2,13,15.2,0,0
2025-06-11,21,2,6,C,15,0,15,5.0,0,0
2025-06-11,21,2,6,D,15,1,14,12.3,0,0
2025-06-12,6,3,6,A,15,0,15,5.1,0,0
2025-06-12,6,3,6,B,15,4,11,28.1,0,0
2025-06-12,6,3,6,C,15,0,15,6.4,0,0
2025-06-12,6,3,6,D,15,1,14,9.4,0,0
2025-06-12,7,3,6,A,15,2,13,18.7,0,0
2025-06-12,7,3,6,B,15,1,14,9.5,0,0
2025-06-12,7,3,6,C,15,2,13,13.7,0,0
2025-06-12,7,3,6,D,15,2,13,15.8,0,0
2025-06-12,8,3,6,A,15,7,8,46.8,0,0
2025-06-12,8,3,6,B,15,6,9,40.3,0,0
2025-06-12,8,3,6,C,15,4,11,29.2,0,0
2025-06-12,8,3,6,D,15,3,12,26.0,0,0
2025-06-12,9,3,6,A,15,8,7,57.9,0,0
2025-06-12,9,3,6,B,15,6,9,41.6,0,0
2025-06-12,9,3,6,C,15,3,12,23.2,0,0
2025-06-12,9,3,6,D,15,4,11,28.0,0,0
2025-06-12,10,3,6,A,15,5,10,36.4,0,0
2025-06-12,10,3,6,B,15,4,11,32.9,0,0
2025-06-12,10,3,6,C,15,3,12,20.8,0,0
2025-06-12,10,3,6,D,15,3,12,23.9,0,0
2025-06-12,11,3,6,A,15,7,8,49.0,0,0
2025-06-12,11,3,6,B,15,5,10,34.6,0,0
2025-06-12,11,3,6,C,15,1,14,7.1,0,0
2025-06-12,11,3,6,D,15,5,10,33.7,0,0
2025-06-12,12,3,6,A,15,6,9,43.2,0,0
2025-06-12,12,3,6,B,15,4,11,27.1,0,0
2025-06-12,12,3,6,C,15,4,11,32.7,0,0
2025-06-12,12,3,6,D,15,2,13,17.1,0,0
2025-06-12,13,3,6,A,15,4,11,30.7,0,0
2025-06-12,13,3,6,B,15,6,9,42.0,0,0
2025-06-12,13,3,6,C,15,3,12,24.8,0,0
2025-06-12,13,3,6,D,15,1,14,9.0,0,0
2025-06-12,14,3,6,A,15,4,11,31.7,0,0
2025-06-12,14,3,6,B,15,4,11,27.4,0,0
2025-06-12,14,3,6,C,15,5,10,34.8,0,0
2025-06-12,14,3,6,D,15,3,12,22.5,0,0
2025-06-12,15,3,6,A,15,4,11,28.8,0,0
2025-06-12,15,3,6,B,15,5,10,36.4,0,0
2025-06-12,15,3,6,C,15,3,12,26.2,0,0
2025-06-12,15,3,6,D,15,2,13,16.4,0,0
2025-06-12,16,3,6,A,15,6,9,41.4,0,0
2025-06-12,16,3,6,B,15,4,11,29.5,0,0
2025-06-12,16,3,6,C,15,3,12,25.2,0,0
2025-06-12,16,3,6,D,15,3,12,23.8,0,0
2025-06-12,17,3,6,A,15,2,13,19.0,0,0
2025-06-12,17,3,6,B,15,2,13,19.8,0,0
2025-06-12,17,3,6,C,15,3,12,21.6,0,0
2025-06-12,17,3,6,D,15,2,13,17.6,0,0
2025-06-12,18,3,6,A,15,5,10,37.8,0,0
2025-06-12,18,3,6,B,15,3,12,25.7,0,0
2025-06-12,18,3,6,C,15,4,11,28.4,0,0
2025-06-12,18,3,6,D,15,2,13,19.3,0,0
2025-06-12,19,3,6,A,15,5,10,36.1,0,0
2025-06-12,19,3,6,B,15,4,11,27.2,0,0
2025-06-12,19,3,6,C,15,3,12,21.7,0,0
2025-06-12,19,3,6,D,15,2,13,19.1,0,0
2025-06-12,20,3,6,A,15,0,15,5.0,0,0
2025-06-12,20,3,6,B,15,2,13,14.1,0,0
2025-06-12,20,3,6,C,15,1,14,8.7,0,0
2025-06-12,20,3,6,D,15,0,15,5.0,0,0
2025-06-12,21,3,6,A,15,3,12,20.4,0,0
2025-06-12,21,3,6,B,15,0,15,5.0,0,0
2025-06-12,21,3,6,C,15,0,15,5.6,0,0
2025-06-12,21,3,6,D,15,2,13,16.2,0,0
2025-06-13,6,4,6,A,15,2,13,18.6,0,0
2025-06-13,6,4,6,B,15,2,13,13.6,0,0
2025-06-13,6,4,6,C,15,2,13,14.6,0,0
2025-06-13,6,4,6,D,15,1,14,12.6,0,0
2025-06-13,7,4,6,A,15,0,15,5.0,0,0
2025-06-13,7,4,6,B,15,1,14,11.2,0,0
2025-06-13,7,4,6,C,15,3,12,25.5,0,0
2025-06-13,7,4,6,D,15,0,15,5.9,0,0
2025-06-13,8,4,6,A,15,5,10,36.6,0,0
2025-06-13,8,4,6,B,15,4,11,29.7,0,0
2025-06-13,8,4,6,C,15,4,11,29.9,0,0
2025-06-13,8,4,6,D,15,3,12,22.5,0,0
2025-06-13,9,4,6,A,15,6,9,43.0,0,0
2025-06-13,9,4,6,B,15,5,10,35.6,0,0
2025-06-13,9,4,6,C,15,5,10,36.8,0,0
2025-06-13,9,4,6,D,15,2,13,18.8,0,0
2025-06-13,10,4,6,A,15,5,10,36.4,0,0
2025-06-13,10,4,6,B,15,4,11,32.2,0,0
2025-06-13,10,4,6,C,15,5,10,34.2,0,0
2025-06-13,10,4,6,D,15,3,12,20.9,0,0
2025-06-13,11,4,6,A,15,6,9,41.8,0,0
2025-06-13,11,4,6,B,15,5,10,39.5,0,0
2025-06-13,11,4,6,C,15,2,13,19.1,0,0
2025-06-13,11,4,6,D,15,3,12,20.1,0,0
2025-06-13,12,4,6,A,15,4,11,30.2,0,0
2025-06-13,12,4,6,B,15,7,8,51.1,0,0
2025-06-13,12,4,6,C,15,3,12,23.6,0,0
2025-06-13,12,4,6,D,15,5,10,37.4,0,0
2025-06-13,13,4,6,A,15,3,12,24.4,0,0
2025-06-13,13,4,6,B,15,3,12,22.1,0,0
2025-06-13,13,4,6,C,15,3,12,21.5,0,0
2025-06-13,13,4,6,D,15,2,13,17.2,0,0
2025-06-13,14,4,6,A,15,4,11,30.1,0,0
2025-06-13,14,4,6,B,15,3,12,22.3,0,0
2025-06-13,14,4,6,C,15,2,13,18.6,0,0
2025-06-13,14,4,6,D,15,4,11,31.7,0,0
2025-06-13,15,4,6,A,15,6,9,42.0,0,0
2025-06-13,15,4,6,B,15,5,10,35.6,0,0
2025-06-13,15,4,6,C,15,4,11,29.4,0,0
2025-06-13,15,4,6,D,15,3,12,23.1,0,0
2025-06-13,16,4,6,A,15,4,11,28.2,0,0
2025-06-13,16,4,6,B,15,3,12,20.4,0,0
2025-06-13,16,4,6,C,15,4,11,28.1,0,0
2025-06-13,16,4,6,D,15,1,14,13.0,0,0
2025-06-13,17,4,6,A,15,2,13,19.6,0,0
2025-06-13,17,4,6,B,15,4,11,33.2,0,0
2025-06-13,17,4,6,C,15,5,10,36.8,0,0
2025-06-13,17,4,6,D,15,3,12,22.3,0,0
2025-06-13,18,4,6,A,15,5,10,36.5,0,0
2025-06-13,18,4,6,B,15,3,12,22.0,0,0
2025-06-13,18,4,6,C,15,1,14,10.9,0,0
2025-06-13,18,4,6,D,15,3,12,24.1,0,0
2025-06-13,19,4,6,A,15,4,11,32.2,0,0
2025-06-13,19,4,6,B,15,3,12,24.6,0,0
2025-06-13,19,4,6,C,15,2,13,19.7,0,0
2025-06-13,19,4,6,D,15,4,11,26.9,0,0
2025-06-13,20,4,6,A,15,0,15,5.0,0,0
2025-06-13,20,4,6,B,15,0,15,5.0,0,0
2025-06-13,20,4,6,C,15,0,15,5.0,0,0
2025-06-13,20,4,6,D,15,1,14,8.7,0,0
2025-06-13,21,4,6,A,15,0,15,5.0,0,0
2025-06-13,21,4,6,B,15,0,15,5.0,0,0
2025-06-13,21,4,6,C,15,0,15,5.0,0,0
2025-06-13,21,4,6,D,15,0,15,5.9,0,0
2025-06-14,6,5,6,A,15,0,15,5.0,1,0
2025-06-14,6,5,6,B,15,0,15,5.6,1,0
2025-06-14,6,5,6,C,15,2,13,14.4,1,0
2025-06-14,6,5,6,D,15,0,15,5.0,1,0
2025-06-14,7,5,6,A,15,2,13,18.0,1,0
2025-06-14,7,5,6,B,15,2,13,15.6,1,0
2025-06-14,7,5,6,C,15,1,14,10.6,1,0
2025-06-14,7,5,6,D,15,0,15,5.0,1,0
2025-06-14,8,5,6,A,15,2,13,13.9,1,0
2025-06-14,8,5,6,B,15,2,13,18.0,1,0
2025-06-14,8,5,6,C,15,1,14,7.6,1,0
2025-06-14,8,5,6,D,15,0,15,5.0,1,0
2025-06-14,9,5,6,A,15,2,13,17.6,1,0
2025-06-14,9,5,6,B,15,0,15,5.0,1,0
2025-06-14,9,5,6,C,15,0,15,5.0,1,0
2025-06-14,9,5,6,D,15,1,14,9.5,1,0
2025-06-14,10,5,6,A,15,1,14,12.9,1,0
2025-06-14,10,5,6,B,15,0,15,5.0,1,0
2025-06-14,10,5,6,C,15,1,14,12.0,1,0
2025-06-14,10,5,6,D,15,2,13,17.2,1,0
2025-06-14,11,5,6,A,15,0,15,5.0,1,0
2025-06-14,11,5,6,B,15,3,12,20.7,1,0
2025-06-14,11,5,6,C,15,0,15,5.0,1,0
2025-06-14,11,5,6,D,15,3,12,25.3,1,0
2025-06-14,12,5,6,A,15,1,14,8.8,1,0
2025-06-14,12,5,6,B,15,1,14,11.7,1,0
2025-06-14,12,5,6,C,15,0,15,5.0,1,0
2025-06-14,12,5,6,D,15,1,14,7.9,1,0
2025-06-14,13,5,6,A,15,2,13,13.9,1,0
2025-06-14,13,5,6,B,15,1,14,9.8,1,0
2025-06-14,13,5,6,C,15,0,15,5.0,1,0
2025-06-14,13,5,6,D,15,0,15,5.0,1,0
2025-06-14,14,5,6,A,15,3,12,20.3,1,0
2025-06-14,14,5,6,B,15,1,14,10.0,1,0
2025-06-14,14,5,6,C,15,3,12,21.1,1,0
2025-06-14,14,5,6,D,15,0,15,5.0,1,0
2025-06-14,15,5,6,A,15,1,14,7.8,1,0
2025-06-14,15,5,6,B,15,2,13,16.3,1,0
2025-06-14,15,5,6,C,15,0,15,5.0,1,0
2025-06-14,15,5,6,D,15,0,15,5.0,1,0
2025-06-14,16,5,6,A,15,3,12,20.0,1,0
2025-06-14,16,5,6,B,15,0,15,5.0,1,0
2025-06-14,16,5,6,C,15,0,15,5.0,1,0
2025-06-14,16,5,6,D,15,3,12,22.8,1,0
2025-06-14,17,5,6,A,15,0,15,5.0,1,0
2025-06-14,17,5,6,B,15,1,14,9.9,1,0
2025-06-14,17,5,6,C,15,1,14,8.1,1,0
2025-06-14,17,5,6,D,15,0,15,5.0,1,0
2025-06-14,18,5,6,A,15,1,14,7.5,1,0
2025-06-14,18,5,6,B,15,1,14,12.0,1,0
2025-06-14,18,5,6,C,15,1,14,10.4,1,0
2025-06-14,18,5,6,D,15,2,13,13.9,1,0
2025-06-14,19,5,6,A,15,0,15,6.6,1,0
2025-06-14,19,5,6,B,15,2,13,14.1,1,0
2025-06-14,19,5,6,C,15,0,15,5.0,1,0
2025-06-14,19,5,6,D,15,0,15,5.0,1,0
2025-06-14,20,5,6,A,15,0,15,5.0,1,0
2025-06-14,20,5,6,B,15,0,15,5.0,1,0
2025-06-14,20,5,6,C,15,1,14,11.2,1,0
2025-06-14,20,5,6,D,15,0,15,5.0,1,0
2025-06-14,21,5,6,A,15,0,15,6.2,1,0
2025-06-14,21,5,6,B,15,0,15,5.0,1,0
2025-06-14,21,5,6,C,15,0,15,5.0,1,0
2025-06-14,21,5,6,D,15,2,13,13.7,1,0
2025-06-15,6,6,6,A,15,0,15,5.0,1,0
2025-06-15,6,6,6,B,15,1,14,9.8,1,0
2025-06-15,6,6,6,C,15,0,15,5.0,1,0
2025-06-15,6,6,6,D,15,0,15,5.0,1,0
2025-06-15,7,6,6,A,15,3,12,24.0,1,0
2025-06-15,7,6,6,B,15,0,15,5.0,1,0
2025-06-15,7,6,6,C,15,2,13,14.7,1,0
2025-06-15,7,6,6,D,15,1,14,9.2,1,0
2025-06-15,8,6,6,A,15,1,14,9.8,1,0
2025-06-15,8,6,6,B,15,3,12,24.9,1,0
2025-06-15,8,6,6,C,15,0,15,5.0,1,0
2025-06-15,8,6,6,D,15,0,15,5.3,1,0
2025-06-15,9,6,6,A,15,0,15,5.0,1,0
2025-06-15,9,6,6,B,15,2,13,15.2,1,0
2025-06-15,9,6,6,C,15,0,15,5.0,1,0
2025-06-15,9,6,6,D,15,1,14,13.0,1,0
2025-06-15,10,6,6,A,15,1,14,12.2,1,0
2025-06-15,10,6,6,B,15,1,14,8.1,1,0
2025-06-15,10,6,6,C,15,2,13,13.8,1,0
2025-06-15,10,6,6,D,15,1,14,7.4,1,0
2025-06-15,11,6,6,A,15,0,15,5.0,1,0
2025-06-15,11,6,6,B,15,4,11,32.9,1,0
2025-06-15,11,6,6,C,15,0,15,5.6,1,0
2025-06-15,11,6,6,D,15,0,15,5.0,1,0
2025-06-15,12,6,6,A,15,0,15,5.3,1,0
2025-06-15,12,6,6,B,15,0,15,5.0,1,0
2025-06-15,12,6,6,C,15,2,13,16.1,1,0
2025-06-15,12,6,6,D,15,1,14,11.0,1,0
2025-06-15,13,6,6,A,15,2,13,15.3,1,0
2025-06-15,13,6,6,B,15,1,14,7.5,1,0
2025-06-15,13,6,6,C,15,1,14,7.2,1,0
2025-06-15,13,6,6,D,15,0,15,5.4,1,0
2025-06-15,14,6,6,A,15,1,14,10.6,1,0
2025-06-15,14,6,6,B,15,2,13,16.5,1,0
2025-06-15,14,6,6,C,15,1,14,11.5,1,0
2025-06-15,14,6,6,D,15,1,14,11.8,1,0
2025-06-15,15,6,6,A,15,2,13,15.3,1,0
2025-06-15,15,6,6,B,15,2,13,16.9,1,0
2025-06-15,15,6,6,C,15,1,14,11.1,1,0
2025-06-15,15,6,6,D,15,1,14,10.7,1,0
2025-06-15,16,6,6,A,15,3,12,20.8,1,0
2025-06-15,16,6,6,B,15,0,15,5.0,1,0
2025-06-15,16,6,6,C,15,0,15,5.0,1,0
2025-06-15,16,6,6,D,15,0,15,5.0,1,0
2025-06-15,17,6,6,A,15,1,14,11.1,1,0
2025-06-15,17,6,6,B,15,0,15,5.0,1,0
2025-06-15,17,6,6,C,15,1,14,11.3,1,0
2025-06-15,17,6,6,D,15,0,15,5.8,1,0
2025-06-15,18,6,6,A,15,2,13,18.7,1,0
2025-06-15,18,6,6,B,15,0,15,5.0,1,0
2025-06-15,18,6,6,C,15,0,15,5.9,1,0
2025-06-15,18,6,6,D,15,2,13,15.7,1,0
2025-06-15,19,6,6,A,15,3,12,20.7,1,0
2025-06-15,19,6,6,B,15,0,15,5.0,1,0
2025-06-15,19,6,6,C,15,1,14,9.0,1,0
2025-06-15,19,6,6,D,15,1,14,9.1,1,0
2025-06-15,20,6,6,A,15,1,14,7.0,1,0
2025-06-15,20,6,6,B,15,0,15,5.0,1,0
2025-06-15,20,6,6,C,15,2,13,13.4,1,0
2025-06-15,20,6,6,D,15,0,15,5.0,1,0
2025-06-15,21,6,6,A,15,0,15,5.0,1,0
2025-06-15,21,6,6,B,15,1,14,7.1,1,0
2025-06-15,21,6,6,C,15,1,14,6.8,1,0
2025-06-15,21,6,6,D,15,2,13,13.6,1,0
2025-06-16,6,0,6,A,15,3,12,25.7,0,0
2025-06-16,6,0,6,B,15,1,14,11.7,0,0
2025-06-16,6,0,6,C,15,3,12,23.0,0,0
2025-06-16,6,0,6,D,15,0,15,5.5,0,0
2025-06-16,7,0,6,A,15,3,12,23.5,0,0
2025-06-16,7,0,6,B,15,4,11,28.5,0,0
2025-06-16,7,0,6,C,15,3,12,22.3,0,0
2025-06-16,7,0,6,D,15,1,14,12.0,0,0
2025-06-16,8,0,6,A,15,5,10,36.4,0,0
2025-06-16,8,0,6,B,15,3,12,21.8,0,0
2025-06-16,8,0,6,C,15,4,11,33.1,0,0
2025-06-16,8,0,6,D,15,2,13,18.3,0,0
2025-06-16,9,0,6,A,15,4,11,32.8,0,0
2025-06-16,9,0,6,B,15,3,12,24.5,0,0
2025-06-16,9,0,6,C,15,4,11,26.9,0,0
2025-06-16,9,0,6,D,15,4,11,27.0,0,0
2025-06-16,10,0,6,A,15,6,9,41.3,0,0
2025-06-16,10,0,6,B,15,4,11,29.2,0,0
2025-06-16,10,0,6,C,15,5,10,39.2,0,0
2025-06-16,10,0,6,D,15,3,12,25.5,0,0
2025-06-16,11,0,6,A,15,4,11,28.2,0,0
2025-06-16,11,0,6,B,15,4,11,31.8,0,0
2025-06-16,11,0,6,C,15,6,9,42.7,0,0
2025-06-16,11,0,6,D,15,4,11,26.7,0,0
2025-06-16,12,0,6,A,15,4,11,31.6,0,0
2025-06-16,12,0,6,B,15,2,13,17.8,0,0
2025-06-16,12,0,6,C,15,3,12,25.2,0,0
2025-06-16,12,0,6,D,15,3,12,25.9,0,0
2025-06-16,13,0,6,A,15,4,11,31.4,0,0
2025-06-16,13,0,6,B,15,2,13,16.7,0,0
2025-06-16,13,0,6,C,15,3,12,20.2,0,0
2025-06-16,13,0,6,D,15,5,10,35.6,0,0
2025-06-16,14,0,6,A,15,6,9,43.7,0,0
2025-06-16,14,0,6,B,15,3,12,20.9,0,0
2025-06-16,14,0,6,C,15,4,11,30.6,0,0
2025-06-16,14,0,6,D,15,1,14,13.0,0,0
2025-06-16,15,0,6,A,15,6,9,43.4,0,0
2025-06-16,15,0,6,B,15,4,11,30.0,0,0
2025-06-16,15,0,6,C,15,4,11,32.8,0,0
2025-06-16,15,0,6,D,15,1,14,8.7,0,0
2025-06-16,16,0,6,A,15,5,10,37.6,0,0
2025-06-16,16,0,6,B,15,4,11,27.9,0,0
2025-06-16,16,0,6,C,15,4,11,32.0,0,0
2025-06-16,16,0,6,D,15,4,11,29.7,0,0
2025-06-16,17,0,6,A,15,4,11,28.1,0,0
2025-06-16,17,0,6,B,15,2,13,19.2,0,0
2025-06-16,17,0,6,C,15,4,11,27.8,0,0
2025-06-16,17,0,6,D,15,2,13,18.7,0,0
2025-06-16,18,0,6,A,15,3,12,20.6,0,0
2025-06-16,18,0,6,B,15,2,13,16.6,0,0
2025-06-16,18,0,6,C,15,1,14,9.8,0,0
2025-06-16,18,0,6,D,15,2,13,15.1,0,0
2025-06-16,19,0,6,A,15,5,10,36.4,0,0
2025-06-16,19,0,6,B,15,3,12,25.4,0,0
2025-06-16,19,0,6,C,15,2,13,17.4,0,0
2025-06-16,19,0,6,D,15,3,12,25.6,0,0
2025-06-16,20,0,6,A,15,0,15,5.0,0,0
2025-06-16,20,0,6,B,15,1,14,10.8,0,0
2025-06-16,20,0,6,C,15,1,14,7.6,0,0
2025-06-16,20,0,6,D,15,2,13,14.2,0,0
2025-06-16,21,0,6,A,15,0,15,5.0,0,0
2025-06-16,21,0,6,B,15,0,15,5.0,0,0
2025-06-16,21,0,6,C,15,0,15,5.0,0,0
2025-06-16,21,0,6,D,15,0,15,5.9,0,0
2025-06-17,6,1,6,A,15,3,12,25.8,0,0
2025-06-17,6,1,6,B,15,1,14,10.0,0,0
2025-06-17,6,1,6,C,15,1,14,8.5,0,0
2025-06-17,6,1,6,D,15,2,13,18.2,0,0
2025-06-17,7,1,6,A,15,3,12,24.6,0,0
2025-06-17,7,1,6,B,15,1,14,13.3,0,0
2025-06-17,7,1,6,C,15,2,13,18.1,0,0
2025-06-17,7,1,6,D,15,0,15,5.0,0,0
2025-06-17,8,1,6,A,15,7,8,50.1,0,0
2025-06-17,8,1,6,B,15,7,8,51.2,0,0
2025-06-17,8,1,6,C,15,5,10,34.8,0,0
2025-06-17,8,1,6,D,15,1,14,10.5,0,0
2025-06-17,9,1,6,A,15,5,10,34.6,0,0
2025-06-17,9,1,6,B,15,5,10,38.9,0,0
2025-06-17,9,1,6,C,15,4,11,27.2,0,0
2025-06-17,9,1,6,D,15,5,10,37.4,0,0
2025-06-17,10,1,6,A,15,6,9,43.8,0,0
2025-06-17,10,1,6,B,15,4,11,28.3,0,0
2025-06-17,10,1,6,C,15,4,11,30.9,0,0
2025-06-17,10,1,6,D,15,3,12,20.0,0,0
2025-06-17,11,1,6,A,15,4,11,33.0,0,0
2025-06-17,11,1,6,B,15,3,12,25.6,0,0
2025-06-17,11,1,6,C,15,5,10,36.4,0,0
2025-06-17,11,1,6,D,15,6,9,40.9,0,0
2025-06-17,12,1,6,A,15,3,12,23.1,0,0
2025-06-17,12,1,6,B,15,2,13,14.6,0,0
2025-06-17,12,1,6,C,15,3,12,25.0,0,0
2025-06-17,12,1,6,D,15,1,14,11.9,0,0
2025-06-17,13,1,6,A,15,5,10,34.9,0,0
2025-06-17,13,1,6,B,15,5,10,36.0,0,0
2025-06-17,13,1,6,C,15,5,10,39.0,0,0
2025-06-17,13,1,6,D,15,3,12,25.6,0,0
2025-06-17,14,1,6,A,15,4,11,30.7,0,0
2025-06-17,14,1,6,B,15,1,14,12.2,0,0
2025-06-17,14,1,6,C,15,3,12,25.4,0,0
2025-06-17,14,1,6,D,15,3,12,23.0,0,0
2025-06-17,15,1,6,A,15,5,10,37.3,0,0
2025-06-17,15,1,6,B,15,3,12,22.3,0,0
2025-06-17,15,1,6,C,15,3,12,21.7,0,0
2025-06-17,15,1,6,D,15,1,14,10.6,0,0
2025-06-17,16,1,6,A,15,2,13,13.9,0,0
2025-06-17,16,1,6,B,15,2,13,19.1,0,0
2025-06-17,16,1,6,C,15,1,14,12.6,0,0
2025-06-17,16,1,6,D,15,3,12,25.1,0,0
2025-06-17,17,1,6,A,15,3,12,23.5,0,0
2025-06-17,17,1,6,B,15,2,13,19.7,0,0
2025-06-17,17,1,6,C,15,2,13,13.7,0,0
2025-06-17,17,1,6,D,15,0,15,5.0,0,0
2025-06-17,18,1,6,A,15,5,10,39.7,0,0
2025-06-17,18,1,6,B,15,2,13,16.0,0,0
2025-06-17,18,1,6,C,15,2,13,18.3,0,0
2025-06-17,18,1,6,D,15,1,14,7.6,0,0
2025-06-17,19,1,6,A,15,5,10,35.4,0,0
2025-06-17,19,1,6,B,15,3,12,25.1,0,0
2025-06-17,19,1,6,C,15,2,13,15.0,0,0
2025-06-17,19,1,6,D,15,2,13,16.1,0,0
2025-06-17,20,1,6,A,15,3,12,24.9,0,0
2025-06-17,20,1,6,B,15,1,14,9.4,0,0
2025-06-17,20,1,6,C,15,1,14,7.5,0,0
2025-06-17,20,1,6,D,15,0,15,5.0,0,0
2025-06-17,21,1,6,A,15,0,15,5.0,0,0
2025-06-17,21,1,6,B,15,1,14,8.7,0,0
2025-06-17,21,1,6,C,15,1,14,11.6,0,0
2025-06-17,21,1,6,D,15,2,13,16.8,0,0
2025-06-18,6,2,6,A,15,0,15,5.0,0,0
2025-06-18,6,2,6,B,15,0,15,5.0,0,0
2025-06-18,6,2,6,C,15,1,14,8.0,0,0
2025-06-18,6,2,6,D,15,1,14,11.2,0,0
2025-06-18,7,2,6,A,15,2,13,14.9,0,0
2025-06-18,7,2,6,B,15,1,14,13.0,0,0
2025-06-18,7,2,6,C,15,2,13,15.9,0,0
2025-06-18,7,2,6,D,15,0,15,5.0,0,0
2025-06-18,8,2,6,A,15,6,9,46.6,0,0
2025-06-18,8,2,6,B,15,5,10,37.5,0,0
2025-06-18,8,2,6,C,15,4,11,28.0,0,0
2025-06-18,8,2,6,D,15,6,9,40.0,0,0
2025-06-18,9,2,6,A,15,7,8,51.6,0,0
2025-06-18,9,2,6,B,15,6,9,41.5,0,0
2025-06-18,9,2,6,C,15,0,15,6.5,0,0
2025-06-18,9,2,6,D,15,5,10,39.8,0,0
2025-06-18,10,2,6,A,15,6,9,45.5,0,0
2025-06-18,10,2,6,B,15,7,8,50.1,0,0
2025-06-18,10,2,6,C,15,6,9,40.5,0,0
2025-06-18,10,2,6,D,15,5,10,39.8,0,0
2025-06-18,11,2,6,A,15,6,9,41.5,0,0
2025-06-18,11,2,6,B,15,6,9,40.8,0,0
2025-06-18,11,2,6,C,15,6,9,43.0,0,0
2025-06-18,11,2,6,D,15,3,12,25.7,0,0
2025-06-18,12,2,6,A,15,3,12,21.9,0,0
2025-06-18,12,2,6,B,15,4,11,27.5,0,0
2025-06-18,12,2,6,C,15,4,11,30.1,0,0
2025-06-18,12,2,6,D,15,3,12,24.6,0,0
2025-06-18,13,2,6,A,15,3,12,24.5,0,0
2025-06-18,13,2,6,B,15,2,13,17.0,0,0
2025-06-18,13,2,6,C,15,3,12,21.1,0,0
2025-06-18,13,2,6,D,15,4,11,30.5,0,0
2025-06-18,14,2,6,A,15,6,9,44.8,0,0
2025-06-18,14,2,6,B,15,5,10,35.3,0,0
2025-06-18,14,2,6,C,15,5,10,33.7,0,0
2025-06-18,14,2,6,D,15,3,12,21.8,0,0
2025-06-18,15,2,6,A,15,2,13,18.3,0,0
2025-06-18,15,2,6,B,15,3,12,24.4,0,0
2025-06-18,15,2,6,C,15,3,12,23.1,0,0
2025-06-18,15,2,6,D,15,2,13,18.4,0,0
2025-06-18,16,2,6,A,15,4,11,32.6,0,0
2025-06-18,16,2,6,B,15,4,11,31.5,0,0
2025-06-18,16,2,6,C,15,4,11,32.0,0,0
2025-06-18,16,2,6,D,15,3,12,20.2,0,0
2025-06-18,17,2,6,A,15,1,14,12.4,0,0
2025-06-18,17,2,6,B,15,3,12,20.1,0,0
2025-06-18,17,2,6,C,15,3,12,21.9,0,0
2025-06-18,17,2,6,D,15,4,11,29.0,0,0
2025-06-18,18,2,6,A,15,3,12,23.1,0,0
2025-06-18,18,2,6,B,15,4,11,28.1,0,0
2025-06-18,18,2,6,C,15,3,12,23.9,0,0
2025-06-18,18,2,6,D,15,2,13,19.6,0,0
2025-06-18,19,2,6,A,15,5,10,35.0,0,0
2025-06-18,19,2,6,B,15,2,13,18.7,0,0
2025-06-18,19,2,6,C,15,2,13,17.0,0,0
2025-06-18,19,2,6,D,15,2,13,19.1,0,0
2025-06-18,20,2,6,A,15,0,15,6.4,0,0
2025-06-18,20,2,6,B,15,2,13,14.1,0,0
2025-06-18,20,2,6,C,15,0,15,5.0,0,0
2025-06-18,20,2,6,D,15,1,14,9.8,0,0
2025-06-18,21,2,6,A,15,1,14,10.7,0,0
2025-06-18,21,2,6,B,15,1,14,11.7,0,0
2025-06-18,21,2,6,C,15,0,15,5.3,0,0
2025-06-18,21,2,6,D,15,0,15,5.3,0,0
2025-06-19,6,3,6,A,15,2,13,16.9,0,0
2025-06-19,6,3,6,B,15,2,13,15.6,0,0
2025-06-19,6,3,6,C,15,1,14,12.6,0,0
2025-06-19,6,3,6,D,15,3,12,24.8,0,0
2025-06-19,7,3,6,A,15,1,14,8.2,0,0
2025-06-19,7,3,6,B,15,2,13,13.5,0,0
2025-06-19,7,3,6,C,15,0,15,5.0,0,0
2025-06-19,7,3,6,D,15,2,13,14.2,0,0
2025-06-19,8,3,6,A,15,4,11,30.2,0,0
2025-06-19,8,3,6,B,15,4,11,31.8,0,0
2025-06-19,8,3,6,C,15,4,11,27.6,0,0
2025-06-19,8,3,6,D,15,4,11,29.4,0,0
2025-06-19,9,3,6,A,15,5,10,34.7,0,0
2025-06-19,9,3,6,B,15,4,11,29.2,0,0
2025-06-19,9,3,6,C,15,6,9,42.1,0,0
2025-06-19,9,3,6,D,15,4,11,29.5,0,0
2025-06-19,10,3,6,A,15,5,10,34.6,0,0
2025-06-19,10,3,6,B,15,4,11,32.0,0,0
2025-06-19,10,3,6,C,15,6,9,43.8,0,0
2025-06-19,10,3,6,D,15,3,12,25.3,0,0
2025-06-19,11,3,6,A,15,4,11,29.0,0,0
2025-06-19,11,3,6,B,15,3,12,24.5,0,0
2025-06-19,11,3,6,C,15,3,12,22.6,0,0
2025-06-19,11,3,6,D,15,2,13,19.2,0,0
2025-06-19,12,3,6,A,15,3,12,24.3,0,0
2025-06-19,12,3,6,B,15,3,12,21.0,0,0
2025-06-19,12,3,6,C,15,3,12,20.4,0,0
2025-06-19,12,3,6,D,15,4,11,28.7,0,0
2025-06-19,13,3,6,A,15,4,11,31.5,0,0
2025-06-19,13,3,6,B,15,4,11,28.3,0,0
2025-06-19,13,3,6,C,15,5,10,37.2,0,0
2025-06-19,13,3,6,D,15,5,10,34.4,0,0
2025-06-19,14,3,6,A,15,4,11,29.9,0,0
2025-06-19,14,3,6,B,15,3,12,23.0,0,0
2025-06-19,14,3,6,C,15,2,13,18.3,0,0
2025-06-19,14,3,6,D,15,4,11,27.9,0,0
2025-06-19,15,3,6,A,15,4,11,30.6,0,0
2025-06-19,15,3,6,B,15,3,12,24.9,0,0
2025-06-19,15,3,6,C,15,2,13,18.7,0,0
2025-06-19,15,3,6,D,15,2,13,16.2,0,0
2025-06-19,16,3,6,A,15,5,10,34.8,0,0
2025-06-19,16,3,6,B,15,2,13,17.5,0,0
2025-06-19,16,3,6,C,15,4,11,33.2,0,0
2025-06-19,16,3,6,D,15,2,13,18.1,0,0
2025-06-19,17,3,6,A,15,3,12,26.4,0,0
2025-06-19,17,3,6,B,15,1,14,13.3,0,0
2025-06-19,17,3,6,C,15,3,12,21.5,0,0
2025-06-19,17,3,6,D,15,2,13,16.6,0,0
2025-06-19,18,3,6,A,15,4,11,27.2,0,0
2025-06-19,18,3,6,B,15,5,10,35.8,0,0
2025-06-19,18,3,6,C,15,3,12,23.0,0,0
2025-06-19,18,3,6,D,15,1,14,12.8,0,0
2025-06-19,19,3,6,A,15,3,12,21.9,0,0
2025-06-19,19,3,6,B,15,4,11,28.8,0,0
2025-06-19,19,3,6,C,15,4,11,32.0,0,0
2025-06-19,19,3,6,D,15,3,12,21.5,0,0
2025-06-19,20,3,6,A,15,2,13,17.0,0,0
2025-06-19,20,3,6,B,15,2,13,14.9,0,0
2025-06-19,20,3,6,C,15,3,12,20.4,0,0
2025-06-19,20,3,6,D,15,0,15,5.0,0,0
2025-06-19,21,3,6,A,15,2,13,16.8,0,0
2025-06-19,21,3,6,B,15,2,13,17.9,0,0
2025-06-19,21,3,6,C,15,0,15,5.0,0,0
2025-06-19,21,3,6,D,15,0,15,5.0,0,0
2025-06-20,6,4,6,A,15,1,14,9.3,0,0
2025-06-20,6,4,6,B,15,1,14,8.2,0,0
2025-06-20,6,4,6,C,15,1,14,8.7,0,0
2025-06-20,6,4,6,D,15,1,14,13.1,0,0
2025-06-20,7,4,6,A,15,3,12,23.0,0,0
2025-06-20,7,4,6,B,15,3,12,22.7,0,0
2025-06-20,7,4,6,C,15,0,15,5.9,0,0
2025-06-20,7,4,6,D,15,0,15,5.0,0,0
2025-06-20,8,4,6,A,15,7,8,49.6,0,0
2025-06-20,8,4,6,B,15,5,10,39.2,0,0
2025-06-20,8,4,6,C,15,4,11,31.3,0,0
2025-06-20,8,4,6,D,15,4,11,31.0,0,0
2025-06-20,9,4,6,A,15,5,10,38.9,0,0
2025-06-20,9,4,6,B,15,5,10,38.2,0,0
2025-06-20,9,4,6,C,15,4,11,27.9,0,0
2025-06-20,9,4,6,D,15,4,11,29.4,0,0
2025-06-20,10,4,6,A,15,4,11,27.0,0,0
2025-06-20,10,4,6,B,15,4,11,28.5,0,0
2025-06-20,10,4,6,C,15,3,12,25.2,0,0
2025-06-20,10,4,6,D,15,3,12,24.2,0,0
2025-06-20,11,4,6,A,15,4,11,27.1,0,0
2025-06-20,11,4,6,B,15,3,12,25.7,0,0
2025-06-20,11,4,6,C,15,2,13,14.9,0,0
2025-06-20,11,4,6,D,15,4,11,28.4,0,0
2025-06-20,12,4,6,A,15,5,10,33.8,0,0
2025-06-20,12,4,6,B,15,2,13,16.4,0,0
2025-06-20,12,4,6,C,15,3,12,20.3,0,0
2025-06-20,12,4,6,D,15,4,11,26.7,0,0
2025-06-20,13,4,6,A,15,4,11,30.2,0,0
2025-06-20,13,4,6,B,15,3,12,24.4,0,0
2025-06-20,13,4,6,C,15,3,12,26.4,0,0
2025-06-20,13,4,6,D,15,4,11,26.7,0,0
2025-06-20,14,4,6,A,15,3,12,20.7,0,0
2025-06-20,14,4,6,B,15,4,11,32.4,0,0
2025-06-20,14,4,6,C,15,2,13,18.8,0,0
2025-06-20,14,4,6,D,15,3,12,22.3,0,0
2025-06-20,15,4,6,A,15,4,11,31.9,0,0
2025-06-20,15,4,6,B,15,3,12,23.8,0,0
2025-06-20,15,4,6,C,15,2,13,17.0,0,0
2025-06-20,15,4,6,D,15,3,12,20.1,0,0
2025-06-20,16,4,6,A,15,6,9,45.2,0,0
2025-06-20,16,4,6,B,15,2,13,17.1,0,0
2025-06-20,16,4,6,C,15,5,10,38.7,0,0
2025-06-20,16,4,6,D,15,3,12,20.3,0,0
2025-06-20,17,4,6,A,15,4,11,27.9,0,0
2025-06-20,17,4,6,B,15,2,13,15.3,0,0
2025-06-20,17,4,6,C,15,2,13,15.4,0,0
2025-06-20,17,4,6,D,15,2,13,15.2,0,0
2025-06-20,18,4,6,A,15,2,13,19.2,0,0
2025-06-20,18,4,6,B,15,3,12,22.3,0,0
2025-06-20,18,4,6,C,15,2,13,18.3,0,0
2025-06-20,18,4,6,D,15,5,10,34.0,0,0
2025-06-20,19,4,6,A,15,2,13,18.3,0,0
2025-06-20,19,4,6,B,15,3,12,24.8,0,0
2025-06-20,19,4,6,C,15,3,12,23.6,0,0
2025-06-20,19,4,6,D,15,1,14,10.6,0,0
2025-06-20,20,4,6,A,15,2,13,17.0,0,0
2025-06-20,20,4,6,B,15,1,14,6.8,0,0
2025-06-20,20,4,6,C,15,0,15,5.0,0,0
2025-06-20,20,4,6,D,15,1,14,13.3,0,0
2025-06-20,21,4,6,A,15,0,15,5.0,0,0
2025-06-20,21,4,6,B,15,0,15,5.0,0,0
2025-06-20,21,4,6,C,15,2,13,14.5,0,0
2025-06-20,21,4,6,D,15,0,15,5.2,0,0
2025-06-21,6,5,6,A,15,1,14,13.0,1,0
2025-06-21,6,5,6,B,15,2,13,14.6,1,0
2025-06-21,6,5,6,C,15,0,15,5.0,1,0
2025-06-21,6,5,6,D,15,1,14,10.3,1,0
2025-06-21,7,5,6,A,15,0,15,5.0,1,0
2025-06-21,7,5,6,B,15,3,12,22.8,1,0
2025-06-21,7,5,6,C,15,0,15,5.0,1,0
2025-06-21,7,5,6,D,15,1,14,12.1,1,0
2025-06-21,8,5,6,A,15,3,12,20.4,1,0
2025-06-21,8,5,6,B,15,2,13,14.4,1,0
2025-06-21,8,5,6,C,15,0,15,5.3,1,0
2025-06-21,8,5,6,D,15,1,14,8.3,1,0
2025-06-21,9,5,6,A,15,0,15,5.0,1,0
2025-06-21,9,5,6,B,15,2,13,13.7,1,0
2025-06-21,9,5,6,C,15,2,13,13.5,1,0
2025-06-21,9,5,6,D,15,1,14,10.6,1,0
2025-06-21,10,5,6,A,15,0,15,5.0,1,0
2025-06-21,10,5,6,B,15,0,15,5.0,1,0
2025-06-21,10,5,6,C,15,0,15,5.0,1,0
2025-06-21,10,5,6,D,15,1,14,11.9,1,0
2025-06-21,11,5,6,A,15,2,13,14.4,1,0
2025-06-21,11,5,6,B,15,1,14,9.1,1,0
2025-06-21,11,5,6,C,15,2,13,14.5,1,0
2025-06-21,11,5,6,D,15,0,15,5.0,1,0
2025-06-21,12,5,6,A,15,2,13,17.0,1,0
2025-06-21,12,5,6,B,15,2,13,14.3,1,0
2025-06-21,12,5,6,C,15,1,14,12.5,1,0
2025-06-21,12,5,6,D,15,1,14,6.9,1,0
2025-06-21,13,5,6,A,15,4,11,26.7,1,0
2025-06-21,13,5,6,B,15,2,13,14.4,1,0
2025-06-21,13,5,6,C,15,0,15,5.0,1,0
2025-06-21,13,5,6,D,15,1,14,10.4,1,0
2025-06-21,14,5,6,A,15,2,13,17.3,1,0
2025-06-21,14,5,6,B,15,0,15,5.1,1,0
2025-06-21,14,5,6,C,15,2,13,17.5,1,0
2025-06-21,14,5,6,D,15,1,14,10.9,1,0
2025-06-21,15,5,6,A,15,0,15,5.0,1,0
2025-06-21,15,5,6,B,15,1,14,12.2,1,0
2025-06-21,15,5,6,C,15,0,15,5.6,1,0
2025-06-21,15,5,6,D,15,1,14,12.1,1,0
2025-06-21,16,5,6,A,15,2,13,18.8,1,0
2025-06-21,16,5,6,B,15,1,14,11.4,1,0
2025-06-21,16,5,6,C,15,3,12,22.1,1,0
2025-06-21,16,5,6,D,15,0,15,6.4,1,0
2025-06-21,17,5,6,A,15,2,13,14.7,1,0
2025-06-21,17,5,6,B,15,2,13,14.8,1,0
2025-06-21,17,5,6,C,15,1,14,6.8,1,0
2025-06-21,17,5,6,D,15,1,14,13.0,1,0
2025-06-21,18,5,6,A,15,0,15,5.0,1,0
2025-06-21,18,5,6,B,15,0,15,5.0,1,0
2025-06-21,18,5,6,C,15,0,15,5.0,1,0
2025-06-21,18,5,6,D,15,1,14,8.7,1,0
2025-06-21,19,5,6,A,15,1,14,12.3,1,0
2025-06-21,19,5,6,B,15,2,13,17.8,1,0
2025-06-21,19,5,6,C,15,2,13,13.9,1,0
2025-06-21,19,5,6,D,15,0,15,5.0,1,0
2025-06-21,20,5,6,A,15,0,15,5.0,1,0
2025-06-21,20,5,6,B,15,1,14,7.0,1,0
2025-06-21,20,5,6,C,15,1,14,12.0,1,0
2025-06-21,20,5,6,D,15,1,14,8.8,1,0
2025-06-21,21,5,6,A,15,1,14,12.7,1,0
2025-06-21,21,5,6,B,15,0,15,5.0,1,0
2025-06-21,21,5,6,C,15,0,15,5.0,1,0
2025-06-21,21,5,6,D,15,0,15,5.0,1,0
2025-06-22,6,6,6,A,15,0,15,5.2,1,0
2025-06-22,6,6,6,B,15,0,15,5.0,1,0
2025-06-22,6,6,6,C,15,0,15,6.1,1,0
2025-06-22,6,6,6,D,15,0,15,5.0,1,0
2025-06-22,7,6,6,A,15,0,15,5.0,1,0
2025-06-22,7,6,6,B,15,0,15,5.0,1,0
2025-06-22,7,6,6,C,15,1,14,11.9,1,0
2025-06-22,7,6,6,D,15,0,15,5.0,1,0
2025-06-22,8,6,6,A,15,1,14,12.3,1,0
2025-06-22,8,6,6,B,15,0,15,5.9,1,0
2025-06-22,8,6,6,C,15,0,15,5.0,1,0
2025-06-22,8,6,6,D,15,2,13,20.0,1,0
2025-06-22,9,6,6,A,15,2,13,18.1,1,0
2025-06-22,9,6,6,B,15,0,15,5.0,1,0
2025-06-22,9,6,6,C,15,2,13,16.8,1,0
2025-06-22,9,6,6,D,15,2,13,16.9,1,0
2025-06-22,10,6,6,A,15,2,13,14.7,1,0
2025-06-22,10,6,6,B,15,3,12,24.7,1,0
2025-06-22,10,6,6,C,15,1,14,12.4,1,0
2025-06-22,10,6,6,D,15,0,15,5.0,1,0
2025-06-22,11,6,6,A,15,2,13,15.0,1,0
2025-06-22,11,6,6,B,15,1,14,12.5,1,0
2025-06-22,11,6,6,C,15,0,15,5.0,1,0
2025-06-22,11,6,6,D,15,1,14,13.0,1,0
2025-06-22,12,6,6,A,15,0,15,5.0,1,0
2025-06-22,12,6,6,B,15,2,13,18.4,1,0
2025-06-22,12,6,6,C,15,0,15,5.0,1,0
2025-06-22,12,6,6,D,15,0,15,5.0,1,0
2025-06-22,13,6,6,A,15,1,14,11.2,1,0
2025-06-22,13,6,6,B,15,2,13,14.0,1,0
2025-06-22,13,6,6,C,15,1,14,10.8,1,0
2025-06-22,13,6,6,D,15,0,15,5.0,1,0
2025-06-22,14,6,6,A,15,1,14,7.2,1,0
2025-06-22,14,6,6,B,15,0,15,5.0,1,0
2025-06-22,14,6,6,C,15,1,14,7.0,1,0
2025-06-22,14,6,6,D,15,2,13,16.4,1,0
2025-06-22,15,6,6,A,15,1,14,11.2,1,0
2025-06-22,15,6,6,B,15,2,13,16.7,1,0
2025-06-22,15,6,6,C,15,3,12,20.5,1,0
2025-06-22,15,6,6,D,15,0,15,5.0,1,0
2025-06-22,16,6,6,A,15,1,14,9.8,1,0
2025-06-22,16,6,6,B,15,4,11,27.2,1,0
2025-06-22,16,6,6,C,15,3,12,20.4,1,0
2025-06-22,16,6,6,D,15,0,15,5.0,1,0
2025-06-22,17,6,6,A,15,1,14,12.8,1,0
2025-06-22,17,6,6,B,15,1,14,8.4,1,0
2025-06-22,17,6,6,C,15,2,13,14.2,1,0
2025-06-22,17,6,6,D,15,0,15,5.0,1,0
2025-06-22,18,6,6,A,15,0,15,5.0,1,0
2025-06-22,18,6,6,B,15,0,15,5.0,1,0
2025-06-22,18,6,6,C,15,0,15,5.0,1,0
2025-06-22,18,6,6,D,15,1,14,13.2,1,0
2025-06-22,19,6,6,A,15,0,15,5.0,1,0
2025-06-22,19,6,6,B,15,0,15,5.0,1,0
2025-06-22,19,6,6,C,15,0,15,5.0,1,0
2025-06-22,19,6,6,D,15,2,13,14.8,1,0
2025-06-22,20,6,6,A,15,2,13,14.2,1,0
2025-06-22,20,6,6,B,15,0,15,5.0,1,0
2025-06-22,20,6,6,C,15,0,15,5.0,1,0
2025-06-22,20,6,6,D,15,0,15,6.4,1,0
2025-06-22,21,6,6,A,15,2,13,15.8,1,0
2025-06-22,21,6,6,B,15,1,14,6.8,1,0
2025-06-22,21,6,6,C,15,0,15,5.0,1,0
2025-06-22,21,6,6,D,15,0,15,5.0,1,0
2025-06-23,6,0,6,A,15,1,14,7.2,0,0
2025-06-23,6,0,6,B,15,2,13,14.6,0,0
2025-06-23,6,0,6,C,15,1,14,7.4,0,0
2025-06-23,6,0,6,D,15,1,14,12.8,0,0
2025-06-23,7,0,6,A,15,1,14,11.7,0,0
2025-06-23,7,0,6,B,15,0,15,5.5,0,0
2025-06-23,7,0,6,C,15,0,15,5.0,0,0
2025-06-23,7,0,6,D,15,3,12,23.7,0,0
2025-06-23,8,0,6,A,15,6,9,46.2,0,0
2025-06-23,8,0,6,B,15,7,8,47.8,0,0
2025-06-23,8,0,6,C,15,5,10,34.9,0,0
2025-06-23,8,0,6,D,15,3,12,23.8,0,0
2025-06-23,9,0,6,A,15,7,8,49.7,0,0
2025-06-23,9,0,6,B,15,5,10,33.7,0,0
2025-06-23,9,0,6,C,15,4,11,32.4,0,0
2025-06-23,9,0,6,D,15,4,11,26.9,0,0
2025-06-23,10,0,6,A,15,2,13,15.5,0,0
2025-06-23,10,0,6,B,15,7,8,46.8,0,0
2025-06-23,10,0,6,C,15,5,10,34.5,0,0
2025-06-23,10,0,6,D,15,4,11,29.8,0,0
2025-06-23,11,0,6,A,15,5,10,34.0,0,0
2025-06-23,11,0,6,B,15,4,11,31.3,0,0
2025-06-23,11,0,6,C,15,3,12,22.2,0,0
2025-06-23,11,0,6,D,15,4,11,28.9,0,0
2025-06-23,12,0,6,A,15,3,12,24.0,0,0
2025-06-23,12,0,6,B,15,4,11,31.5,0,0
2025-06-23,12,0,6,C,15,4,11,31.5,0,0
2025-06-23,12,0,6,D,15,3,12,22.4,0,0
2025-06-23,13,0,6,A,15,5,10,37.5,0,0
2025-06-23,13,0,6,B,15,3,12,22.1,0,0
2025-06-23,13,0,6,C,15,2,13,19.3,0,0
2025-06-23,13,0,6,D,15,3,12,25.9,0,0
2025-06-23,14,0,6,A,15,5,10,37.6,0,0
2025-06-23,14,0,6,B,15,1,14,13.0,0,0
2025-06-23,14,0,6,C,15,4,11,29.4,0,0
2025-06-23,14,0,6,D,15,2,13,18.1,0,0
2025-06-23,15,0,6,A,15,4,11,30.7,0,0
2025-06-23,15,0,6,B,15,2,13,17.3,0,0
2025-06-23,15,0,6,C,15,2,13,18.4,0,0
2025-06-23,15,0,6,D,15,4,11,30.1,0,0
2025-06-23,16,0,6,A,15,4,11,32.5,0,0
2025-06-23,16,0,6,B,15,3,12,24.9,0,0
2025-06-23,16,0,6,C,15,3,12,24.3,0,0
2025-06-23,16,0,6,D,15,3,12,26.3,0,0
2025-06-23,17,0,6,A,15,4,11,31.1,0,0
2025-06-23,17,0,6,B,15,3,12,23.4,0,0
2025-06-23,17,0,6,C,15,4,11,30.3,0,0
2025-06-23,17,0,6,D,15,4,11,27.0,0,0
2025-06-23,18,0,6,A,15,4,11,30.9,0,0
2025-06-23,18,0,6,B,15,3,12,24.4,0,0
2025-06-23,18,0,6,C,15,4,11,26.9,0,0
2025-06-23,18,0,6,D,15,3,12,21.7,0,0
2025-06-23,19,0,6,A,15,5,10,36.1,0,0
2025-06-23,19,0,6,B,15,4,11,31.2,0,0
2025-06-23,19,0,6,C,15,2,13,13.5,0,0
2025-06-23,19,0,6,D,15,1,14,10.5,0,0
2025-06-23,20,0,6,A,15,0,15,5.9,0,0
2025-06-23,20,0,6,B,15,2,13,17.8,0,0
2025-06-23,20,0,6,C,15,0,15,5.0,0,0
2025-06-23,20,0,6,D,15,1,14,11.2,0,0
2025-06-23,21,0,6,A,15,2,13,14.4,0,0
2025-06-23,21,0,6,B,15,2,13,19.3,0,0
2025-06-23,21,0,6,C,15,1,14,10.4,0,0
2025-06-23,21,0,6,D,15,0,15,5.0,0,0
2025-06-24,6,1,6,A,15,1,14,8.4,0,0
2025-06-24,6,1,6,B,15,0,15,5.0,0,0
2025-06-24,6,1,6,C,15,1,14,8.3,0,0
2025-06-24,6,1,6,D,15,1,14,9.7,0,0
2025-06-24,7,1,6,A,15,1,14,6.8,0,0
2025-06-24,7,1,6,B,15,3,12,25.8,0,0
2025-06-24,7,1,6,C,15,0,15,5.0,0,0
2025-06-24,7,1,6,D,15,3,12,22.0,0,0
2025-06-24,8,1,6,A,15,7,8,48.6,0,0
2025-06-24,8,1,6,B,15,6,9,41.2,0,0
2025-06-24,8,1,6,C,15,3,12,25.0,0,0
2025-06-24,8,1,6,D,15,4,11,29.9,0,0
2025-06-24,9,1,6,A,15,4,11,28.9,0,0
2025-06-24,9,1,6,B,15,6,9,41.3,0,0
2025-06-24,9,1,6,C,15,4,11,30.0,0,0
2025-06-24,9,1,6,D,15,3,12,23.9,0,0
2025-06-24,10,1,6,A,15,4,11,29.3,0,0
2025-06-24,10,1,6,B,15,2,13,14.2,0,0
2025-06-24,10,1,6,C,15,3,12,22.3,0,0
2025-06-24,10,1,6,D,15,5,10,36.1,0,0
2025-06-24,11,1,6,A,15,4,11,31.3,0,0
2025-06-24,11,1,6,B,15,4,11,28.6,0,0
2025-06-24,11,1,6,C,15,4,11,32.2,0,0
2025-06-24,11,1,6,D,15,5,10,38.4,0,0
2025-06-24,12,1,6,A,15,6,9,45.1,0,0
2025-06-24,12,1,6,B,15,3,12,22.2,0,0
2025-06-24,12,1,6,C,15,1,14,11.5,0,0
2025-06-24,12,1,6,D,15,6,9,42.9,0,0
2025-06-24,13,1,6,A,15,7,8,52.7,0,0
2025-06-24,13,1,6,B,15,4,11,31.5,0,0
2025-06-24,13,1,6,C,15,2,13,16.8,0,0
2025-06-24,13,1,6,D,15,4,11,31.7,0,0
2025-06-24,14,1,6,A,15,4,11,31.3,0,0
2025-06-24,14,1,6,B,15,4,11,27.1,0,0
2025-06-24,14,1,6,C,15,4,11,32.4,0,0
2025-06-24,14,1,6,D,15,3,12,25.1,0,0
2025-06-24,15,1,6,A,15,3,12,22.7,0,0
2025-06-24,15,1,6,B,15,3,12,25.4,0,0
2025-06-24,15,1,6,C,15,4,11,30.5,0,0
2025-06-24,15,1,6,D,15,3,12,26.5,0,0
2025-06-24,16,1,6,A,15,5,10,34.3,0,0
2025-06-24,16,1,6,B,15,5,10,35.5,0,0
2025-06-24,16,1,6,C,15,3,12,22.3,0,0
2025-06-24,16,1,6,D,15,3,12,23.8,0,0
2025-06-24,17,1,6,A,15,0,15,5.0,0,0
2025-06-24,17,1,6,B,15,3,12,20.4,0,0
2025-06-24,17,1,6,C,15,4,11,27.7,0,0
2025-06-24,17,1,6,D,15,2,13,16.1,0,0
2025-06-24,18,1,6,A,15,3,12,23.9,0,0
2025-06-24,18,1,6,B,15,2,13,15.7,0,0
2025-06-24,18,1,6,C,15,4,11,29.6,0,0
2025-06-24,18,1,6,D,15,3,12,23.6,0,0
2025-06-24,19,1,6,A,15,5,10,34.2,0,0
2025-06-24,19,1,6,B,15,1,14,10.2,0,0
2025-06-24,19,1,6,C,15,3,12,20.3,0,0
2025-06-24,19,1,6,D,15,2,13,17.0,0,0
2025-06-24,20,1,6,A,15,1,14,9.3,0,0
2025-06-24,20,1,6,B,15,0,15,5.1,0,0
2025-06-24,20,1,6,C,15,0,15,6.2,0,0
2025-06-24,20,1,6,D,15,2,13,14.8,0,0
2025-06-24,21,1,6,A,15,0,15,5.0,0,0
2025-06-24,21,1,6,B,15,3,12,24.2,0,0
2025-06-24,21,1,6,C,15,1,14,12.9,0,0
2025-06-24,21,1,6,D,15,1,14,7.7,0,0
2025-06-25,6,2,6,A,15,3,12,23.4,0,0
2025-06-25,6,2,6,B,15,0,15,5.0,0,0
2025-06-25,6,2,6,C,15,1,14,7.3,0,0
2025-06-25,6,2,6,D,15,1,14,10.2,0,0
2025-06-25,7,2,6,A,15,4,11,27.0,0,0
2025-06-25,7,2,6,B,15,2,13,13.6,0,0
2025-06-25,7,2,6,C,15,2,13,16.2,0,0
2025-06-25,7,2,6,D,15,0,15,6.5,0,0
2025-06-25,8,2,6,A,15,6,9,43.0,0,0
2025-06-25,8,2,6,B,15,7,8,47.4,0,0
2025-06-25,8,2,6,C,15,5,10,38.6,0,0
2025-06-25,8,2,6,D,15,3,12,26.5,0,0
2025-06-25,9,2,6,A,15,6,9,44.5,0,0
2025-06-25,9,2,6,B,15,5,10,38.6,0,0
2025-06-25,9,2,6,C,15,5,10,34.7,0,0
2025-06-25,9,2,6,D,15,5,10,36.1,0,0
2025-06-25,10,2,6,A,15,7,8,47.9,0,0
2025-06-25,10,2,6,B,15,4,11,33.0,0,0
2025-06-25,10,2,6,C,15,5,10,35.7,0,0
2025-06-25,10,2,6,D,15,3,12,24.1,0,0
2025-06-25,11,2,6,A,15,4,11,27.1,0,0
2025-06-25,11,2,6,B,15,4,11,27.8,0,0
2025-06-25,11,2,6,C,15,3,12,26.4,0,0
2025-06-25,11,2,6,D,15,1,14,10.7,0,0
2025-06-25,12,2,6,A,15,6,9,41.4,0,0
2025-06-25,12,2,6,B,15,1,14,7.9,0,0
2025-06-25,12,2,6,C,15,7,8,48.7,0,0
2025-06-25,12,2,6,D,15,5,10,36.0,0,0
2025-06-25,13,2,6,A,15,4,11,32.4,0,0
2025-06-25,13,2,6,B,15,4,11,30.1,0,0
2025-06-25,13,2,6,C,15,4,11,29.4,0,0
2025-06-25,13,2,6,D,15,2,13,19.3,0,0
2025-06-25,14,2,6,A,15,5,10,33.7,0,0
2025-06-25,14,2,6,B,15,4,11,26.8,0,0
2025-06-25,14,2,6,C,15,3,12,24.4,0,0
2025-06-25,14,2,6,D,15,3,12,23.9,0,0
2025-06-25,15,2,6,A,15,3,12,21.7,0,0
2025-06-25,15,2,6,B,15,4,11,28.3,0,0
2025-06-25,15,2,6,C,15,3,12,26.5,0,0
2025-06-25,15,2,6,D,15,3,12,23.4,0,0
2025-06-25,16,2,6,A,15,4,11,30.5,0,0
2025-06-25,16,2,6,B,15,5,10,37.1,0,0
2025-06-25,16,2,6,C,15,3,12,22.4,0,0
2025-06-25,16,2,6,D,15,3,12,24.2,0,0
2025-06-25,17,2,6,A,15,5,10,38.0,0,0
2025-06-25,17,2,6,B,15,3,12,23.4,0,0
2025-06-25,17,2,6,C,15,3,12,23.3,0,0
2025-06-25,17,2,6,D,15,2,13,18.4,0,0
2025-06-25,18,2,6,A,15,5,10,37.5,0,0
2025-06-25,18,2,6,B,15,3,12,21.9,0,0
2025-06-25,18,2,6,C,15,4,11,31.9,0,0
2025-06-25,18,2,6,D,15,2,13,18.4,0,0
2025-06-25,19,2,6,A,15,3,12,20.7,0,0
2025-06-25,19,2,6,B,15,4,11,29.4,0,0
2025-06-25,19,2,6,C,15,2,13,19.2,0,0
2025-06-25,19,2,6,D,15,3,12,24.2,0,0
2025-06-25,20,2,6,A,15,0,15,5.0,0,0
2025-06-25,20,2,6,B,15,1,14,10.0,0,0
2025-06-25,20,2,6,C,15,0,15,5.3,0,0
2025-06-25,20,2,6,D,15,0,15,5.0,0,0
2025-06-25,21,2,6,A,15,1,14,7.1,0,0
2025-06-25,21,2,6,B,15,0,15,5.4,0,0
2025-06-25,21,2,6,C,15,1,14,8.6,0,0
2025-06-25,21,2,6,D,15,0,15,5.0,0,0
2025-06-26,6,3,6,A,15,2,13,18.6,0,0
2025-06-26,6,3,6,B,15,3,12,24.9,0,0
2025-06-26,6,3,6,C,15,2,13,14.8,0,0
2025-06-26,6,3,6,D,15,2,13,17.7,0,0
2025-06-26,7,3,6,A,15,3,12,24.9,0,0
2025-06-26,7,3,6,B,15,3,12,23.9,0,0
2025-06-26,7,3,6,C,15,4,11,27.6,0,0
2025-06-26,7,3,6,D,15,1,14,7.2,0,0
2025-06-26,8,3,6,A,15,5,10,33.4,0,0
2025-06-26,8,3,6,B,15,6,9,40.3,0,0
2025-06-26,8,3,6,C,15,5,10,36.3,0,0
2025-06-26,8,3,6,D,15,5,10,33.4,0,0
2025-06-26,9,3,6,A,15,8,7,54.2,0,0
2025-06-26,9,3,6,B,15,5,10,34.1,0,0
2025-06-26,9,3,6,C,15,5,10,34.0,0,0
2025-06-26,9,3,6,D,15,2,13,19.4,0,0
2025-06-26,10,3,6,A,15,8,7,56.2,0,0
2025-06-26,10,3,6,B,15,4,11,31.3,0,0
2025-06-26,10,3,6,C,15,4,11,28.1,0,0
2025-06-26,10,3,6,D,15,3,12,24.4,0,0
2025-06-26,11,3,6,A,15,4,11,29.3,0,0
2025-06-26,11,3,6,B,15,3,12,24.2,0,0
2025-06-26,11,3,6,C,15,3,12,22.8,0,0
2025-06-26,11,3,6,D,15,1,14,13.1,0,0
2025-06-26,12,3,6,A,15,4,11,28.2,0,0
2025-06-26,12,3,6,B,15,6,9,45.6,0,0
2025-06-26,12,3,6,C,15,4,11,32.9,0,0
2025-06-26,12,3,6,D,15,4,11,31.4,0,0
2025-06-26,13,3,6,A,15,6,9,43.9,0,0
2025-06-26,13,3,6,B,15,6,9,44.7,0,0
2025-06-26,13,3,6,C,15,1,14,12.8,0,0
2025-06-26,13,3,6,D,15,2,13,14.2,0,0
2025-06-26,14,3,6,A,15,3,12,25.8,0,0
2025-06-26,14,3,6,B,15,3,12,24.2,0,0
2025-06-26,14,3,6,C,15,3,12,22.8,0,0
2025-06-26,14,3,6,D,15,2,13,18.8,0,0
2025-06-26,15,3,6,A,15,5,10,34.0,0,0
2025-06-26,15,3,6,B,15,4,11,28.3,0,0
2025-06-26,15,3,6,C,15,2,13,19.4,0,0
2025-06-26,15,3,6,D,15,0,15,5.0,0,0
2025-06-26,16,3,6,A,15,3,12,24.3,0,0
2025-06-26,16,3,6,B,15,3,12,23.6,0,0
2025-06-26,16,3,6,C,15,3,12,23.2,0,0
2025-06-26,16,3,6,D,15,2,13,13.4,0,0
2025-06-26,17,3,6,A,15,3,12,23.7,0,0
2025-06-26,17,3,6,B,15,2,13,15.0,0,0
2025-06-26,17,3,6,C,15,3,12,20.6,0,0
2025-06-26,17,3,6,D,15,1,14,10.6,0,0
2025-06-26,18,3,6,A,15,3,12,20.8,0,0
2025-06-26,18,3,6,B,15,2,13,13.5,0,0
2025-06-26,18,3,6,C,15,3,12,20.4,0,0
2025-06-26,18,3,6,D,15,1,14,12.3,0,0
2025-06-26,19,3,6,A,15,5,10,34.9,0,0
2025-06-26,19,3,6,B,15,4,11,27.2,0,0
2025-06-26,19,3,6,C,15,3,12,21.0,0,0
2025-06-26,19,3,6,D,15,1,14,12.8,0,0
2025-06-26,20,3,6,A,15,2,13,14.5,0,0
2025-06-26,20,3,6,B,15,2,13,15.5,0,0
2025-06-26,20,3,6,C,15,1,14,10.1,0,0
2025-06-26,20,3,6,D,15,3,12,20.8,0,0
2025-06-26,21,3,6,A,15,2,13,15.2,0,0
2025-06-26,21,3,6,B,15,2,13,17.3,0,0
2025-06-26,21,3,6,C,15,1,14,10.1,0,0
2025-06-26,21,3,6,D,15,2,13,13.4,0,0
2025-06-27,6,4,6,A,15,1,14,9.7,0,0
2025-06-27,6,4,6,B,15,1,14,10.3,0,0
2025-06-27,6,4,6,C,15,2,13,15.4,0,0
2025-06-27,6,4,6,D,15,2,13,13.9,0,0
2025-06-27,7,4,6,A,15,3,12,20.2,0,0
2025-06-27,7,4,6,B,15,3,12,22.8,0,0
2025-06-27,7,4,6,C,15,0,15,5.0,0,0
2025-06-27,7,4,6,D,15,0,15,5.0,0,0
2025-06-27,8,4,6,A,15,6,9,40.9,0,0
2025-06-27,8,4,6,B,15,4,11,28.2,0,0
2025-06-27,8,4,6,C,15,8,7,57.6,0,0
2025-06-27,8,4,6,D,15,4,11,31.3,0,0
2025-06-27,9,4,6,A,15,5,10,38.5,0,0
2025-06-27,9,4,6,B,15,4,11,29.9,0,0
2025-06-27,9,4,6,C,15,4,11,26.8,0,0
2025-06-27,9,4,6,D,15,4,11,27.4,0,0
2025-06-27,10,4,6,A,15,5,10,40.0,0,0
2025-06-27,10,4,6,B,15,4,11,30.3,0,0
2025-06-27,10,4,6,C,15,4,11,28.4,0,0
2025-06-27,10,4,6,D,15,5,10,38.0,0,0
2025-06-27,11,4,6,A,15,6,9,45.6,0,0
2025-06-27,11,4,6,B,15,4,11,32.0,0,0
2025-06-27,11,4,6,C,15,2,13,16.3,0,0
2025-06-27,11,4,6,D,15,4,11,28.3,0,0
2025-06-27,12,4,6,A,15,7,8,46.9,0,0
2025-06-27,12,4,6,B,15,6,9,41.0,0,0
2025-06-27,12,4,6,C,15,4,11,32.9,0,0
2025-06-27,12,4,6,D,15,5,10,35.4,0,0
2025-06-27,13,4,6,A,15,5,10,34.9,0,0
2025-06-27,13,4,6,B,15,5,10,35.0,0,0
2025-06-27,13,4,6,C,15,3,12,21.6,0,0
2025-06-27,13,4,6,D,15,3,12,26.3,0,0
2025-06-27,14,4,6,A,15,6,9,42.8,0,0
2025-06-27,14,4,6,B,15,3,12,23.3,0,0
2025-06-27,14,4,6,C,15,2,13,18.3,0,0
2025-06-27,14,4,6,D,15,3,12,23.2,0,0
2025-06-27,15,4,6,A,15,4,11,30.4,0,0
2025-06-27,15,4,6,B,15,4,11,33.2,0,0
2025-06-27,15,4,6,C,15,3,12,21.6,0,0
2025-06-27,15,4,6,D,15,5,10,36.1,0,0
2025-06-27,16,4,6,A,15,3,12,21.9,0,0
2025-06-27,16,4,6,B,15,5,10,38.0,0,0
2025-06-27,16,4,6,C,15,2,13,19.1,0,0
2025-06-27,16,4,6,D,15,1,14,8.0,0,0
2025-06-27,17,4,6,A,15,4,11,29.5,0,0
2025-06-27,17,4,6,B,15,3,12,22.0,0,0
2025-06-27,17,4,6,C,15,1,14,12.7,0,0
2025-06-27,17,4,6,D,15,0,15,5.7,0,0
2025-06-27,18,4,6,A,15,4,11,27.5,0,0
2025-06-27,18,4,6,B,15,4,11,31.8,0,0
2025-06-27,18,4,6,C,15,3,12,26.3,0,0
2025-06-27,18,4,6,D,15,2,13,19.7,0,0
2025-06-27,19,4,6,A,15,4,11,31.4,0,0
2025-06-27,19,4,6,B,15,3,12,23.8,0,0
2025-06-27,19,4,6,C,15,1,14,10.2,0,0
2025-06-27,19,4,6,D,15,1,14,7.8,0,0
2025-06-27,20,4,6,A,15,1,14,9.9,0,0
2025-06-27,20,4,6,B,15,1,14,8.7,0,0
2025-06-27,20,4,6,C,15,2,13,15.8,0,0
2025-06-27,20,4,6,D,15,2,13,14.1,0,0
2025-06-27,21,4,6,A,15,2,13,16.3,0,0
2025-06-27,21,4,6,B,15,1,14,7.8,0,0
2025-06-27,21,4,6,C,15,0,15,5.0,0,0
2025-06-27,21,4,6,D,15,1,14,11.3,0,0
2025-06-28,6,5,6,A,15,1,14,9.8,1,0
2025-06-28,6,5,6,B,15,0,15,5.0,1,0
2025-06-28,6,5,6,C,15,0,15,5.0,1,0
2025-06-28,6,5,6,D,15,0,15,5.0,1,0
2025-06-28,7,5,6,A,15,0,15,6.6,1,0
2025-06-28,7,5,6,B,15,0,15,5.0,1,0
2025-06-28,7,5,6,C,15,0,15,5.0,1,0
2025-06-28,7,5,6,D,15,0,15,5.0,1,0
2025-06-28,8,5,6,A,15,1,14,12.4,1,0
2025-06-28,8,5,6,B,15,0,15,6.2,1,0
2025-06-28,8,5,6,C,15,0,15,5.6,1,0
2025-06-28,8,5,6,D,15,0,15,5.0,1,0
2025-06-28,9,5,6,A,15,2,13,16.7,1,0
2025-06-28,9,5,6,B,15,2,13,16.5,1,0
2025-06-28,9,5,6,C,15,0,15,5.0,1,0
2025-06-28,9,5,6,D,15,3,12,21.7,1,0
2025-06-28,10,5,6,A,15,1,14,11.2,1,0
2025-06-28,10,5,6,B,15,3,12,24.1,1,0
2025-06-28,10,5,6,C,15,0,15,5.6,1,0
2025-06-28,10,5,6,D,15,0,15,5.0,1,0
2025-06-28,11,5,6,A,15,2,13,15.3,1,0
2025-06-28,11,5,6,B,15,1,14,12.5,1,0
2025-06-28,11,5,6,C,15,1,14,9.7,1,0
2025-06-28,11,5,6,D,15,0,15,5.0,1,0
2025-06-28,12,5,6,A,15,1,14,11.8,1,0
2025-06-28,12,5,6,B,15,0,15,6.4,1,0
2025-06-28,12,5,6,C,15,1,14,7.0,1,0
2025-06-28,12,5,6,D,15,2,13,15.1,1,0
2025-06-28,13,5,6,A,15,2,13,13.5,1,0
2025-06-28,13,5,6,B,15,2,13,15.4,1,0
2025-06-28,13,5,6,C,15,1,14,7.6,1,0
2025-06-28,13,5,6,D,15,0,15,5.7,1,0
2025-06-28,14,5,6,A,15,0,15,5.0,1,0
2025-06-28,14,5,6,B,15,1,14,6.8,1,0
2025-06-28,14,5,6,C,15,0,15,5.0,1,0
2025-06-28,14,5,6,D,15,0,15,5.0,1,0
2025-06-28,15,5,6,A,15,1,14,10.6,1,0
2025-06-28,15,5,6,B,15,2,13,14.3,1,0
2025-06-28,15,5,6,C,15,1,14,6.7,1,0
2025-06-28,15,5,6,D,15,1,14,10.6,1,0
2025-06-28,16,5,6,A,15,0,15,5.0,1,0
2025-06-28,16,5,6,B,15,1,14,9.3,1,0
2025-06-28,16,5,6,C,15,0,15,5.0,1,0
2025-06-28,16,5,6,D,15,0,15,5.0,1,0
2025-06-28,17,5,6,A,15,1,14,8.2,1,0
2025-06-28,17,5,6,B,15,2,13,18.6,1,0
2025-06-28,17,5,6,C,15,1,14,10.5,1,0
2025-06-28,17,5,6,D,15,1,14,6.9,1,0
2025-06-28,18,5,6,A,15,1,14,9.5,1,0
2025-06-28,18,5,6,B,15,0,15,5.0,1,0
2025-06-28,18,5,6,C,15,0,15,5.0,1,0
2025-06-28,18,5,6,D,15,1,14,10.1,1,0
2025-06-28,19,5,6,A,15,0,15,5.0,1,0
2025-06-28,19,5,6,B,15,1,14,13.1,1,0
2025-06-28,19,5,6,C,15,0,15,5.0,1,0
2025-06-28,19,5,6,D,15,1,14,13.3,1,0
2025-06-28,20,5,6,A,15,1,14,11.7,1,0
2025-06-28,20,5,6,B,15,0,15,5.0,1,0
2025-06-28,20,5,6,C,15,0,15,5.0,1,0
2025-06-28,20,5,6,D,15,0,15,5.0,1,0
2025-06-28,21,5,6,A,15,0,15,5.0,1,0
2025-06-28,21,5,6,B,15,0,15,5.0,1,0
2025-06-28,21,5,6,C,15,3,12,22.7,1,0
2025-06-28,21,5,6,D,15,1,14,7.7,1,0
2025-06-29,6,6,6,A,15,3,12,21.0,1,0
2025-06-29,6,6,6,B,15,1,14,11.5,1,0
2025-06-29,6,6,6,C,15,0,15,5.0,1,0
2025-06-29,6,6,6,D,15,0,15,5.0,1,0
2025-06-29,7,6,6,A,15,1,14,10.3,1,0
2025-06-29,7,6,6,B,15,1,14,8.4,1,0
2025-06-29,7,6,6,C,15,0,15,5.0,1,0
2025-06-29,7,6,6,D,15,0,15,5.0,1,0
2025-06-29,8,6,6,A,15,5,10,40.0,1,0
2025-06-29,8,6,6,B,15,1,14,10.8,1,0
2025-06-29,8,6,6,C,15,1,14,8.1,1,0
2025-06-29,8,6,6,D,15,1,14,10.4,1,0
2025-06-29,9,6,6,A,15,1,14,11.7,1,0
2025-06-29,9,6,6,B,15,1,14,12.9,1,0
2025-06-29,9,6,6,C,15,3,12,21.0,1,0
2025-06-29,9,6,6,D,15,1,14,8.5,1,0
2025-06-29,10,6,6,A,15,0,15,5.0,1,0
2025-06-29,10,6,6,B,15,1,14,10.6,1,0
2025-06-29,10,6,6,C,15,1,14,7.0,1,0
2025-06-29,10,6,6,D,15,3,12,20.9,1,0
2025-06-29,11,6,6,A,15,3,12,21.4,1,0
2025-06-29,11,6,6,B,15,1,14,11.4,1,0
2025-06-29,11,6,6,C,15,0,15,5.0,1,0
2025-06-29,11,6,6,D,15,0,15,5.0,1,0
2025-06-29,12,6,6,A,15,1,14,12.2,1,0
2025-06-29,12,6,6,B,15,1,14,13.2,1,0
2025-06-29,12,6,6,C,15,0,15,6.5,1,0
2025-06-29,12,6,6,D,15,0,15,5.0,1,0
2025-06-29,13,6,6,A,15,1,14,7.3,1,0
2025-06-29,13,6,6,B,15,1,14,10.3,1,0
2025-06-29,13,6,6,C,15,0,15,5.0,1,0
2025-06-29,13,6,6,D,15,0,15,5.0,1,0
2025-06-29,14,6,6,A,15,0,15,6.3,1,0
2025-06-29,14,6,6,B,15,2,13,19.5,1,0
2025-06-29,14,6,6,C,15,0,15,5.0,1,0
2025-06-29,14,6,6,D,15,1,14,9.3,1,0
2025-06-29,15,6,6,A,15,1,14,13.1,1,0
2025-06-29,15,6,6,B,15,3,12,20.2,1,0
2025-06-29,15,6,6,C,15,2,13,18.9,1,0
2025-06-29,15,6,6,D,15,1,14,7.4,1,0
2025-06-29,16,6,6,A,15,1,14,7.5,1,0
2025-06-29,16,6,6,B,15,0,15,5.0,1,0
2025-06-29,16,6,6,C,15,1,14,6.9,1,0
2025-06-29,16,6,6,D,15,0,15,5.0,1,0
2025-06-29,17,6,6,A,15,2,13,14.1,1,0
2025-06-29,17,6,6,B,15,1,14,11.8,1,0
2025-06-29,17,6,6,C,15,1,14,12.3,1,0
2025-06-29,17,6,6,D,15,2,13,16.8,1,0
2025-06-29,18,6,6,A,15,3,12,24.6,1,0
2025-06-29,18,6,6,B,15,1,14,9.4,1,0
2025-06-29,18,6,6,C,15,2,13,16.4,1,0
2025-06-29,18,6,6,D,15,0,15,5.0,1,0
2025-06-29,19,6,6,A,15,2,13,19.1,1,0
2025-06-29,19,6,6,B,15,2,13,16.9,1,0
2025-06-29,19,6,6,C,15,2,13,15.6,1,0
2025-06-29,19,6,6,D,15,1,14,7.5,1,0
2025-06-29,20,6,6,A,15,0,15,5.0,1,0
2025-06-29,20,6,6,B,15,0,15,5.0,1,0
2025-06-29,20,6,6,C,15,0,15,5.0,1,0
2025-06-29,20,6,6,D,15,2,13,15.1,1,0
2025-06-29,21,6,6,A,15,0,15,5.0,1,0
2025-06-29,21,6,6,B,15,1,14,9.8,1,0
2025-06-29,21,6,6,C,15,1,14,9.9,1,0
2025-06-29,21,6,6,D,15,0,15,5.0,1,0
